b,C_main,C_treat_HT,C_treat_HTCT,C_cont_recept,C_mki67,C_imm_sig,C_imm_cyt,C_imm_pdl1,C_mki67_imm,C_cox6
0,0.6449157389888679,0.645388744664936,0.6457150819143163,0.6408603569909506,0.6538405127528197,0.647255100394538,0.6483917807013684,0.644013728164738,0.656971883662604,0.6459277511330136
1,0.636103610282985,0.6214275680147345,0.6237766712972357,0.63793372563098,0.6534331246975822,0.6383239421230898,0.6382302901649836,0.6360762951285374,0.6549939906660215,0.6468111508264786
2,0.6395205668769003,0.6376485664748599,0.6390180164333995,0.645894581668635,0.6645475789632385,0.6430719233443056,0.6465143938822859,0.6374349825363721,0.6659295926828656,0.6428206481225553
3,0.6573020664035292,0.6575142310432895,0.6549402336212902,0.6687749693762359,0.6728901627663066,0.659495768716524,0.6602563589345332,0.65563677413673,0.6730502870227296,0.6509851644876424
4,0.643446967369262,0.6425597615682419,0.644092207951822,0.6457629201745222,0.6539129232470964,0.6525609905979229,0.6540665519572297,0.643619799668162,0.6606879493639771,0.6479406071406625
5,0.660376561323726,0.6432961022599825,0.6404615219161456,0.6589669529413572,0.6792622409316474,0.6677626019757563,0.6684846901934275,0.6607107191691376,0.6850696738312158,0.6722986987048503
6,0.674909723481788,0.674468646429337,0.6754621003512128,0.6717150065131005,0.6712285850907712,0.6737678698039474,0.6770161755734002,0.6704288752947384,0.6731660263492011,0.6634004979636255
7,0.6637153154717964,0.6635589908376395,0.6652351383038777,0.6553910287029397,0.6743323635416214,0.6644925962916323,0.6666550870641366,0.6640844153024448,0.676069303921143,0.6711059967866603
8,0.647107450668218,0.6476126326102598,0.6344587664375488,0.6503987875633391,0.6629671019395925,0.6526567977588292,0.6516005082436508,0.6407620593052983,0.6677510218452919,0.6495491633880869
9,0.6525094026772355,0.6524082986209406,0.6528369798196304,0.6539733894123833,0.6660977878432482,0.6605977271808144,0.6615845027702512,0.6533586767501112,0.6729809519957941,0.6560116471872851
10,0.6571807331699606,0.6498582337345166,0.6524300996127564,0.655420155064694,0.6787885884429129,0.6615089952577302,0.6624206485283909,0.6560390756337663,0.6828115721418834,0.6544374095665046
11,0.6346008894248888,0.627673927790759,0.6272669028416371,0.6488354563955679,0.6464460691942413,0.6427903821512022,0.6439285445089319,0.6357880455264943,0.6521519559810055,0.6329501771312278
12,0.6300754726099669,0.6192217541542154,0.6215978928884986,0.630425852389429,0.6485650538457202,0.640437853903714,0.6394954531175746,0.6305063994651674,0.6565714331741186,0.6386376267609605
13,0.6428998911860718,0.6432418778175035,0.6403660811441008,0.6409451266905021,0.6548499922275766,0.6477226799316027,0.6485154671226488,0.6416990517643402,0.6595212187159957,0.6530895383180476
14,0.6517289379607074,0.6479602328450758,0.6485376000506184,0.654963776139707,0.6612831788414693,0.6558812363567338,0.6570676073270271,0.6521164858110032,0.6651665664842292,0.6534610395773356
15,0.6646790729874069,0.6638796400079119,0.6617162260170106,0.6692902353794422,0.6792295773719259,0.6654331772928067,0.6682188303553768,0.6640321091844136,0.6791059537153029,0.6639373310476693
16,0.6341358139234685,0.635390362165084,0.6314814964219154,0.6404730978063559,0.6550274709759659,0.6259751994772044,0.6277017160283666,0.6316952940322229,0.6475889277041363,0.6313846824097008
17,0.6560997583848642,0.6566812727793931,0.6573405954379786,0.6514763094311806,0.6633768786600598,0.661747000286662,0.6612310086408125,0.6561939473360907,0.6673000532372333,0.6560178549490151
18,0.6336345034079112,0.6287031882400734,0.629696221958082,0.6284549298105713,0.6476460587093571,0.6405970239080391,0.6419511607962325,0.6334727592795992,0.6547101394760995,0.6308284308562659
19,0.6558498766592271,0.6534375996375291,0.6500981691866221,0.6444513433236563,0.6667281972109882,0.6552080012082362,0.6555855750029367,0.656214864660771,0.6665184339917102,0.6665729724287225
20,0.6653940973445094,0.6602979502711841,0.6624533352116644,0.6649362541381982,0.6852151863069662,0.672473057688244,0.676128759597098,0.6641121363668381,0.6909980981897584,0.6629569627386067
21,0.6860794247148224,0.6841286571579144,0.6823436410927698,0.6829471465243188,0.7100283902555123,0.6834486510378593,0.6819696377267396,0.6833551501963517,0.7068408615677542,0.6857394216547948
22,0.6606940299809783,0.6606155000610788,0.6580807287576567,0.6612917299268799,0.6746156396698253,0.667111669546097,0.6673123571191735,0.660890354780727,0.6812208784880373,0.6661562221873201
23,0.625627925684407,0.6236767562664202,0.6239719990072997,0.6230819919043584,0.6427562835357243,0.630749745406622,0.631836581003483,0.6244170025587704,0.6459140971990449,0.6384645665922142
24,0.6785399137038556,0.6702854998853554,0.6682531631497398,0.6779875350013549,0.6934819313104924,0.6774594748580839,0.677862468125317,0.6753611306045594,0.6924605518228497,0.6696879581442855
25,0.6649626839482489,0.6628921694780432,0.6629779535050574,0.6654734888363787,0.6716577373293093,0.6682731675362048,0.6700512364597712,0.665192741111605,0.6734436048007861,0.6642608146363147
26,0.6444641396236706,0.6397319495019169,0.6418694557179294,0.6500906334718234,0.6530342161407786,0.6529540095285455,0.6523283979531272,0.6425512119219109,0.6594908484255442,0.6402452718202088
27,0.6521284247695024,0.6334556659909762,0.6368640881449029,0.6543271431373832,0.6767557052246126,0.6610540770287059,0.6626152488066436,0.6515889622703197,0.6833927286994049,0.655945530634931
28,0.6407113462669018,0.6422524565381709,0.6437599731250525,0.6412866381120349,0.6472495170907869,0.6509280255312001,0.6524901318552112,0.6419585117997817,0.6569077013521458,0.6401738473167045
29,0.6505084825562234,0.6510695396977354,0.6545300459831448,0.6551107205072271,0.6658296583436651,0.6555893846419435,0.6571823161066558,0.654373106922582,0.6704672075832954,0.6453373405106797
30,0.6523773018777718,0.6499744464777355,0.6511614488022817,0.6477817894060043,0.6643915788779531,0.6580938721004995,0.6594787081458034,0.6533128905155217,0.6681833918591424,0.6496653312890516
31,0.6348597721297108,0.625703667498146,0.6254255713611542,0.6377755679902919,0.6561720488100856,0.6432447920177982,0.6457476572507247,0.6365199217959954,0.6616665543045911,0.6463796939257062
32,0.6484728506787331,0.6383910207439619,0.640282511606041,0.6483149203737439,0.6639243109831345,0.6525533290239173,0.6535229476405947,0.6473820297349709,0.6672298289945349,0.6425376094493741
33,0.6687903301225101,0.6693787212818355,0.6702242900339787,0.6691994762929019,0.6879422675270426,0.676205617382088,0.6771719816702516,0.668770846971539,0.6945665388571963,0.6608879640886561
34,0.6636769212535767,0.6639181890523678,0.6643414658923522,0.6633933257707871,0.6754990433943416,0.6694800467297631,0.6687943382489884,0.6607012850684862,0.6808746592621439,0.6657679088430998
35,0.6636373645918912,0.6578017938662986,0.6556759183189491,0.6619265006055781,0.6748850248583456,0.6694814049411785,0.6710991030668507,0.6641031938950952,0.6802971143992073,0.6615453675393203
36,0.646412186949001,0.6441852108733256,0.6454094209862203,0.64914890238909,0.6541376630539237,0.6526168013437064,0.6552239928469361,0.6438175300203061,0.6596278067001479,0.646311910352723
37,0.6671678097233015,0.6616693131524714,0.6565677894523464,0.6716865434643062,0.6886888070542924,0.6751494982938613,0.6772188249603027,0.6666863745396804,0.6944660292577451,0.6590340889894929
38,0.6364037750427728,0.63709365859043,0.6394629158026697,0.6371922133829524,0.6513052596721673,0.6406298045461355,0.6421357217758785,0.6360647465564956,0.6546955445349396,0.6276284563165737
39,0.6620653823439264,0.6618822280532568,0.6627755724506044,0.6668984129120037,0.6770354422241659,0.6672796728640098,0.669462572981378,0.6617626170879215,0.6813040585495675,0.6574005546958518
40,0.6477055761353808,0.6489906819628257,0.6485541539515984,0.6516261688343479,0.653812888591524,0.6547430604285318,0.6549225672742701,0.6469100344326768,0.6601690628110772,0.6543962858401736
41,0.6692020521099322,0.6703274527913817,0.6732302104111205,0.6719883889695211,0.6825671553751465,0.6698617697507819,0.6737967914438503,0.6693107114860722,0.6831259750238663,0.669652212382512
42,0.6337630641152338,0.6298588027430899,0.6316705596981403,0.6398646422903004,0.648234659958674,0.6397074237115563,0.6410849579253137,0.6322357979217201,0.6523298296050071,0.6357844458419429
43,0.6322894968833135,0.6333114892222717,0.6248312932493896,0.6319657359515061,0.65444176594035,0.6398218144654824,0.6422948798963966,0.6314118317067272,0.6594347056115961,0.6393966344466029
44,0.6550128981049708,0.6520446803585012,0.6525572973509277,0.6612180441181335,0.6696596884611569,0.6618216092866356,0.6617058570625393,0.6542811786883619,0.6753398154578827,0.6428919866388861
45,0.6387832990431903,0.6350547240089639,0.6369744621291502,0.6578965482955632,0.6464775482420246,0.6459268663908159,0.6483284511308098,0.6367564838963801,0.6520149601902911,0.6319992045706594
46,0.649014880704963,0.6488486158450412,0.6498046387895918,0.6605619752265359,0.6548507772882202,0.6574278826170089,0.6559813783356887,0.6473854850777289,0.6625987197605786,0.6535123451658492
47,0.6692457016084304,0.6633230330401712,0.6625980508676016,0.6707788606291102,0.6862293003723953,0.6787100863639965,0.6777038269550749,0.6705570081610015,0.6946755407653911,0.6669717138103162
48,0.6472970298537001,0.6378621340600119,0.6421932802533226,0.6456528689086121,0.6652305631251237,0.6407356097858024,0.6434530424589341,0.6476395633839268,0.6567128960068203,0.64524182867234
49,0.6317106647379841,0.6322654349398382,0.6334448352948912,0.6352735222565586,0.6573739233348675,0.639111710171609,0.6392596488921034,0.6315010848839503,0.6629545006246301,0.6342009665329739
50,0.64686382065347,0.6443675967882979,0.6395659432387312,0.6477382939820335,0.6687733524127514,0.6533110740122426,0.6552349153350823,0.6477144447094364,0.6745289768662056,0.6615549725733365
51,0.6596614820890603,0.6508459114916711,0.6536783926531802,0.6584464664893331,0.6666717771423752,0.660638860568336,0.6584464664893331,0.6594353435389533,0.6689868226383853,0.6768020176158097
52,0.6307722683349851,0.6255807111000992,0.6287591365213082,0.6376440163528245,0.6438382680872151,0.6384570118929633,0.6367923067393458,0.6297928022794846,0.6486000991080277,0.62759771432111
53,0.6333901685264969,0.625945773136237,0.6272588183354393,0.6310989998020917,0.6508593785680576,0.6395633839268043,0.6404082999680302,0.6322103308112716,0.6564160336139571,0.6423417114497542
54,0.630120820241944,0.6280565548016939,0.6337408739735592,0.6337522577903253,0.6378580210372934,0.6346326062869025,0.6371977596648605,0.6288648057920859,0.6432463609732404,0.6466956574533643
55,0.6589971424223466,0.6469750257858339,0.6483573155678801,0.6669231159432543,0.668318087282934,0.6603456147173703,0.6611572344059113,0.6587308297120441,0.6680221842714867,0.6674007879474476
56,0.6311441681353406,0.6238577340238042,0.6239276092576921,0.6373708278662433,0.647681306822152,0.6430462496409189,0.6446999635096001,0.6282870474608117,0.6573240890986871,0.632215588388289
57,0.667708433119392,0.6676405785994827,0.6680716543730242,0.6755995146406105,0.6745298080914519,0.6706740747836638,0.6713685857521474,0.6650221924194527,0.6781141233196027,0.665161892901619
58,0.6629930671766675,0.6610367359949,0.6624472069487608,0.6510000796876245,0.6810024703163599,0.6737987090604829,0.6746832416925651,0.663805880946689,0.6909395170929955,0.6655669774484022
59,0.6448589122629461,0.6450356233483537,0.6413287067158244,0.6445617163465787,0.660409487778822,0.6474935138999334,0.6505216993180558,0.641597789504968,0.6630521217378732,0.6500236953500887
60,0.6318715445782948,0.6245447086518775,0.6217075246719985,0.6385197567689842,0.6481125058468994,0.6401300503791858,0.6416483272116615,0.6318715445782948,0.6547760541672099,0.6311660826157303
61,0.6190163729533809,0.5979297230703305,0.5995455925152213,0.6232078133090506,0.6334565322191869,0.6174942417912047,0.6218776224400522,0.6182262931419287,0.6279036549002803,0.6244264109843413
62,0.6458583791937037,0.6371816220010305,0.6356284675293643,0.6474040665765638,0.6617483441730573,0.6506223818519874,0.6525862262079883,0.645791175394449,0.6665944848082078,0.6506298489407935
63,0.6666815347060588,0.6656921342665055,0.6660165278532444,0.6674884637530716,0.676903987608165,0.6760362347636387,0.6768796580891596,0.6673911456770499,0.6820131865993009,0.6660570770515867
64,0.6722897430827033,0.6721604478179523,0.6575310688915593,0.671377070625637,0.6948327527722425,0.6766857820842397,0.6773170472003772,0.6704415813571439,0.6984073865624192,0.6689052493877489
65,0.6635120449193986,0.6633912938477329,0.6643308881241321,0.6591650063394313,0.6798738151301092,0.6678666304413452,0.6695948801545614,0.665662923383445,0.684032180160599,0.6592102879913059
66,0.6313388114586643,0.6245335270350025,0.6276024878558133,0.6300994234348753,0.6459254551232578,0.6349298588096427,0.6368275298497299,0.631869977754574,0.648240795387479,0.6286784400962455
67,0.6465276257514777,0.6458161426670933,0.6492262095212434,0.647853762861425,0.6608456965798293,0.6523584190761665,0.6547159961605173,0.6429702103295556,0.6660239462472425,0.6484810467642255
68,0.6431328965839963,0.642891124629543,0.6447278115738574,0.6428560287006707,0.6593511152706286,0.6463890188738106,0.644798003431602,0.6432771798471377,0.6614958664794883,0.6488808298237404
69,0.6536699586938415,0.6460971629638443,0.6451367522820378,0.6591137024256745,0.6650291522888372,0.6575753454928691,0.6595216644852029,0.6541161671964507,0.6705111424637509,0.6562282207754678
70,0.6401780038143674,0.640887084943029,0.6405203188419971,0.6423052472003521,0.6498198770926044,0.6438212137512836,0.6439923712650986,0.6388983976396564,0.6545878364060183,0.6493308556245619
71,0.6520818925881736,0.6495892451381975,0.6446799455873301,0.6565162212072622,0.6660308389126586,0.6532484211966227,0.6546695342245055,0.6524428704963257,0.6645413300705997,0.65031880048941
72,0.624954194216522,0.6175057755118298,0.6146220027085159,0.6313709870150561,0.6466820680315463,0.6308372500597467,0.6321516768899864,0.6252290289173903,0.6493109216920258,0.639890862741974
73,0.6578547035082273,0.6574511021421918,0.657660664389941,0.6598959950325985,0.6691943495808755,0.6652126668736418,0.6669900651971438,0.6558755045017075,0.6766144054641415,0.6565119528096864
74,0.6538713751396512,0.6538470879681352,0.6512200255824874,0.6526043943588996,0.6712002720163209,0.6500299541782031,0.6525072456728356,0.6546688039377601,0.668245332815207,0.6472085944204271
75,0.6369903054513567,0.6347696529773794,0.6347046978775921,0.6391744206817038,0.6540653773079359,0.6423247430213864,0.6412286257124763,0.6351553238823663,0.6571263863854111,0.6484224030139166
76,0.6566545026100902,0.6491515161432849,0.6463450555564647,0.6564908605933659,0.6736650902485722,0.6653929863031632,0.66604755437006,0.6565644995008918,0.6796871164640234,0.6604100868939109
77,0.6618137416052223,0.658127084018222,0.6550900922055761,0.6615632680536639,0.6789163887975704,0.6669797586061147,0.6675902878880383,0.6614615131733433,0.6831822664725496,0.6575322093332707
78,0.6567892125064868,0.6434062013492475,0.6456441359626363,0.6651530877010898,0.6792699143746757,0.6673261546445252,0.6682018681888947,0.6572797742605085,0.6876135184224182,0.6691951543850545
79,0.6596363060638274,0.6515881452664751,0.6530432225815936,0.6561267802079328,0.678669169701219,0.667556299429278,0.6702101191957117,0.6599793424256818,0.6847684316075966,0.6566658373479897
80,0.6523413210886306,0.6526681653672614,0.6526163485913808,0.6569968591062004,0.6681972545080594,0.650683184260455,0.6478531911162131,0.6488177803287575,0.6651679660719695,0.649686707801215
81,0.6706507625430468,0.6718968006258418,0.6712032130846096,0.6745864685909688,0.6868774850193156,0.6753849007605268,0.6757962143024203,0.6637471470163638,0.6904180074681635,0.6814013694321454
82,0.6500726099233561,0.6428640580879387,0.6449334409035902,0.6589592577652279,0.6672367890278338,0.6577974989915288,0.6586284792254942,0.6504154901169826,0.6746349334409036,0.6361557079467527
83,0.6582873620862588,0.6493190509027081,0.6501614217652959,0.6595803034102307,0.6726037487462387,0.6588123746238717,0.6646580366098295,0.6581854939819458,0.6708876629889668,0.6570727808425276
84,0.6933770103061442,0.6930311920469401,0.6954253184568145,0.692480162952604,0.7035159456419299,0.6844161371720426,0.6877451129419634,0.6934454139178549,0.6952391086249354,0.6968883957072933
85,0.6497298676615515,0.6505745811628889,0.6493691046036886,0.6510629311558497,0.6614458679431227,0.6505349852175137,0.6504733915247078,0.6511861185414614,0.6655374489652259,0.6673280656060819
86,0.6524323683965577,0.6463736598492092,0.6499826531389357,0.6535874154869391,0.6628701016272202,0.6546282271507993,0.6557028863484434,0.6527327652588913,0.6655609805630537,0.6563417585486178
87,0.6467386807284654,0.644512062104606,0.6475097226505788,0.6489088816507067,0.6551449182695562,0.6496912071131438,0.6508947847476624,0.6471035151989288,0.6598689604850417,0.6563221676433197
88,0.6217317545160823,0.6153806808010025,0.617780448922875,0.6247325302848179,0.6398046085777858,0.6274178836005899,0.6267103143142119,0.6230190191214205,0.6431463815929687,0.6394465614690161
89,0.6474004199697231,0.6351390946234109,0.6353914020152036,0.6466068725277945,0.6624940992626113,0.6550957954194,0.6571061156056192,0.6463464261878795,0.6666775185974965,0.6465051356762652
90,0.6569169123872362,0.6541032902227543,0.6536580737453653,0.6548915423466558,0.6738533851049543,0.6652191048959215,0.6669123872361545,0.6578985782267247,0.6808308761276385,0.6615807374536536
91,0.6679600840859804,0.6681221074672007,0.6674241605942519,0.6621106245793624,0.6695304645501151,0.6748647727933662,0.6741418992463836,0.6677274351283309,0.6767592000199414,0.677324204631376
92,0.6364538185781554,0.6348402149200861,0.6367092703446044,0.6458927613484448,0.6527644138659219,0.6423845570892123,0.6453222524033754,0.6334863205579067,0.6583162322567461,0.6293607745297559
93,0.6505701949539394,0.6417824360178639,0.6442584993655345,0.6525930686705889,0.6734480315090391,0.6546942205962327,0.6552050889075658,0.6504342380646331,0.6734645111319854,0.6499274896590366
94,0.661949816259,0.6589816924125775,0.6565207269824905,0.6629724471640699,0.6767488651291176,0.668892066712117,0.6691581170288831,0.6620662132725852,0.6830176757179202,0.6592976271637373
95,0.6387391506633938,0.6270716016107555,0.628756156647575,0.6383099902135374,0.6526928815517158,0.6479039322327573,0.6480082142112271,0.6382057082350676,0.6619258474916173,0.648060355200462
96,0.6680884752718401,0.6637745787084162,0.6653862310762122,0.6740746126379397,0.6883734832695135,0.6733960221672887,0.6746966539027031,0.6668524712002973,0.6902557639797715,0.6663677637212608
97,0.6598005255142702,0.6506474241121097,0.6545453828126849,0.6648781296110721,0.6684210111020807,0.669825538731033,0.6731317020823305,0.6609722803058399,0.6785130944584283,0.6484775078314251
98,0.6612407629394716,0.6514991730270245,0.6434873981457597,0.6560171767597833,0.6725566362684552,0.6672002791982156,0.6678755140130191,0.6615252719906529,0.6793241582325539,0.6747606330516062
99,0.670675157893152,0.6607348524197737,0.6616306467032512,0.6735544966614726,0.6832049863372552,0.6753611405945364,0.6786281550401602,0.6707541985652236,0.6854331805213674,0.6651272554820352
100,0.646343255555737,0.6440409516189606,0.644959423934164,0.6519357314305309,0.6647780154466633,0.6526215240925494,0.6535277501102167,0.6464902111261696,0.6689254282122038,0.6460820012083014
101,0.6468346170984786,0.6366573301928831,0.6370114265707556,0.6517203513909224,0.6719078235406455,0.6521420841555796,0.6530492074606913,0.6461582532306321,0.6729661340632759,0.6537176141065631
102,0.6467484700741052,0.6395517919767343,0.6316397228637414,0.6459203272136298,0.6629341918025521,0.6491940187090303,0.6457725834169252,0.6468145659831572,0.6654924922823306,0.656709512367711
103,0.6397516680396915,0.6367978090975887,0.6372728014902886,0.6428428294703092,0.6569590096408612,0.6440303104520592,0.6442752284045451,0.6397405354054877,0.6599054468268282,0.6569107682259776
104,0.6470695318067735,0.6437501936603353,0.6458417252811948,0.6505360518080129,0.6707619372230658,0.6548817897313544,0.6566557184023797,0.6480881851702661,0.6763161156384594,0.6473716419297865
105,0.6617243434250174,0.6623286693917291,0.6642675485349292,0.6678137668812584,0.669257434468403,0.6663281322130921,0.6666386886126522,0.6617956874627542,0.6713893621843027,0.6557482310875349
106,0.6786117088372783,0.6776842027157379,0.6802737998070787,0.6754322178526379,0.6901535950137271,0.6852489426430215,0.6852044223491875,0.6784521777843734,0.6953698894412703,0.6767715366921422
107,0.6670418059647149,0.6639344940584555,0.6651923140577936,0.6718331071464037,0.6853712224024362,0.6750604084604945,0.6765002813544735,0.6679355201747708,0.6922230313461984,0.6646337426765085
108,0.6714087258519644,0.6685912741480357,0.6638853917950944,0.671803776861298,0.6855828087692641,0.6802083785543738,0.6822313870197525,0.6718471890601259,0.6920946385934448,0.6719209897981333
109,0.6590567432940851,0.6592233246385998,0.6578581702055045,0.6589795470612613,0.6760114737979734,0.6645214239860884,0.6639444837197208,0.6593045838310458,0.6800175519855683,0.6664107002104613
110,0.6649714382125382,0.6654334080519334,0.6680284734106229,0.6636297171137732,0.6751187061630793,0.6730056962889762,0.6744197257104293,0.6651642604063728,0.6818192773988286,0.6687716422826934
111,0.659273866986297,0.6615496128802358,0.6638618031034371,0.6493164663578347,0.6719686416793547,0.6646311833878649,0.6634649648514691,0.6596099646894943,0.6752162363536234,0.6661658945868023
112,0.6741952252164021,0.6730614212853796,0.6762443592312734,0.679785142271676,0.6874166597608842,0.6802898921944568,0.68147266440157,0.6735699379986289,0.6917409352187375,0.6667520472506197
113,0.6482061702160662,0.6508197484140156,0.6528710583052846,0.6471824541266616,0.6653456592886724,0.6545656186502459,0.6580245381644461,0.6492453971553102,0.668649470304478,0.6574428812954661
114,0.6557519324826809,0.649792479903723,0.6498696249209264,0.6545446129634487,0.6626216962646383,0.6665715211454493,0.6681992810084396,0.6560103682903121,0.6732291361300974,0.6691134494622992
115,0.6518637644698502,0.6491927137238667,0.6521105679664985,0.6553190134229256,0.6714328933331211,0.6526121363629126,0.6544910274986864,0.6509720873206694,0.6734789739343662,0.6605178096587743
116,0.6831656851425771,0.682717146630562,0.6785432465882001,0.6762133382063443,0.6938724655497504,0.6952429998920185,0.6973777109584604,0.6841956624664635,0.7020043026472078,0.6849764517281192
117,0.6633319502074689,0.6605767634854772,0.6564896265560166,0.668448132780083,0.6771452282157676,0.6669294605809128,0.6689626556016598,0.663941908713693,0.6808215767634854,0.6566514522821577
118,0.6779795778342818,0.6778544617992494,0.6736731646284861,0.6714775800137224,0.684473503652581,0.6854340719215402,0.6864430722040602,0.6776203737337047,0.6924486418856197,0.6787383460467369
119,0.6655099211506802,0.647478554717962,0.6493804696300147,0.6690668053028334,0.6767524477948185,0.6680443635733472,0.668850186292349,0.6639459318949831,0.6795251711290183,0.6656572220778095
120,0.65440388267567,0.6545347119645495,0.6540071745093902,0.6525764929309981,0.6677442498417387,0.6582738974467187,0.6631694450305972,0.6542224097910951,0.6718463810930576,0.6434226630090737
121,0.6773593100452938,0.6740126884655954,0.6749278711919091,0.6764596388906124,0.6924288018862071,0.6835716944840852,0.6863870447353726,0.6776540299063101,0.6963377179375815,0.6723490724080163
122,0.6427282215473472,0.6306197079203647,0.6349828534657972,0.6449529549324733,0.6608674498355973,0.6459574200940117,0.6453767136724973,0.6379060040335555,0.6633315284349962,0.6555273049728872
123,0.6610284023416105,0.6609999502087676,0.657628372466871,0.663567755197849,0.6717619694566354,0.6634610596996877,0.6658652649249219,0.65648317411994,0.6749201562022094,0.6590509791090214
124,0.6545711986394971,0.6503803638130523,0.6491656290807495,0.6551444015913025,0.6680129976616357,0.6583103039873668,0.6612484436211242,0.6532767469403868,0.671171307965623,0.6529388988429652
125,0.652981708180017,0.6403950254741013,0.6416952660628361,0.6510225021228417,0.6686686243985281,0.6462637984715539,0.652110458533824,0.6533753184262666,0.6604603028587602,0.6507261887913954
126,0.6368165763692445,0.6361333525115469,0.6381910150069521,0.6310031803870803,0.6496539930638794,0.6386105384283454,0.6413674066260728,0.6375557366831279,0.6536094996084448,0.6387503795688099
127,0.6394614488860934,0.6384074662768064,0.6354027658543634,0.6348970241991008,0.6592746219687375,0.64521585393841,0.6449608581458406,0.6392659521117902,0.6631080587170312,0.6536987139712195
128,0.6248464984347164,0.6189053392600792,0.6204057630108791,0.6225937008146393,0.6397080443468184,0.6306449660134562,0.6322016016050642,0.6255686043897124,0.6444817268277496,0.6267058131691371
129,0.6418390994868399,0.6418473762622082,0.6402292666777024,0.6420294653203112,0.6550322794239364,0.646887932461513,0.6479556364840259,0.63933123655024,0.6586657838106273,0.6466561827512002
130,0.6438318480928353,0.6439549143241854,0.6445919630511738,0.6461773456785654,0.6628202436711381,0.6447367468527622,0.6469519390170627,0.6437087818614854,0.6638988829929707,0.635412670030477
131,0.6438614346564138,0.6452109012778469,0.6478683704625128,0.6445248595876211,0.6545591616721324,0.6512571148554412,0.6509178634701647,0.6443363865958008,0.6582984658298466,0.6383957178936258
132,0.6704354583970518,0.6702599714206924,0.6641012142027459,0.6709284932353949,0.6804716421402726,0.6725580151587321,0.6761596764354417,0.6692070495625361,0.683546842487904,0.6765357199562119
133,0.6629084722801988,0.6631644443044256,0.6629911709341797,0.6672599966920538,0.6782392275158112,0.6700875030519742,0.6706388274118472,0.6598328699583357,0.6850756495782369,0.6683350791938063
134,0.6570803590131972,0.6587642404808327,0.6588166100001611,0.6630706263394511,0.6684042604618186,0.664230812613803,0.6684606584057107,0.6583170853542597,0.6751075589358514,0.654389371404631
135,0.6325725902972472,0.6295107635302412,0.633306281048645,0.6268014362303871,0.6540832554555441,0.6391963012148935,0.6391061269325988,0.6329496827504796,0.6582066794550194,0.6377453150361517
136,0.6470276757977972,0.6475536571589946,0.6462334086416267,0.6459615927704039,0.6653275910759673,0.653890144027111,0.6534806551821519,0.6477478113527252,0.668010449025699,0.6436105619881389
137,0.6542633502860775,0.6554394469167196,0.6564883979656707,0.6563890654799746,0.6760012714558169,0.6595915448188175,0.6609424666242848,0.6547838525111253,0.6809837889383344,0.6561943738080102
138,0.6312770265203589,0.6333558293965222,0.6320102315428133,0.6382633039218136,0.6474033710767282,0.6394797577090676,0.6406045608685147,0.6305313236850217,0.6535522950150391,0.6327267728147574
139,0.6524997830391871,0.6466260621217979,0.647225662913902,0.6525944568484667,0.6705745911274862,0.6611782155564848,0.6640657667395129,0.6530125995061183,0.6762865776206893,0.6583143328257766
140,0.661067959563977,0.6615626906776167,0.6626346080905028,0.6543148798627946,0.6747802569303584,0.660408318079124,0.6629974109071719,0.6602681442635927,0.6757944557133199,0.6705915335015419
141,0.6497919153733916,0.6529877967900252,0.6486685899986736,0.6521919352699297,0.667736105584295,0.6548448070035814,0.6544220055710307,0.6490582305345537,0.6716573816155988,0.650397101737631
142,0.6281842525639937,0.6300440644220306,0.6325675435821057,0.633539893350208,0.6472994142750207,0.6334704397953436,0.6356312170577931,0.6295887577845859,0.6507720920182432,0.6380543744163972
143,0.6526233688078044,0.6529994932218421,0.6463242746737615,0.6546861142784746,0.6675535284429241,0.653878436589383,0.6569982896237172,0.6539101102242494,0.6689788420119093,0.6513405865957177
144,0.6405595060610555,0.6264469647888973,0.6244253120292242,0.647842139361345,0.6558741111362625,0.6457814585561185,0.6464995745943035,0.641769375473215,0.6603935588113619,0.6517761663531414
145,0.6254256650561733,0.6259459223470516,0.627284766284417,0.6292712032132255,0.6426960242156121,0.6331276558588975,0.6345901973339543,0.6257276325746551,0.6485752954188253,0.617472641015193
146,0.6562397128211559,0.6487467276973963,0.6535552490085119,0.6606289091279608,0.663591616635054,0.6613813427805558,0.6612637750223379,0.6559967394541721,0.6685921652845923,0.6610913423102849
147,0.6740842321347444,0.6656627012838418,0.668952230317511,0.670685332570544,0.6848698490686679,0.678130941764399,0.6795527586613047,0.6735542057175549,0.6899597852972355,0.6702310242129529
148,0.638373881788555,0.6310613075145267,0.630809778289747,0.6324611223306916,0.657176602678604,0.6452125604216942,0.6449282230371607,0.6350128680893257,0.6609677678057174,0.6410714415905396
149,0.6571867975866557,0.6452738672660594,0.6378958160810757,0.658866674553413,0.6749792972909027,0.6682203556922591,0.6701841555266375,0.6579675854726132,0.6841989037422611,0.6654915414645688
150,0.6499637656734529,0.6490831872724822,0.6464793717136309,0.6506252527976271,0.6643942968855332,0.656633409734394,0.6565238640959957,0.6488303896454092,0.6707900768504786,0.6565365039773493
151,0.6582075976031087,0.6602861269139625,0.6570825587054872,0.6594084369938322,0.6656081194296611,0.6650416104812135,0.6670044443025955,0.6573977291768066,0.671456725897438,0.6600108514390125
152,0.6573194322516489,0.6597510856983041,0.6576107645335965,0.6664750347656523,0.6751450834764099,0.6628625144695033,0.6644939752484094,0.654643059688158,0.6800472346739798,0.6641404920796463
153,0.635741803600912,0.6245686680469289,0.6258484681709778,0.6382839321749614,0.6542530422552437,0.6417520594735785,0.640799853237938,0.6364319347258257,0.6583501498196049,0.6371308016877637
154,0.6701729990593431,0.6651466197701525,0.6663735634534375,0.6742955298351806,0.6803484520060529,0.6722260848227066,0.6727168622960206,0.6702302564312298,0.6873011328780009,0.6662631385219419
155,0.6691564664738718,0.6625865895487255,0.6590137198197592,0.6728092003497209,0.6790217903019705,0.6771470845383012,0.6785594189252808,0.667580200416975,0.6843180442531441,0.66086740870267
156,0.6348162600059414,0.6331021027530891,0.6355508988285923,0.634527221780636,0.6508418238312017,0.6381803437949113,0.6377949594945043,0.6366066912349159,0.6529212932854814,0.634230154715739
157,0.6535213148756305,0.6538080796970507,0.6543226850615169,0.6553872503574739,0.6678084882387141,0.6609811285177795,0.6614839490265709,0.6484813249320407,0.6723260162473876,0.6552968997973004
158,0.6626828641626387,0.6634054887350859,0.6600492990541648,0.6578212066224528,0.6691182374383762,0.6694715205626837,0.6711415862412281,0.6625343246671912,0.6743933968172402,0.6582828834326273
159,0.6445634946248127,0.635423166017628,0.6334437774765664,0.6433156192402304,0.6622130424492781,0.6576518427677015,0.6592152728472357,0.6429498626619907,0.6723179643853496,0.6523878167200958
160,0.6533591896916469,0.655534809923713,0.6529865696519007,0.6558112699532022,0.6660042310404513,0.657333803448939,0.6576463234822745,0.6547935765113149,0.6680957112635425,0.6559875633053401
161,0.6294788906248652,0.6292328807326779,0.6309765297930927,0.6272820654472633,0.644433702492037,0.6340667593160062,0.6352234374055883,0.6295954216264275,0.6483094372847413,0.6304197705634058
162,0.6328094317683025,0.6197221601891282,0.6177122879430768,0.6374606303760232,0.6569433000408135,0.6423428487821407,0.6435903556934829,0.6293749374321379,0.6644052395290276,0.6296444605302675
163,0.6685784349608375,0.6682856306273333,0.6694312275821682,0.6634287387453335,0.6780762755288778,0.6709757704414026,0.6707415269745992,0.6665544250054901,0.6810335992972696,0.667312056218432
164,0.640899099721242,0.6343722892682393,0.6347638978954194,0.6435519323569786,0.6512156710824399,0.6492955255556211,0.6511651409369973,0.6357534465770037,0.6575740477173007,0.6334964334139008
165,0.6443797090206888,0.6386195400117184,0.6419658846150672,0.6447345618392929,0.6604801241159626,0.6495044439126236,0.6525413238485851,0.6444704853231223,0.6653820444473786,0.6328098566559661
166,0.6554420856860412,0.6542189568218756,0.6552368346095203,0.6541561248596753,0.6657507162843691,0.6599534205720222,0.6625504750096343,0.6525057386525476,0.6697719618651877,0.6618425682355109
167,0.6608645471809311,0.6522207124615284,0.649703686726475,0.6591824372994565,0.6728275816907865,0.6609013817038831,0.6611142033920503,0.6609095671534281,0.6749476131229127,0.6802149499050488
168,0.6517108093306772,0.6507464700419865,0.6535124967260086,0.6496630765201241,0.6550998865016311,0.6562507440889573,0.6572349257498432,0.6488376338368005,0.6589969284007842,0.6468295857706381
169,0.6339203953392908,0.6262906943698885,0.6298509583504374,0.6385739998105403,0.6517888155609587,0.6382661277590073,0.6382898102245098,0.6328191606934226,0.6549464776279642,0.6366044080962455
170,0.605545480191835,0.6049369282231088,0.6040341756337404,0.6069157296578407,0.621899810583162,0.6128319832345948,0.6130979728368194,0.6024261475839278,0.6275500745576915,0.6004271954217547
171,0.6615024478168223,0.6590164435245507,0.6602804487791466,0.6689833731755936,0.6657909006896657,0.6665164626182857,0.6656687007858981,0.6620408911427982,0.6697394850801555,0.6671618308600582
172,0.6588891453188707,0.6583698746057389,0.6586352796368952,0.6674513424109547,0.6737133625663513,0.6679744595738134,0.6693822601738595,0.6614047234402647,0.6819678436802831,0.6639203015616586
173,0.646942334788137,0.6401508642908691,0.6394463727275851,0.6436905048283447,0.6662342348534314,0.6497044571978419,0.6504433142032372,0.6471356404000137,0.6697738753909069,0.6308249424378845
174,0.6347432097369505,0.6365442548276893,0.6342020885661904,0.6470193915213581,0.6513725901935922,0.6430215560060412,0.6453314165260021,0.6346139867707988,0.657276464459646,0.6435949829183392
175,0.6397207063158261,0.6351367791720255,0.6385866731551323,0.6499096249435156,0.6550888108728145,0.6465031805067956,0.647267892523202,0.6403159651013244,0.6612065070040669,0.6405549376064514
176,0.6573083250581732,0.6521431429799469,0.6543552044582117,0.6629663114523277,0.6693912940374384,0.6597723466378148,0.6621289146448104,0.6561485675327178,0.6714588489869722,0.6595315024232633
177,0.6661515037910377,0.6653864104113907,0.6662433149965953,0.6623566406279886,0.6800073448964447,0.6654093632127801,0.6649273543836025,0.66592962671094,0.6789362141649389,0.6606045767885971
178,0.6296431202422853,0.6281861340754686,0.6267618891708275,0.6342391749201932,0.6376770074486371,0.637889825652779,0.6379553081771302,0.6302938528280265,0.6455758369485144,0.6324261275272162
179,0.6457666592120179,0.6473822615347836,0.647972207013025,0.6395394569416918,0.6597287021970649,0.6515851410856539,0.6511301504553763,0.6457396682424251,0.665435364339531,0.6545040216544693
180,0.6457676468695708,0.637097033652918,0.6366104176050447,0.6499260021877614,0.6616450035390258,0.6550736760826201,0.6565697188083135,0.6438533556399202,0.6694147738240782,0.6526607039444051
181,0.652783913413903,0.6519911015745795,0.6541052664794421,0.6538686062288978,0.667468681960178,0.6530955160771197,0.654586475655549,0.6533085103026096,0.6671136915843615,0.6499992111324981
182,0.6518063059759268,0.6533872821064469,0.6502457032491504,0.6561295422503647,0.6746367422112477,0.6595196766333358,0.6618585433831259,0.6512317759903512,0.6800153207996154,0.6517085136379565
183,0.6594868686868687,0.6611878787878788,0.6545898989898989,0.6646383838383838,0.6723717171717172,0.6644606060606061,0.663539393939394,0.6603636363636364,0.6786909090909091,0.6682707070707071
184,0.6139933088611124,0.6130059012127689,0.6163437262828555,0.622182984062079,0.6304926970555891,0.6226011802425537,0.6238867462788285,0.6131065780710314,0.6369360159843873,0.6139313538714124
185,0.6434605147846408,0.6437120646564316,0.6468888961017885,0.6486335161803369,0.655092667726963,0.6509380375864195,0.6517657178097309,0.6403891719951962,0.6643756694472395,0.6491650167158947
186,0.6421472861632549,0.6431858721419581,0.6458962340640757,0.6444175038416099,0.6522011073102554,0.6504482521640426,0.6525099804637731,0.6417611947213578,0.658231855632688,0.6507262380022084
187,0.6597690763795798,0.6522222139931715,0.6528850640261289,0.6600801344956044,0.6737963161831688,0.6570584270827933,0.6578064477903764,0.6608281552031876,0.6724632099716344,0.6584507824592847
188,0.6385796387520526,0.6377586206896552,0.6391297208538588,0.6417487684729064,0.6576765188834154,0.6443021346469623,0.6442364532019704,0.6381116584564861,0.6604269293924466,0.6377668308702792
189,0.6493145480204084,0.6373656622675744,0.6388505497573004,0.6395173921808849,0.6662298590326132,0.6564365801839245,0.6567700013957167,0.6493959648279392,0.6712621931361754,0.650826574445978
190,0.6434006191532615,0.6398451273313145,0.637327181165594,0.647892432664974,0.6586727850930839,0.6477827733679744,0.6496048047642747,0.6383098971733208,0.6605454284726147,0.6468928459961704
191,0.6266664075556765,0.6063935636830036,0.6012126394341016,0.6283493334369777,0.6471219246764351,0.6347778771036574,0.6368455828053947,0.626755800847293,0.6523689222278363,0.6357534299817327
192,0.6428415573080639,0.6409323275458995,0.6367203329073283,0.650182350924223,0.6582634581216297,0.6493874879211995,0.6501355942769864,0.6431922321623391,0.6644509211059506,0.6454287584551603
193,0.6457159976033553,0.6277651288196525,0.6251008587976833,0.6485320551228281,0.6659157179948073,0.6482923906530856,0.6520471340123827,0.6446095466347114,0.6677851008587977,0.651372079089275
194,0.6637413753004109,0.6625397317621521,0.6629157299015428,0.6651600899294519,0.6761454376308241,0.6734708116908288,0.6732614931390031,0.6641367547871928,0.6834095666330723,0.6644003411117141
195,0.6462252773757838,0.6406088484597892,0.6420603335400731,0.6564761215629522,0.660533388463924,0.6582420232926746,0.6583884639239198,0.6364051409275722,0.6703449107573565,0.6267314451106057
196,0.6445605085226123,0.6412364873071784,0.6445119235596583,0.6408113688813313,0.6583181505324103,0.646309567188955,0.6481638932750314,0.644301388720191,0.6565367018907649,0.6436616867079639
197,0.66110241098625,0.6574153745547161,0.6585769846323289,0.6711438847682804,0.6780705226384898,0.6680118398182725,0.6694918171023422,0.6608786934898209,0.6855134316543049,0.6592352303429762
198,0.6562174940898345,0.6576004728132387,0.6474231678486998,0.6632624113475177,0.6717888100866825,0.6574862096138692,0.6578092986603625,0.6550512214342001,0.6708747044917258,0.6515445232466509
199,0.6418444818742752,0.6328091276122119,0.6333169695379485,0.6326610070505387,0.6504439384834148,0.6497075676910967,0.6483448585237035,0.6380949156559201,0.6599067263663064,0.6433933997477719
200,0.6371619859142683,0.632360031933982,0.6296527574677301,0.6530815502209294,0.6610492368252563,0.6352412043221538,0.6358024203428951,0.637177794816261,0.6585751436633969,0.643082419710539
201,0.6431526280075541,0.6378017773490193,0.6412804434379522,0.6481437576134144,0.6591479516338694,0.6497298004365706,0.6497870287858597,0.6429932061773915,0.6637016931415911,0.6546473507362018
202,0.6460210023391231,0.6446440717331077,0.6453615687055193,0.6474974700973806,0.6597654241112162,0.6572604057797906,0.658172829675343,0.6459297599495678,0.6689892002189818,0.6502264470213507
203,0.6640954238212498,0.6614718471632319,0.6638516584309773,0.6624634351914591,0.6822786692888662,0.6611661075211952,0.6671073724569899,0.6645292435835991,0.6792873787370474,0.6555181873770844
204,0.6461950769092178,0.6430946857945034,0.6394462836595125,0.6444159178433889,0.6679578707144412,0.6490177090136552,0.6539047661944764,0.6462175979100512,0.6698271137836032,0.6391610176489576
205,0.6234560110393107,0.6218110527732903,0.6222317582121701,0.6292322967151319,0.6425181744749596,0.6279701803984922,0.6271876682821755,0.6240996903607969,0.6446974286483576,0.6317270799676898
206,0.6330085678933566,0.635020194081072,0.6379267410099375,0.6365843598982125,0.6557200999198463,0.6343120394076402,0.6338139965603916,0.632724527832035,0.6559769032629589,0.6319424449234649
207,0.6308679257341897,0.6207218866839229,0.622163902470201,0.6450643913974371,0.6413335250695044,0.6347346051832679,0.6370753842712428,0.6314750902757805,0.6488671587895056,0.6233662480426932
208,0.6506171079107055,0.6432062677250187,0.6421249425669788,0.655900945862446,0.6517420029469081,0.6573743999239507,0.6578417858896969,0.6502447834973145,0.6564713151765769,0.6505458117464391
209,0.624705121854983,0.6232443731793111,0.6250031481652493,0.6355012298832241,0.642427193431668,0.6298597177564915,0.629775766683177,0.623823635585181,0.6468849954246665,0.6230596808180192
210,0.6868686868686869,0.6810381642133152,0.6766718086821625,0.686241186672593,0.6937711890257188,0.6924116052675156,0.6930391054636094,0.6870081313567077,0.6989654962044953,0.684655005621356
211,0.6396636483427375,0.6288686353346623,0.6316011757948441,0.6450062506335101,0.6588927931884988,0.6446008041355543,0.6463746325641112,0.6393553400682501,0.6613423657803156,0.6429156671284252
212,0.6736401511631509,0.6607967041476939,0.659952606635071,0.6780968311495215,0.6845940587925533,0.6794365455502897,0.6821314623795806,0.6734813988786668,0.6894108354242171,0.6737950314406963
213,0.6558677092719581,0.6520533927944163,0.6521984819096782,0.6515952166409579,0.6646226919376269,0.6591780319806955,0.6613849137865204,0.656635154329001,0.6670128442048353,0.6686660964918979
214,0.6829843958284325,0.68195326589822,0.6809495804908648,0.6823962989100604,0.7021328314906297,0.6863639927860111,0.6856347526072297,0.6786167960479887,0.7015917823257273,0.6829295067827178
215,0.6547790748336113,0.6455995252475173,0.6476915911720076,0.6577124742717206,0.6647811781673953,0.661303165517345,0.6632036778293595,0.6540316401496372,0.6715418939018344,0.6537424317543307
216,0.6614167231517939,0.6633854519698712,0.6642003609970831,0.6645392717607366,0.6772960252240999,0.6641051613443714,0.6615461946794818,0.6590938516256293,0.6791390905005978,0.655704743989094
217,0.6554433917026308,0.6562040114423665,0.654480215619161,0.658655356581841,0.6704863005770789,0.6646245680175935,0.6672040610480017,0.6541412437786266,0.6776543148635018,0.6645625609735932
218,0.6535490190302244,0.6547862782065633,0.6533280798915926,0.6459229364284452,0.6679800271018677,0.6623239851528899,0.6630457196724209,0.6537736404878336,0.6757349908678489,0.661826872090968
219,0.6558408013835546,0.6561702191376741,0.6584986037179286,0.6601382057213875,0.6655735986643607,0.660467623475507,0.6570536576600858,0.6515359102785826,0.6689651041783647,0.6605948985168715
220,0.6699989167608054,0.6695346713916529,0.6726528527877934,0.6741925999288158,0.684947617647514,0.6711285804924096,0.6765060893517587,0.668791878801009,0.6852339022918247,0.6658439207068909
221,0.6521289557215685,0.638931193690083,0.6370795793388695,0.6623168424765141,0.6614190900638045,0.6600403988585719,0.6626855622174485,0.6555195742088556,0.6683526243226778,0.6534996312802591
222,0.6612537271913277,0.655294567645806,0.6561725765649857,0.6640703102587953,0.6744847130823329,0.6719550042161815,0.6737457946850034,0.6607408308920049,0.6825432701920319,0.6638182086879417
223,0.649438444566101,0.6507282801639045,0.6504545529952388,0.656464108561854,0.6684500406443372,0.6593506859768742,0.6605036579903449,0.6498448879377561,0.6757245475206954,0.6571857529156091
224,0.6627052100228895,0.6633267140626657,0.6637132592581364,0.6674043869090027,0.668639815670997,0.6588700753384166,0.6623717200503266,0.6629553275023117,0.6692613197107733,0.6674953387197017
225,0.6582202563910338,0.6528712797061249,0.6528300472299273,0.6621635804782967,0.675372966489242,0.6634155483919334,0.6639028412924507,0.6582427468325961,0.6789714371392158,0.6597121223480021
226,0.6310177474239539,0.6274196504705817,0.6308264864563328,0.6358072408214659,0.6490440936222437,0.6388275702684826,0.6403098427675462,0.6322450052995227,0.6548855223416717,0.6337432162125547
227,0.6661131606285429,0.663990478605492,0.6621295531324897,0.6632829179311417,0.684076203875633,0.668485329363359,0.6680517950773409,0.6634955951280562,0.6851886692133398,0.6602318181446368
228,0.6754920567034651,0.6780759669615888,0.6780180517316654,0.6745164078301391,0.6939135548368127,0.6821790382507819,0.6844421872354833,0.6751579303769836,0.6971300776064081,0.6720527830495487
229,0.6587214186379776,0.6421038141426121,0.6420685176164962,0.6587814227323747,0.6654595254735028,0.6652759835377002,0.6664195909838554,0.6599532673994225,0.6716434768490085,0.6586720035014154
230,0.6443613546501633,0.6452638817259756,0.6452443465078844,0.6471548908372013,0.6649397533874069,0.6484442152312189,0.6502492693828434,0.6444355884789098,0.66838576585869,0.6552776345195118
231,0.6766278548697032,0.6700465589658289,0.6662944987505791,0.6817204791092275,0.6844471787393381,0.6828521733846773,0.6842117255679359,0.6766468430286873,0.6917462270528099,0.6765291164429862
232,0.6482561883907532,0.643509293004296,0.6439866344398057,0.6540411119782393,0.6645350467112691,0.6566096635121722,0.6591782150461051,0.6488737015176427,0.6713163258347793,0.6449072214940029
233,0.6585002750898087,0.6542930191915596,0.6519911647626137,0.6620521699731383,0.6815754555163598,0.6639858895109874,0.6611783552865789,0.656736463963235,0.6853781675782388,0.6673516942295867
234,0.6743128878858708,0.6681792536471347,0.6694648182477634,0.6787700491657935,0.6845732247924559,0.6766905778995729,0.677214475699202,0.6739179495446119,0.6860643185298622,0.6806963810751995
235,0.6486374609266194,0.6454574293584229,0.6437861718919253,0.6491597288848999,0.675102906131039,0.6563167342391136,0.6581350004642382,0.6489121351861595,0.680062517408932,0.6435617901024419
236,0.6529119742919107,0.6512439746665802,0.6534415551664757,0.6606215189964623,0.6646276001700423,0.66124836982758,0.6626677906750535,0.6523283545525942,0.6732377926204526,0.6586112732277054
237,0.652042188550609,0.6477224750199372,0.6483440446591922,0.6516942659223468,0.6638207377523416,0.6547903863895795,0.6563540835952526,0.6510687870400775,0.6666979406107801,0.6491180747760004
238,0.657516851712251,0.6495429361867192,0.6520313540652697,0.6561445624409915,0.6700357893041945,0.6580035569737911,0.6576815264248022,0.6578571794515234,0.6709506488183674,0.6600199073430284
239,0.6373221326932967,0.6354608018417379,0.6358077604434539,0.6404855787677664,0.6538496077326867,0.6354567199758353,0.637399688145445,0.636803735723674,0.6522250251034754,0.6429877625660242
240,0.6532960717388062,0.6512428818362889,0.6505277750967369,0.6500013161473734,0.67427984802885,0.6637594433574042,0.6639173810422132,0.6508875220454685,0.6804569663680474,0.6571041248058682
241,0.6250951912182618,0.6230892104236706,0.6239946878656736,0.6379576143687662,0.6372053715707944,0.6347907650587864,0.6353294080499267,0.623730009844165,0.6485818830216015,0.6184271624658705
242,0.6348097046508319,0.6301131809772065,0.6301955761293754,0.6406747413915792,0.6562249537463578,0.6397084709706898,0.6439480760731968,0.6360081795914698,0.6569440387107406,0.6340157150026591
243,0.629548791618715,0.6173856105401008,0.6187189967855867,0.6367078058653122,0.6392396523671574,0.6399380927814596,0.6418429302750109,0.6258343585062899,0.648652724314457,0.6407714591848883
244,0.6561122442265939,0.6555571090203303,0.6432742285676689,0.6557586025396408,0.6679140075004935,0.6636209619053886,0.6649532864004211,0.654146654385157,0.6744111454700967,0.6498124876636621
245,0.6465864616861249,0.6452625830526987,0.6444889414762902,0.651737176994299,0.6588364761660475,0.6496851651124883,0.6497017135954062,0.6450184929296606,0.660325839628652,0.6572602331681243
246,0.6467278479558146,0.6452915176074949,0.6454255751066714,0.6531357964164516,0.6627189925004405,0.6507457427168476,0.650094606292276,0.6465325070284432,0.6653388590557756,0.6434032219762373
247,0.6728249953505673,0.6715938255532825,0.6659215175748558,0.6793602380509578,0.6845750418448949,0.677686442254045,0.6797470708573554,0.6727989585270597,0.689469964664311,0.6648130928026781
248,0.6394213830434643,0.6370872169373178,0.6358500688639057,0.6415633708081099,0.6549517952660069,0.6426603888408443,0.6440616892476217,0.6393212901572659,0.6587713398033375,0.642800518881522
249,0.6607953843302027,0.659223615916955,0.6603319636678201,0.669086752347998,0.6710099480968859,0.6627456129510628,0.6644757167572911,0.6616488507167573,0.6727786702916461,0.6606872528423134
250,0.6573453353183653,0.6556199065428603,0.6591998485409155,0.6561534555906474,0.6676419713776752,0.662986325654243,0.6639415505623779,0.6573582437630698,0.6727537154806674,0.6564159272996394
251,0.6402407621990472,0.6351873310158362,0.637432406334492,0.6451010686236642,0.6575978498776877,0.6479094244882194,0.6462598171752285,0.6403051371185786,0.6617902665121669,0.6481830178962277
252,0.6465898151119449,0.6387154106292118,0.6378761324084816,0.6467296948153999,0.6655805419104276,0.6487291517530218,0.6503007413624283,0.6453062131272987,0.666979338944978,0.6476265705610822
253,0.6394068382885559,0.6395045048711208,0.6430978212213206,0.6493444130645332,0.6672825087289508,0.6459342215566426,0.645763305037154,0.6363954519928052,0.6735168922493427,0.6387720055018842
254,0.6503437671078479,0.6440762567223779,0.6455535697034103,0.6500660161659099,0.6606688564711944,0.6550172286091521,0.65529095417512,0.6508388883521721,0.6668759862171126,0.6627338743438638
255,0.6600355027565842,0.6555635209176097,0.6565663031047844,0.6546759520030041,0.6681772406847936,0.6541041527984024,0.6590284534111663,0.6586017375868367,0.6625616604366157,0.668441804495878
256,0.6577515118196812,0.6453035419775387,0.6453271028037383,0.6650514411372025,0.6669520144506401,0.6624833110814419,0.6642111050027487,0.6583758737139715,0.6709966229482447,0.6658328752061572
257,0.6339094591261031,0.6335672849674139,0.6337503083546198,0.6341601215911894,0.6571574080705356,0.6378524194896035,0.6382900841111827,0.6340089283582803,0.659584457335657,0.6367582579356553
258,0.6356108257833689,0.6333025564083329,0.6334014822386915,0.6400253909631254,0.6517563456798265,0.6375440013849616,0.6347740781349184,0.6286324328334831,0.6540563712356661,0.6391474242186921
259,0.6492662560456368,0.6468645363978339,0.6479351825058907,0.6542763837790914,0.6634285478070356,0.6564838162953165,0.658261336860816,0.6484395022942416,0.6698689595304038,0.6518291926749618
260,0.6296832012406522,0.6313234866503136,0.6240354003414776,0.6393236059437979,0.6507757804403421,0.6352974508473566,0.6366469583889415,0.6292880415737793,0.6541309096873765,0.6425370741781797
261,0.6413075220558851,0.6371691617226646,0.637146106790446,0.6441548061848699,0.6585564538440257,0.6486505179674772,0.6479742399557346,0.6426101257262303,0.6643816667178999,0.6381182564323261
262,0.6395223634512984,0.6292091826005031,0.6297265240542745,0.6366580583291974,0.6557450137537119,0.6461889179572163,0.6452215314989442,0.6398462276134156,0.6615240963348671,0.6506346896371881
263,0.6540084719171635,0.6475094132412927,0.646885786005648,0.6621666143708818,0.6727643551929714,0.6608409162221525,0.6616096642610606,0.6526670850329463,0.6783024788202071,0.6587621587700031
264,0.6474451861177756,0.6472670261538827,0.647631264302286,0.6539737590168737,0.6589543197852579,0.6507906343286537,0.6488665067186102,0.6467206689312778,0.6623116453270621,0.6526316206222138
265,0.6229787432624776,0.6210498479439376,0.6233404111347037,0.6288120960403202,0.6415210272923132,0.6302821009403364,0.6311454371514572,0.6195331762216986,0.6460710424590305,0.6290532079551376
266,0.6673086876468941,0.6675886879862885,0.6679111126195304,0.6643474719363296,0.6793062779470036,0.6724844514963049,0.6739693017809718,0.6651535335194345,0.6829717369354387,0.6593159506860008
267,0.655873686907507,0.6562540033307712,0.6573749359467077,0.6759784140404816,0.6731760825006405,0.6604134640020497,0.6647130412503203,0.6565622598001537,0.6758102741480913,0.6544485011529593
268,0.6154634646361107,0.6154376232847804,0.6181337376069186,0.6199340184162697,0.6357661529980274,0.6229574565219264,0.6244045721964288,0.6155151473387716,0.6423815389386096,0.6146279276097611
269,0.650765277622612,0.6370357661554176,0.6394816221651212,0.6586255326619532,0.6687520947380181,0.6588250315208197,0.660748200520293,0.651164275340345,0.6753515169893228,0.6557048693681472
270,0.6363661358869416,0.6358830137395225,0.6389349316951696,0.640454998939488,0.6562527003778565,0.6428509705648994,0.6444378107889424,0.6365193209580744,0.6608953863798833,0.6395633832690479
271,0.6522872804889881,0.6471006759160441,0.6476059959250995,0.6554606901458556,0.6642815562239255,0.6593658031758352,0.6629555965201643,0.6448287571553313,0.6702160344102713,0.6508966398240678
272,0.6795450543469561,0.677776176983784,0.677936256383166,0.6787926811698602,0.6890057468504378,0.6739262674286446,0.6776721253741856,0.6794009828875122,0.6852438809649586,0.663024860330724
273,0.6506781230938378,0.6399094831805894,0.6415661970133968,0.6494318224605212,0.6677535713478873,0.6570225840217482,0.6580316733562763,0.6456439721973297,0.6738909430466967,0.6411595490726167
274,0.6466541043830758,0.6469470483911832,0.6495399987332151,0.6508424119584495,0.6639457182670383,0.6478100456042564,0.6484909424879656,0.6472716620217887,0.6621722194071447,0.6488472257410691
275,0.6533264113809295,0.6541787413411024,0.653574361914798,0.6596336530862092,0.6690325280106618,0.6565807621379535,0.6583784035085001,0.6509243905840785,0.6713958065365959,0.6555502177315625
276,0.6383704189045891,0.6402498426629193,0.6371634495185055,0.6392971989689032,0.6568930883760227,0.6418749407291819,0.6443406067607528,0.6351762606364177,0.6576862396868777,0.6499831886406938
277,0.649515841160366,0.6376521324794263,0.6388514250179692,0.6594089950978412,0.6647311081140015,0.653852676804794,0.6554678856109124,0.6496935141290391,0.6693748334315919,0.6549348667048933
278,0.6569424307660765,0.6567886589634316,0.6559246078819032,0.6569058184321134,0.6745749308026888,0.6642356076915191,0.6645358288300163,0.6569863655668322,0.6797812046922367,0.6538303823792159
279,0.6484141184777463,0.6425327566977718,0.6442016833693062,0.6571158058588955,0.6625317938554613,0.651876338952588,0.654010639407531,0.6466128009885181,0.6664473525848305,0.653838130160233
280,0.6356733334438018,0.635242506089579,0.6329558070556265,0.6372019420371505,0.6533248272548012,0.6434572238148105,0.6429269747634592,0.6350478052660359,0.658097068716963,0.6362864339094269
281,0.6509385879622369,0.6480059906533262,0.6521108427688737,0.6484333343788226,0.6615594517454443,0.6599206473669353,0.661402628359941,0.6514365022112097,0.6691104977574256,0.6516756578741022
282,0.6442353186473027,0.6449851241790231,0.6446001972750383,0.6494278221958476,0.6537662691761762,0.6530525505417044,0.6537582498656765,0.6441350772660567,0.663317267981299,0.640859188926936
283,0.6494157190425331,0.6430271093799083,0.6441265627944964,0.6510413394483885,0.6684833825469624,0.6560045862913866,0.6571354526606773,0.6495178111453164,0.6743340453603066,0.6521722058176792
284,0.6629865958631322,0.6525587769260417,0.6537621515138538,0.6600145604042653,0.6780523318059184,0.6717228384223374,0.6723138195366365,0.6616247698171385,0.6863774570682197,0.674258061753244
285,0.6626694513889967,0.6617610521902514,0.6567997950278731,0.6673706113448966,0.67570148604792,0.6642649730585879,0.6654218233202379,0.6618891597695616,0.676043106259414,0.65697060513362
286,0.6621438897865465,0.6594608385066757,0.6612339484650055,0.6554809082404967,0.6757207245514074,0.6657623947614593,0.6676758227740454,0.6613402500212603,0.6798962496810953,0.6690067182583553
287,0.6403553643161268,0.6330886003580725,0.634213218589676,0.6458091985496562,0.6558216859494185,0.6396858591481487,0.6420027983811516,0.6405359050355816,0.6556938029398047,0.6543698376638031
288,0.6424918174854339,0.6398532950579934,0.6398146070458608,0.6460046889870704,0.6583848528694899,0.6456178088657448,0.6489449779091451,0.6421049373641083,0.6608144600314146,0.6421204125689614
289,0.6562909196721577,0.6562545466302397,0.6528354806899562,0.6498730984981975,0.6657964079600381,0.6609709177322621,0.6598878093729288,0.6560080182350183,0.6698378570620281,0.658998690570491
290,0.6666753963918799,0.6587026630650314,0.6631136685048974,0.6762045150138802,0.6814124196553505,0.6724407563433925,0.6757181446091453,0.6667614465404099,0.6860142319463047,0.6706486684674843
291,0.6461949317137836,0.6357284890711224,0.6383720750994235,0.6518481980454419,0.6685420969880075,0.6516786385917317,0.6534513056077935,0.6443413385948146,0.6726423528686377,0.6533626722569905
292,0.6690846084958922,0.6700813767862009,0.6665576451349141,0.6655686640968734,0.6829420239068644,0.6699450998715103,0.6740957053303742,0.6691741618969747,0.6848732624693377,0.6689366507027995
293,0.6448256981200949,0.6427115653708098,0.6434834519681207,0.6478448013627791,0.6648263065036198,0.6508639046054633,0.6523088154772769,0.6433351584839082,0.6698834945549674,0.6510768388392042
294,0.651316770088883,0.652195401306964,0.655835444924728,0.64865734166987,0.6645746875759977,0.6593029002675118,0.6611856814491139,0.6512147861082128,0.671172266633195,0.6547057762157668
295,0.6359016355801832,0.6344704072495159,0.6350099879838049,0.6397743710631654,0.6553035811322776,0.6399197899844631,0.6404478902775971,0.6360929762661013,0.6566276586788309,0.6429200119396588
296,0.6172367371787726,0.6074830865266714,0.6055537929910909,0.6163964226610531,0.6420688886411772,0.6246366497174657,0.6265573686151102,0.6173396328340036,0.6471793728509814,0.6347975956715227
297,0.6413959187841448,0.6399918307605902,0.6429787089197883,0.6444423643140392,0.6551730006637507,0.6519989107680787,0.6541092976156032,0.6413193321646783,0.6652058478138775,0.6415405823986929
298,0.6237508462009607,0.6133909287257019,0.6083943135295445,0.6286870184713581,0.6399858160600883,0.6313868024886368,0.6305325424712291,0.6242061829083524,0.6452483801295896,0.6301255601044454
299,0.6535682191211093,0.654143798227959,0.655335803991177,0.6519343171403744,0.6708207386722318,0.6561973159446552,0.6572890595408736,0.653694475183257,0.672283823627708,0.656932571835986
300,0.6321458705866871,0.6310543957022209,0.6262162978100834,0.6309034470479862,0.6440088866182083,0.6374445553981561,0.6361905204245141,0.6320645905420992,0.6503100253129281,0.6346539405339712
301,0.6355499757006318,0.633745931696685,0.6321038834808477,0.6377406005625672,0.6478727007643256,0.6430054636761262,0.6424090246380867,0.6338011575335405,0.6551698746741675,0.639334786386463
302,0.6498975887133149,0.6497238222702031,0.6494798098181738,0.6516019787191565,0.6503967050924659,0.6432907667167015,0.6453907526674998,0.6486368577111632,0.6465072944934523,0.6483299935669444
303,0.6685790159334603,0.6705372949861376,0.672161539232388,0.6606289875405017,0.671351504826803,0.6679109463206067,0.6690216120519759,0.6696228747035441,0.6732805558339179,0.6556101145739386
304,0.6520837144330068,0.6432449736417608,0.6426463007001147,0.6575757071824123,0.6687426205245041,0.6566361232601068,0.6578168393394642,0.6502502785492159,0.6730746844494704,0.6618703540485258
305,0.6807875268236319,0.6809038250874113,0.6793544320893171,0.6883881810951545,0.6907516619397049,0.6884407028917,0.6894986419364036,0.6805624334098651,0.6956962139287804,0.6776587283722745
306,0.6535310867315963,0.6507734272790239,0.6522399035460508,0.6524579510376496,0.6687730339384508,0.6617613106791965,0.6635569959041275,0.6539885589198526,0.6770502877371801,0.6588924897603188
307,0.6488126198154285,0.6480435719487004,0.6473971259157986,0.6538392950023034,0.6642195835995899,0.6542628286100667,0.6535197871929381,0.6481178760904133,0.6661440608699529,0.6530553863072328
308,0.6808767287246477,0.6802221744293689,0.6793852800089768,0.6776320095751943,0.7038048306106992,0.6865900526448669,0.6911158280579374,0.6809982888080566,0.7069186389010969,0.6774262925109638
309,0.6651147195884864,0.6656919250651478,0.6657980290130635,0.6690575422930336,0.6756105221163069,0.6724443803105026,0.6750333166396455,0.6659338420663956,0.6816711796212513,0.6694352723476135
310,0.6382040980313379,0.6285817597428687,0.629634391321816,0.6443551627159502,0.6597267979108076,0.6444997991161109,0.6468220168742467,0.6393169947770189,0.6639132181599036,0.6583005222981116
311,0.6674776444050592,0.6616289374043341,0.6602352372512689,0.6636832353178119,0.676468218802868,0.6746475469266092,0.6735599774430033,0.6678482236365101,0.6824619350680738,0.6746072665753645
312,0.6483797804727368,0.6448380626761339,0.6418210438123609,0.6494926499834974,0.6662153127459526,0.6597412049457105,0.6599781657540854,0.6505166591911173,0.6745851070131936,0.6603039868656009
313,0.6151132696175494,0.612412104959541,0.6160019644833876,0.6254385007561702,0.6273328240228254,0.622296886449742,0.6239885249224341,0.6148755047630926,0.6331093406507741,0.6085571960897426
314,0.6600879443597982,0.65343290887417,0.6549999605276662,0.6560775552415312,0.6721506895816722,0.6667587687789628,0.667808732859139,0.6616826266469831,0.6785373131971801,0.6589906134790126
315,0.66116357811769,0.6471679710731023,0.6465653273703325,0.6654138021266979,0.6775221828389276,0.6630508044500479,0.6651679869321471,0.6613776752226214,0.6789812149614228,0.6578093901404318
316,0.6610256989368739,0.646296804168616,0.6496644457708874,0.6671076193395389,0.670196976785455,0.6674544662590544,0.6681078290609321,0.6598722312742995,0.6751092971106845,0.6700840498814268
317,0.6203645878623546,0.6198981810132886,0.6134514897350967,0.618787500296445,0.6482422785950878,0.6312144760037629,0.6325030237393181,0.619870512810378,0.6575941311789026,0.6338508604811105
318,0.6668065074214602,0.6689263942618264,0.6704299917580582,0.6691862753105579,0.6743096445569771,0.6678497442027963,0.667077526229423,0.6654885392457509,0.675185814949843,0.6719447270135213
319,0.6378853236647128,0.6315080468335745,0.6347504263460353,0.6340876194843721,0.6556915404348013,0.6467991802691354,0.6478525057682111,0.63739090557331,0.6605497355938033,0.6468923315037476
320,0.6628432752051351,0.6615468530141816,0.6617998134416847,0.6614282778137895,0.6848587374112662,0.6692542410396674,0.6695862516007652,0.6631278556860761,0.690273671562505,0.6603611010102607
321,0.6463121587602576,0.6455152515774676,0.6456419393860137,0.6441216856834603,0.6566678654330271,0.6527037630365842,0.6544446987282179,0.6441707261254781,0.6643672148298296,0.6547798084153399
322,0.6293148152323406,0.6152421106426472,0.6183121773048046,0.6276463824318536,0.6399792573219399,0.6340345260373218,0.6367476082038794,0.6249333002652958,0.6429178033804552,0.6366348762579006
323,0.634202302631579,0.6369736842105264,0.6341282894736842,0.6358470394736843,0.6519572368421053,0.63703125,0.6366858552631579,0.634860197368421,0.6541036184210526,0.6408552631578948
324,0.6668929885740916,0.65792581998168,0.6570499943754319,0.6659408295434458,0.6815048130232857,0.6716055731434908,0.6734616806209524,0.6666398830089832,0.6835296575441528,0.6674795506773588
325,0.6479679339433023,0.6477972046966064,0.6441381665230989,0.6420040509393988,0.6730612529974623,0.6547854631806859,0.6564151514446023,0.6480416579361938,0.6776088592958195,0.6521896025888763
326,0.649117254296665,0.6495855084025598,0.6472962661070741,0.6550961655191551,0.6680598671545759,0.6528242659683321,0.6552869357104455,0.64611262378384,0.6713983455021592,0.6509295711139245
327,0.6417977230167542,0.6360721210413801,0.6410146993023217,0.6396848018825713,0.6579553552193295,0.6440183616989543,0.6456258389539797,0.6422451651392871,0.6589165271862519,0.6558258621546824
328,0.6240293761698226,0.6245743537317808,0.6263295573278811,0.6295129779829065,0.639036930686371,0.6301519171934783,0.6327527756271001,0.6237550081558711,0.6431111077702525,0.6294490840618493
329,0.6581409905948165,0.6521627168065163,0.6424841728271807,0.6531016504631281,0.6758262220003645,0.6642024610362341,0.6651532799290055,0.6545674962561506,0.6805010815564905,0.6626573803354806
330,0.6290858096477969,0.6283737145153822,0.6298852784160908,0.6265825549798604,0.6432971315235341,0.6371547649212327,0.6375828957370403,0.628190229880036,0.6503831333933299,0.62426278494727
331,0.6486828084530486,0.643386041736344,0.6453694125333479,0.6438799399544214,0.665300344562064,0.6568535183442354,0.6578957602532493,0.6470066656814629,0.6730860471808912,0.6577363127970195
332,0.6598918283153196,0.652188828199485,0.6517254898466528,0.6626896791381907,0.6761532224291404,0.6637589214908802,0.6630193621969366,0.6599809318447104,0.6777659963111139,0.6640262320790526
333,0.6318850317282568,0.6338969764837626,0.6357372153788727,0.625658827920866,0.6536020903322135,0.638073908174692,0.6402314296379246,0.6301082493467712,0.6595147443075775,0.6459649122807017
334,0.6670745481927711,0.6637031078860898,0.6656327012595837,0.6731499863088719,0.6797645125958379,0.672559556407448,0.6742367196056955,0.6671430038335159,0.6844537239868566,0.6681356106243155
335,0.6482274230345287,0.6483897704066375,0.6470482684371075,0.6516794408414721,0.6591474199584733,0.654370989379064,0.6527560602565089,0.6451855459571232,0.6670597181991405,0.6625396255756923
336,0.6700151297977385,0.6707437490046185,0.6695492912884218,0.6732839624143973,0.6854355789138398,0.6773690078037904,0.6807373785634655,0.6702978181239051,0.6908265647396082,0.6690277114190157
337,0.6498111292308716,0.6506597996472193,0.6509218890405032,0.6482011515292708,0.6649083103138417,0.6560971145205844,0.6585432821912337,0.6496738443105801,0.6705577927912937,0.6459921123573069
338,0.638520544686924,0.6297422251293334,0.6289952131771421,0.6449872153178331,0.6631533567223643,0.6440432300648153,0.6445412380329428,0.6381191651305227,0.6673381102455849,0.6591469941130998
339,0.6486211162046133,0.6475551189696572,0.647391399257804,0.648155424579786,0.6694971985738194,0.6458196900240122,0.6457833078658226,0.6486138397729754,0.6670668704067525,0.6535836425816779
340,0.6557307248008056,0.6526724623085809,0.652816859690175,0.6617324723793726,0.6630209413228281,0.6633097360860164,0.6660273688575575,0.6541275436154143,0.6692337312283404,0.6508286188205326
341,0.6699123240790889,0.6704460718518693,0.6712192211992056,0.6709444980808628,0.6803086318003784,0.6799397178986036,0.6802379887128045,0.6651753125956625,0.6898532978548049,0.6729421276128131
342,0.6412473877525172,0.6405666202267114,0.6409426255461972,0.6503942118928504,0.6531251978975365,0.6414888227471345,0.6395494268887341,0.6414096637325059,0.6544788170476854,0.6424347729719461
343,0.6533915085848498,0.6477468519359844,0.6492126625463959,0.6609262894418776,0.6738271372118739,0.6612691691168276,0.6642865102563883,0.6519771299256808,0.680487574897779,0.64164787971781
344,0.6699649458253665,0.6649458253664755,0.6668140535372848,0.6676147227533461,0.6890137029955385,0.6711759082217973,0.6727374123645634,0.6692080943275972,0.6904875717017208,0.6731437221159975
345,0.6466011528791317,0.6394493162445576,0.6405454712700067,0.6519822775495187,0.6582372600723616,0.6518672962531428,0.6520052738087938,0.6469154350892254,0.6615487214079843,0.6393803274667321
346,0.6372556881556597,0.6284528070802138,0.6308767888256264,0.6437512302162993,0.6553207310583141,0.644057417384141,0.6472359317931633,0.6374160719102434,0.661313251343214,0.6446625015491613
347,0.6783598973029309,0.6757501037986053,0.6761525881864477,0.6777582890600506,0.692569714532652,0.6785632578357356,0.6824694747366905,0.6755721633324012,0.6931459027089317,0.684011625443792
348,0.6211879186973317,0.6173289758928134,0.6189426415217356,0.6232987237371844,0.6401362650975534,0.628482013333116,0.6299163827810468,0.6198024482078531,0.6461182376815374,0.6179442877866701
349,0.6330216516574056,0.6214600498179728,0.6259206744587086,0.6346809733665453,0.6421153477677716,0.6395171488790956,0.6393102126844223,0.6285571948649167,0.6484843839816057,0.636340295075685
350,0.6541446742943317,0.6554150411434941,0.6543823558338524,0.6527800544208766,0.6695161131691965,0.6559518735862047,0.6553781595252925,0.6539520702881684,0.6704012720060322,0.6500631085467004
351,0.6406270358306189,0.6333021172638437,0.6341083061889251,0.6412947882736156,0.6575488599348535,0.6470521172638436,0.6499348534201954,0.6406514657980455,0.6612377850162866,0.6396335504885994
352,0.6537560909070241,0.65327866988989,0.6563250706658886,0.6465417288703309,0.6656840382239938,0.6573026470343061,0.6581438173978281,0.6523996089694526,0.6671769261664608,0.6549837449510832
353,0.6573564152334522,0.652763357859733,0.6542567598067982,0.6628974254803713,0.6665086745211334,0.6602341293128094,0.659730059134203,0.6552310447042538,0.6695707127702795,0.6579056260250681
354,0.6468817832693271,0.6491567874436467,0.649006511938554,0.6459676072800133,0.6595007513775255,0.644857238270162,0.6492987143095675,0.6465770579395559,0.6604524962431124,0.64666471865086
355,0.6538359201773836,0.6524692602297923,0.6515581535980649,0.6630195525095747,0.6689619028421689,0.6569643217093328,0.6584962709131224,0.6531183229187664,0.672364442652691,0.652336222535779
356,0.6587111333561638,0.6558792796115311,0.6590799329136043,0.6547421476427562,0.6735333631885356,0.6687828736510278,0.6697224344283168,0.6583511147405671,0.680672268907563,0.6537762440399357
357,0.6514751852347619,0.6482468641979197,0.6491405579483626,0.6584987519783309,0.6666089243391784,0.6555853890914245,0.6547979937165849,0.6512074708073164,0.6704671616758923,0.6572861631010779
358,0.6636213243513123,0.6557893795549726,0.6546939505492049,0.6675484745964797,0.6726679285213945,0.6660133836088051,0.6658419899548415,0.6612143612978225,0.6745085473270042,0.6697989477920027
359,0.6456116492500517,0.6437268374926437,0.6436154984014888,0.652303923907684,0.659159230805936,0.6437864834343338,0.6494568242910086,0.6452975139571504,0.6573300885941054,0.6375475179335465
360,0.6648218269469114,0.6662236202165942,0.6657663278999598,0.6705700341046046,0.6744506081560435,0.6664415819749899,0.6671510261297684,0.6647662680673203,0.6761857547032728,0.6671894899694853
361,0.668494294888005,0.6567698874303624,0.6619347571208534,0.6806210104446846,0.6814869307340399,0.6763450500777796,0.6795098737902021,0.6675785650244833,0.6860234334888925,0.6600879713709894
362,0.6432814331683753,0.6403507391642999,0.6418770603368922,0.6471287066394971,0.6602047158603652,0.6503229664130665,0.6492765709700007,0.6436905501837092,0.6638238279190892,0.6475378236548311
363,0.6657367399095911,0.6637796725941503,0.6641941103785965,0.6722180863719042,0.6717806242660997,0.6711129189467141,0.6720338918010391,0.6658326745819168,0.6762319930620045,0.6621756448728674
364,0.6408002840863235,0.6400174325698513,0.6387463076848579,0.6448033186447791,0.658967281648992,0.6404371055477539,0.6420108792148888,0.6398640905202331,0.6593304601875616,0.6413571578454635
365,0.6414481076048923,0.6356577637957048,0.6318055600141248,0.6376681326442168,0.6562630413148856,0.6484302269590061,0.6491765914416873,0.6418734551057751,0.6643205675580238,0.6587348720747328
366,0.6802015615863516,0.6747712654352837,0.6709145942971142,0.6828758642039006,0.6953616757816531,0.6828844632476868,0.6861091046675609,0.6795652323461631,0.6979757850926976,0.6813624324975063
367,0.6446770548352563,0.6450378652710044,0.6465326513619603,0.658419570992427,0.6521549502398795,0.6513223107727687,0.6507592878950081,0.6371674398318862,0.6594663177510804,0.6458586098885849
368,0.6700519927873148,0.6704562912889844,0.6739049575082274,0.6769978410460011,0.6875904617897486,0.6751218959982535,0.6762054159827283,0.6707393002401533,0.6918679399374146,0.6624269230458232
369,0.6453706297942586,0.6457795379338023,0.6414670715362073,0.6490962372878789,0.6690267229041564,0.6465822094669806,0.6480739669390196,0.6460900052249373,0.6691175913796106,0.6519207323999121
370,0.6514586829894363,0.6357858623753578,0.6366497186296771,0.652738012966071,0.6707144502583342,0.6567446605456281,0.6584065554348899,0.6515615230197124,0.675083094744463,0.66167686839767
371,0.660386686164379,0.6591528465552196,0.6615872910365914,0.6561367941772741,0.6752135331848849,0.6573581707600784,0.6584798431320417,0.6601000365582106,0.6715992555418924,0.6577943766825085
372,0.6421316838854155,0.6403959340997827,0.6418111737331524,0.6400795864170294,0.6614164051248325,0.6454574970238343,0.6477218804372258,0.642202445867084,0.6643384587207899,0.6282040609052538
373,0.6561299206754951,0.6562288701617824,0.6581666309349077,0.6597044708676221,0.6710589244190841,0.6615432821544601,0.6626894470372875,0.6561093061991853,0.6756270923693455,0.6592385837030196
374,0.660558429917124,0.6514806019909104,0.6495620311689129,0.6651150356193681,0.6764927896334272,0.6680007548475365,0.6693610530123134,0.6607667992891852,0.682783185771124,0.6523415999622576
375,0.6783910196445276,0.678453383224197,0.6744175687113012,0.6780613835805603,0.6870773753842042,0.6812419261437035,0.6822931979152747,0.6786493830460154,0.6917724620250345,0.6700521181344381
376,0.6575581395348837,0.6535880398671097,0.6480481727574751,0.6617441860465116,0.673421926910299,0.6569850498338871,0.660639534883721,0.6565365448504984,0.6723837209302326,0.6551661129568106
377,0.6303463694237218,0.6213482166216099,0.6231399192941008,0.6371484972688426,0.6558662406748218,0.6371088578291857,0.640676407398305,0.6293553834322998,0.6598539683043041,0.6314959131737714
378,0.6749434340429197,0.6729587322962255,0.6723715424303397,0.6809836604633319,0.68421711932481,0.6799815230922202,0.6807252969223422,0.6749630070384492,0.6877637461147604,0.6714202948476047
379,0.66081611342704,0.6556195495223567,0.6567086253171373,0.6540083699757712,0.6762712002675781,0.6679583295943091,0.6682112235990896,0.6607794030069913,0.681581974367969,0.6680929344678213
380,0.6642095791805094,0.6658437922972806,0.6629752676264304,0.6627522456010828,0.6828396087117017,0.666728189984004,0.663290574627784,0.6620293466223699,0.6828165374677002,0.6569959702227144
381,0.6524299902311951,0.6518112992510583,0.6534475740801042,0.6538505372842722,0.6651742103549333,0.6562113318137415,0.6572289156626506,0.6523200911755128,0.6678931943992185,0.6557106805600782
382,0.6448214271966495,0.6384968935492067,0.6428697908246145,0.6417611689801449,0.666397209968358,0.6558653024458969,0.6569739242903665,0.644863770392098,0.6748427527696299,0.6560000307950512
383,0.6443632193793449,0.6333512506271053,0.6367268687737404,0.6439762058338708,0.6584748799541317,0.6500680857163335,0.6503045939941231,0.6370601304378987,0.6616211567404859,0.6478105067010679
384,0.6417860726469998,0.6361709813365443,0.6400280955247842,0.6457876781055589,0.6569536423841059,0.6456271322496488,0.6445354204294602,0.6395825807746337,0.6627252659040739,0.6353722657033916
385,0.6629342247536665,0.6564084796613009,0.6572841630750955,0.6659762727868054,0.6805202320941779,0.6605089624293742,0.662976105264761,0.6630979394788542,0.6784414358162131,0.6688964866058511
386,0.6696126707343266,0.6660289403135864,0.6663431630696779,0.675666430668141,0.6839475924172879,0.6782756727946734,0.6780767976325901,0.6698195009028932,0.6892456267351857,0.6617769893482464
387,0.6475423880620264,0.6483718466942374,0.652635965014759,0.6500541289905527,0.6575854576041497,0.6536445555581517,0.6541819512916969,0.6474761871383288,0.6634734456412533,0.6652920239569461
388,0.6338607368119266,0.6346312356651376,0.6331081565366973,0.6312804615825688,0.6562410407110092,0.6440205705275229,0.6444416571100917,0.6340668004587156,0.6630053038990825,0.64453125
389,0.6255588284868089,0.6244391649477089,0.6250371214614218,0.6217222752847317,0.6439148895185045,0.6276697353741442,0.6299812988097053,0.6257193537253894,0.6444687015916077,0.6201732067324285
390,0.6480172055667105,0.6472252994530222,0.6504188880426505,0.6497870940940248,0.667027279651042,0.6491033718756491,0.6523835075815274,0.6478397839783978,0.6672436474416672,0.6437331233123312
391,0.6551434605239723,0.6554784703198283,0.6502116074533318,0.6487401087297616,0.6776781700832012,0.6563817245795415,0.6583663395727141,0.6551264980026631,0.6797730414648834,0.6461872492727319
392,0.6481205704172092,0.6359457963308045,0.6378794139891,0.6515355887008116,0.6697802069282768,0.6531963167702347,0.6567282877347825,0.6481361641080019,0.6720334952478227,0.6619989552227169
393,0.635574297309938,0.6329189360450205,0.6363814667853532,0.6378449329370408,0.6543126989635039,0.639338573648557,0.6418958675940315,0.6365398832244534,0.6574810277455078,0.6439628249422912
394,0.6453639994569839,0.6265263398566723,0.630030937631735,0.6459891825463171,0.6581784665509185,0.6510763866560921,0.6526840003143778,0.6435884794832772,0.6645803413856916,0.6556741617187891
395,0.6578293049612582,0.6564343124783162,0.6528962356886782,0.6600338267607263,0.6785373539956054,0.6549959523534173,0.6623250838441078,0.656708974210709,0.6780313981727767,0.6702107667399098
396,0.6605685003169366,0.655730443482179,0.6556349806401356,0.6627183235197531,0.6723257039429972,0.668071879701545,0.6664375558457626,0.6602592007087161,0.6797870796771065,0.6675716544092377
397,0.6672749835754435,0.662915379062543,0.6652959258988896,0.6693594828495186,0.6771783828503297,0.6620515690520801,0.663049208782474,0.6654905873096982,0.6709654394886894,0.6664801161479751
398,0.6554437108030988,0.6456524848859008,0.6419144274711458,0.6607063535682826,0.6635296597727803,0.6643653584093117,0.6665336575743659,0.655631931216732,0.6729482092709846,0.6556469888498226
399,0.6478622869123948,0.6464379045245982,0.6481471633899542,0.6438436294022911,0.6606855267555988,0.6504603603877359,0.6504451669755994,0.6466392172354067,0.664142028016652,0.6502172657935519
400,0.6561989464844644,0.6450034353767463,0.6481029086189786,0.6651881823039927,0.6677074585846248,0.6669287731887931,0.6670127490648141,0.6558439575540117,0.6758225818764791,0.6518932742957477
401,0.6452316402200782,0.6485647077585519,0.65094490072562,0.6452117056056136,0.6599314249262419,0.6470217685989953,0.6483294793078702,0.6432022964675863,0.6608643648831831,0.6342436807272147
402,0.63615929917584,0.6362992664070412,0.6353483125715274,0.6349654610273595,0.6623743382431643,0.6371390697942482,0.6361098989765925,0.6341750578394,0.6612134335608487,0.6422931572490675
403,0.6604948522085686,0.659482690452468,0.6588659043823442,0.6674495105249008,0.6748904809349844,0.6646581581819044,0.6653461118755041,0.6583163321788363,0.6765194287612089,0.6654212332558397
404,0.6179697562371798,0.6179379541732258,0.6191265563135048,0.6206252285773347,0.6425289001256181,0.6274388207794686,0.6280748620585476,0.6151950261571976,0.649390195423683,0.621968865779389
405,0.6721592200443585,0.6705251690870475,0.6718849189244261,0.6740362234221807,0.6897732705314388,0.6701489846939975,0.676003354310838,0.6726960665219401,0.6859565663769525,0.6634913046544981
406,0.6278295058235178,0.6218168059485425,0.6240787655458314,0.6282243205895901,0.6435645193130223,0.6339244587747582,0.6323863262486017,0.6282160952819635,0.6473070342830822,0.629836480884385
407,0.64068027336877,0.641226640490434,0.6431065138073454,0.6421202748504435,0.6541033096882929,0.6448984127572093,0.6442409201192747,0.6376289519011724,0.6560572666827181,0.6495332728316634
408,0.6522725989953314,0.6512727683214939,0.6512405157191121,0.6565823529886068,0.66507285056563,0.6572193418856483,0.6590254876190322,0.6523572620765838,0.6680239636835698,0.6517807468090081
409,0.632986887382873,0.6281546321669108,0.629160329952974,0.6311717255251004,0.6463798383875196,0.640436760181376,0.6402265097731398,0.633631655301464,0.6526663255937822,0.6383202394051315
410,0.649038000575282,0.6431533446259069,0.6440881779539135,0.6514429991370769,0.6611748537824794,0.6545111700597654,0.6542474991210969,0.6471683339192688,0.6652577583176196,0.6568043082233372
411,0.6509610318984416,0.6523120846999643,0.6543896470268341,0.6526689665720646,0.6721445201638258,0.6537396121883656,0.6560423499821559,0.6483184066074129,0.6757048416973982,0.6604523902588243
412,0.6653843074168165,0.6608238642567533,0.6581851401617447,0.6644562044592618,0.6860318685078288,0.6684452273670265,0.6686636045335099,0.6641650349039504,0.6868689809793488,0.6658647371830801
413,0.6716877347802754,0.669526265577485,0.6707076202969412,0.672835549460378,0.6759510464492279,0.677702581837696,0.6787087830183054,0.6726119491980204,0.6799683978295867,0.6712107208872459
414,0.6408175330433681,0.6391199695958786,0.64147206621342,0.6453528144926313,0.6624382416283097,0.6495249356023817,0.6500063341919683,0.640927325704151,0.670123727883113,0.6486550399054094
415,0.6719328196785784,0.6687507821019325,0.6671687016214091,0.6728579345358336,0.6858542340764047,0.6736623822377947,0.6734746777740038,0.6715976331360947,0.6875703891739215,0.6777248431326981
416,0.6643895873435997,0.6603103946102021,0.6615322726179018,0.6595509504331087,0.6865826515880654,0.6649798484119346,0.6633331328200193,0.6647392324350336,0.6885075794032723,0.6688485021655438
417,0.6687765865603466,0.6682664385389361,0.6672265214183685,0.6707269216883545,0.6843596465066634,0.6776492379173403,0.6793601958968403,0.6676267914043983,0.6915174156686078,0.6673246268071013
418,0.6337751292005638,0.6307542675337735,0.6349661647008399,0.6369690825317541,0.65657789537021,0.6379004805354302,0.6406369773249919,0.6340594940777924,0.656718017193772,0.6403196426069253
419,0.6356830583130629,0.6210842482414043,0.623672835448031,0.646661955164026,0.6544112813095786,0.6347298008020511,0.6383538228913287,0.6344093090526592,0.6517733876799684,0.6388222339096706
420,0.6464650899193001,0.6426256595279336,0.6449564571875573,0.6461897045793789,0.6674063490289673,0.6498774734791944,0.6515856608050831,0.6467883683618164,0.6691943581925143,0.6544632380526665
421,0.6755267848187212,0.6737483314944409,0.6718580014968327,0.6778569058769974,0.6874782997831907,0.6832655643599497,0.6841374308486424,0.6755885098798676,0.6938514123465553,0.6719158687416574
422,0.6538040246612211,0.6494577973899165,0.6494265014239664,0.658490595562232,0.6614871843019435,0.6606891371702187,0.6645933089224799,0.6519340906957093,0.665665195756267,0.6494382374111977
423,0.6627198737835357,0.662788139900028,0.6654429333191745,0.6708511267701783,0.683002495505814,0.6727170672876355,0.6742644325947951,0.6614455729423455,0.6898746178993758,0.6609828803750085
424,0.6344510801787775,0.6358337399979861,0.6302178947939179,0.633707464813825,0.6530337183092045,0.6389050263751075,0.6401443853166949,0.633614512893206,0.6553497703312962,0.6282387934840704
425,0.6425884766626774,0.6430566071530339,0.6419575181756751,0.6441475547305604,0.6584682770355534,0.6467283784773954,0.648022861050729,0.6425925473625935,0.6629297641436469,0.6467324491773115
426,0.6720197469182614,0.6691647707840775,0.6687372678473182,0.6749862455576868,0.6847035731810679,0.6781980937086437,0.6801162807987985,0.6737074541642504,0.6888299058750056,0.6606444513836226
427,0.6855725752194389,0.6840431524103078,0.6872389028836074,0.6835698527686074,0.6961650994320404,0.6881072708212727,0.6885375432228186,0.6848606699732449,0.6976123793281492,0.683718492325505
428,0.672013348662894,0.6717557821808788,0.672218655278993,0.6676571155540293,0.6837232914756693,0.671039075448315,0.6717707135711406,0.6687545727382677,0.6806175623012258,0.6749249697639347
429,0.6695909871345579,0.6647027463524394,0.6566902650704424,0.672256587561054,0.6856629897060783,0.6751887480301997,0.6774388283902125,0.6698967471834796,0.6875602700096431,0.6724682675949228
430,0.6297400398058591,0.6284917420300988,0.6305169524075561,0.629753133838472,0.6404902405810259,0.6342662104123747,0.6354097559272321,0.6306173399909215,0.6422099235308495,0.6327342085966688
431,0.6604900928646628,0.6593233921528574,0.6599990572115461,0.6585298785374208,0.6734337926808189,0.6670149746232774,0.6691519617856413,0.6607140051224839,0.6781791612325387,0.6566089470624283
432,0.6539205092272106,0.651003765174667,0.6500624715079272,0.6555540547385483,0.6680230300369764,0.6585763249869148,0.657926283620646,0.6537305620747295,0.6722187515828929,0.6566726324142705
433,0.6446419302296443,0.6432234333888203,0.6454250120818343,0.6433800497592582,0.6562494406558199,0.6466466197712506,0.6464228820991963,0.6449999105049312,0.6587553025828277,0.6433174032110831
434,0.6570573977618482,0.65254499510082,0.6532325993158338,0.6622144293744521,0.6750898183005862,0.6681364206762588,0.6706461760610593,0.6581747546112457,0.6826964399291767,0.6637873240162963
435,0.6367127617542473,0.6332200711181352,0.6343263532200711,0.6427578032398261,0.656357171078625,0.6499486369024101,0.6516159620703279,0.6369893322797313,0.6662109838008692,0.6419517977084156
436,0.636973907423863,0.63600452379029,0.6361782050246385,0.638290653526133,0.6511915340496002,0.6455933435657162,0.6458195330802164,0.6362145569108975,0.6575975442281283,0.6282090637369739
437,0.6465387867661062,0.6455370270208504,0.6472472556353747,0.6550289862800813,0.6616642162277461,0.646915875035233,0.6464207086212281,0.6443638635169004,0.6604148732754878,0.6437201471786941
438,0.6617832119573601,0.6628751897768144,0.6549471872437506,0.6568023317176933,0.6658953812179815,0.6703525992319621,0.6716840814802185,0.6640037021701537,0.6745013030664686,0.6679940895178248
439,0.6556374068837794,0.6529917073856355,0.6520615786558193,0.657381914990368,0.6703706459640681,0.665583583434614,0.6670635215913883,0.6546700730047705,0.6792668105265769,0.6622103165744806
440,0.6537624199963988,0.6496374261347826,0.6520886873680247,0.6524119755774173,0.671039924047732,0.65938517948634,0.6609156831611858,0.6506768591118168,0.6727259334435515,0.6451523137614379
441,0.6503364673316471,0.6532358134873287,0.6562306113683005,0.6568669562035667,0.6642326476717734,0.6512989388949872,0.6489842345567063,0.6502012440541529,0.6650121700949745,0.6621406640258356
442,0.6528634291752756,0.6518658423103008,0.6537584972319922,0.6483526016119111,0.6658123432645143,0.660110720312919,0.6595508098985853,0.6513571913000962,0.6704651199470056,0.6620191473589577
443,0.6493786149757699,0.6497498827575426,0.6499452868532124,0.6528607159606066,0.6602938877598874,0.65204783492262,0.6544864780365797,0.6447553540722214,0.6614428638424261,0.661126309207441
444,0.6500847633147442,0.6465906737341117,0.646241648320459,0.6499390164387134,0.6651350459869748,0.6550324862115784,0.6565973474068563,0.6512660800994147,0.6689935027576843,0.6464564331903991
445,0.6429000007792349,0.6412324379923791,0.6433480608738341,0.642011672939508,0.6572457161558781,0.6437805362694906,0.6428142849350508,0.6415207549228168,0.6576898800757416,0.6421051811331635
446,0.6645425042535762,0.6617107253135043,0.6614547230449304,0.6683628457999874,0.6793512508664692,0.6698673514399143,0.6703557249984246,0.6644558573319049,0.6832976242989476,0.6652829415842209
447,0.6491689008042896,0.6465333058362549,0.651656011548773,0.6528603835842441,0.6748277995462982,0.6587420086615797,0.6595586718911116,0.6497999587543823,0.6805031965353682,0.6551907609816457
448,0.6537159036978049,0.6519743880563399,0.6545725846022667,0.6581802971435926,0.6724904880265772,0.659226010923687,0.6593466702060056,0.6480529613809857,0.6767698705728098,0.6581239894785106
449,0.6485959250517798,0.6481303084308719,0.6483269913138416,0.6509962590112872,0.6642663327071593,0.6516866560698746,0.6527222516577558,0.6486521201611997,0.6663535796284701,0.649133792527656
450,0.6196479182131048,0.6068391929279978,0.6107994803967879,0.6196521357716445,0.635358323773534,0.6255061070247655,0.6273365274310008,0.6167673257304811,0.6398289358256293,0.6239245225723733
451,0.6491456769971359,0.6452915882624105,0.6470032570828327,0.6517112909685854,0.6685030265932123,0.6572505988951612,0.6590718447482373,0.6490965562583599,0.6745864411646905,0.6600051387849797
452,0.6381567208966602,0.6388014792947397,0.641226419685001,0.6325607046114419,0.645804609819792,0.6396327715689932,0.6412548052748536,0.6358777635399263,0.6485215162771082,0.6377187717960779
453,0.6463481935635069,0.6415325415605132,0.6453124881876668,0.6661173144235203,0.6646280154524218,0.6517308375605736,0.6542558419075123,0.6455846443448219,0.6673722567037353,0.6243186646204556
454,0.6364371721093623,0.6333672298104108,0.635216128560093,0.6388099255047879,0.6526766661274045,0.6456970733473542,0.6455429984515473,0.6352739066460207,0.6598334450376327,0.6456970733473542
455,0.6447096417863343,0.6411511756351586,0.6413563200252486,0.64530534953448,0.6601783178160012,0.6505128609752249,0.6521382357582453,0.6451791068328863,0.6651333438535585,0.64785781915733
456,0.6377261026553565,0.6366938479346268,0.6332731544667691,0.6376138071627248,0.6474958105143134,0.6447316137726102,0.6462951125546361,0.6374755973256396,0.6537757199868701,0.6427966760534181
457,0.6588090040146851,0.653661867032976,0.6547125534541827,0.6563560396071987,0.6686780974808055,0.6651785349261249,0.6637639921178077,0.6589398287830843,0.6742381501377749,0.6760451672512898
458,0.644107756829259,0.640544829410209,0.638742585105981,0.6383949824309517,0.6611025050062341,0.6551176937318169,0.6548834397551668,0.6462538255185702,0.6682510295840103,0.647311746703442
459,0.6529704421399543,0.654333066618077,0.6538696158508085,0.6470881824015464,0.6659668692118168,0.6532041480824229,0.65432118326507,0.6497896646517781,0.6652380235607279,0.6447946952712177
460,0.6561567598451024,0.653014368241742,0.654231119199272,0.6546049615224552,0.6698760677430504,0.6513109169011998,0.6556700594620902,0.6558181856656157,0.6666384521517095,0.6471633832024886
461,0.6145979384620125,0.6002650108623638,0.5961819946689675,0.6134693311557247,0.637944316903687,0.6267429856863319,0.6259417900559296,0.6150871300248062,0.6464107976518805,0.6241506555937322
462,0.6505643613725994,0.6493328901044106,0.6512594249104728,0.6546667472537435,0.6660597452441033,0.6561550898294072,0.6562306402139587,0.6499524032577326,0.6690742055877065,0.6627733035161149
463,0.6797765220716319,0.6806347452946425,0.6842545778986276,0.6831541827760548,0.6909376726005864,0.6849301100395122,0.6871309002846582,0.6760504737222246,0.6949823681862599,0.6752219909079322
464,0.6391234951113678,0.6383013707419973,0.6389189666097195,0.6425884485510559,0.6578198063796851,0.6458528838518732,0.6458288216752087,0.6357146867505634,0.6641722210191134,0.6411848215789601
465,0.6420421299005267,0.6421614671553079,0.6439861722768009,0.6515275168611993,0.6596809460749592,0.6489174956114687,0.6493101536755874,0.6407255705090696,0.6646161189984909,0.6413107080163839
466,0.6527529558668592,0.6491122644086316,0.6505950755063019,0.6515784133921255,0.6726421352479807,0.6580247395325243,0.6570648144535061,0.6514379365512936,0.6747648963983299,0.6497092909821672
467,0.6534788157018226,0.6505895005497725,0.6487796656420299,0.6573513005931122,0.6676404728845798,0.659277510694479,0.6603931073781872,0.6457057553552654,0.671236065073798,0.658478936089954
468,0.6633419048915185,0.6492883696609817,0.6485255248587125,0.6637537694561239,0.679590857322952,0.672170132298061,0.672793301291464,0.6655301592304221,0.6864099019404193,0.6676897621213532
469,0.6380719872793562,0.6365983520984244,0.6389192271245242,0.6414529159505951,0.656494434718363,0.6380478951510576,0.6437898523955606,0.6361285555966014,0.6554905960392541,0.6359840028268097
470,0.6301173636319242,0.6316271385086192,0.6320585027591035,0.6231992577279313,0.646997542037667,0.6252339947585174,0.6196588152947113,0.6263653085475234,0.6409421646346426,0.6208796575130631
471,0.6298369884623712,0.6284527823316527,0.6283213214142102,0.6410266324352748,0.6530127749079774,0.6339818738593832,0.6345463825048718,0.6300303133409633,0.6555569303102478,0.626542732531164
472,0.6489421527277714,0.648592394472448,0.6504371978191544,0.6513390254774886,0.6596440695401707,0.6557761547165929,0.6539930734149436,0.6486781195350273,0.666474642526489,0.6563487981346227
473,0.6207880486961865,0.6126348938131264,0.6123084603863436,0.6163293521256576,0.6396021352586505,0.6321901762740505,0.6338492261607589,0.6204616152694036,0.6478743423326548,0.6298436959944699
474,0.6480914633639154,0.647234722141354,0.6472222453274332,0.6461076499505086,0.6652221288771699,0.6501584555367941,0.6506325744657844,0.6472471989552748,0.6660040092162065,0.6460619016327991
475,0.6667760492626803,0.6609220547723221,0.6614851725814292,0.6689434451466537,0.6735456165937449,0.6732539296710419,0.6760492626802788,0.665702479338843,0.6771025765678172,0.6645802949278885
476,0.6446969197282502,0.6352153551876525,0.6336323461513093,0.6388843084229272,0.6598179539608205,0.6498499439350967,0.6518616845854495,0.6447793681155597,0.6623738539674164,0.6540383220104214
477,0.6582816665877861,0.654357360342026,0.6544046886585577,0.6594412103428148,0.6764084118194582,0.6668007635635067,0.6665404578225819,0.6582027860602332,0.6839967185700538,0.6609005001025446
478,0.6657476331291327,0.6663123877354125,0.6618178823271027,0.6636964757743805,0.6830550086674144,0.6628728753068892,0.665045611778271,0.666857532806752,0.6804587062413228,0.6674340531339958
479,0.6392907537485851,0.637755655827945,0.640019537609899,0.6473771534012498,0.6486408956288474,0.6449116931044642,0.6458575615202121,0.6387635484021026,0.6544711665193593,0.6399885255306942
480,0.6450005886854654,0.641784894330959,0.6406332783893566,0.6445885088597163,0.6584667687054807,0.6490478012597869,0.6487976099370106,0.6446547359745688,0.663110025313475,0.6483781715429446
481,0.6700466802851681,0.6656452790562214,0.664254715201037,0.6724340200011486,0.6835585308426243,0.6698497862879739,0.6719910085074614,0.6681843912283725,0.6820654180305677,0.6669045802466097
482,0.6553442214555556,0.6416630473084267,0.6432118594760262,0.6560161928721862,0.6712338870268543,0.6525743880552983,0.654065836809283,0.6547378082259135,0.6669726048726122,0.6476001606175581
483,0.6539973219911783,0.651913988657845,0.6549661310649023,0.6426984877126654,0.666351606805293,0.6614996849401387,0.6645242596093258,0.6524417139256459,0.6728418399495905,0.6452229048519219
484,0.6526485538479831,0.6535923426770904,0.6480559436402009,0.6543577777117208,0.6697407924853601,0.6615290865313159,0.6619155197526827,0.6524924942778157,0.6784726970066288,0.6588166225736453
485,0.6448070271254324,0.6416712179137084,0.6451210631713089,0.647860913890406,0.6679046058620062,0.6546422719825232,0.6507828144911706,0.6448661933369744,0.6726743127616968,0.6518341525578009
486,0.6398581607511487,0.6388218352533795,0.6401827928347873,0.6437870413531331,0.659452620363588,0.644344742625025,0.6466254911100753,0.6402077645335287,0.6630568688819338,0.637186188985816
487,0.6607031175271689,0.6461823720283425,0.648095416786232,0.6625462625727508,0.6812278804199869,0.6671522857205925,0.6653863982517714,0.6614425829047377,0.6854512946162505,0.6573479313364089
488,0.6437342297867005,0.6390364693528923,0.6397299669315278,0.6414656699108249,0.6583133511997117,0.6446471390286332,0.646755058222452,0.6407682542667732,0.6594104095161973,0.6435461626467316
489,0.6716225484663535,0.6680760181624025,0.671071251834038,0.6691699295903041,0.6886085620273825,0.6732938020367589,0.6705503416302753,0.6718092079560352,0.6914475226378892,0.6732807792816649
490,0.640844206620567,0.6342857361892642,0.6342665705830944,0.6480811395102805,0.6561536928289968,0.646923536897625,0.6472071878689379,0.6419864767482866,0.6604851198233698,0.6458962604069242
491,0.6516597526956494,0.6455810533215036,0.6459127640697312,0.6529746061434429,0.6761224212486712,0.6576665147990952,0.6588175111302944,0.6515518467895994,0.6814058141300786,0.6520194390491492
492,0.634320362141285,0.6335271398313883,0.633115993189086,0.633265501059014,0.6491714772208148,0.6343037501557374,0.6372274596121101,0.6349183936209976,0.6476930105070808,0.6401345570829353
493,0.645971035410277,0.6470699184858375,0.6437855701891063,0.647857178002657,0.6584113759000181,0.6483246133407685,0.6498581292745732,0.6440520903380296,0.661306194748323,0.6437486673992554
494,0.6617106938607273,0.6598706049476311,0.6592744161397879,0.6625203329824897,0.6723832095566857,0.6609746582954888,0.6651553403060436,0.6616738920824654,0.6715809307905758,0.6603784694876457
495,0.6847461574289706,0.68522356776898,0.6855728924080112,0.684567613724577,0.6959245458779693,0.6717512808570097,0.6729001707809347,0.6748175749107281,0.6903586399627387,0.6843735444806707
496,0.641437970171162,0.6398958524459822,0.6388517557425318,0.6474972259355368,0.6566975090211703,0.6491922448515984,0.650983373087643,0.6414510759875233,0.6613631796457935,0.6513372301293981
497,0.635048714214943,0.6302298350171889,0.6283007821296144,0.6355140888415174,0.6604041253208833,0.6378034317625688,0.6392971341930254,0.6356642096887994,0.6622881419542732,0.6420893819524718
498,0.6382162127440905,0.6305964157245632,0.6331698034429599,0.6455068088386434,0.6578237410071942,0.6402636819116135,0.6407133221993834,0.6382483299075026,0.6596945657759506,0.6382322713257965
499,0.6312574267690664,0.6336419679243327,0.6365847628617683,0.6366724884561092,0.6490098970420525,0.6371430166439378,0.6402851879321483,0.6308985493376718,0.6545445845395602,0.6406440653635428
500,0.6719350970896464,0.6613774739563058,0.6612373285164826,0.6724411778445631,0.6843379685139912,0.6751039412012021,0.6769569753499743,0.6730017596038556,0.6861442875161556,0.6779224217132002
501,0.6622012262844797,0.6618817228840507,0.6633575243050801,0.6629543414426339,0.6788762608973481,0.6694052672417727,0.6702496690857639,0.6622925129703167,0.6837448841419812,0.6679066441492841
502,0.6401565322095123,0.6403199449557065,0.6423798056248388,0.6375419282704051,0.6585533671626387,0.6468564548034746,0.6474585017631376,0.638883632923368,0.6639545884578997,0.6368882772856282
503,0.642388446442861,0.6389284761650726,0.6399763746522882,0.6409785466600617,0.6597187821514309,0.6485920054871775,0.6475936440193576,0.6424494150821172,0.6658537514765842,0.6433029760317037
504,0.6429923847494807,0.6402273731973209,0.637929452586099,0.6394308163248283,0.6588651358317138,0.6447606575973176,0.6446689075910619,0.6392306344929978,0.6607418405051255,0.6517086353437705
505,0.6774861821566543,0.6701056828197461,0.6703527977529016,0.6759746624821872,0.6915840890931706,0.679467220204117,0.6821113499888798,0.6774326405878041,0.6943600135089497,0.6869424469320681
506,0.6693412297901064,0.6694617659348784,0.6711854328051171,0.6742068721674006,0.6800649288033171,0.6649496962489152,0.6693613191475684,0.6691845328019028,0.6807560027000097,0.66229388319244
507,0.6537645083700583,0.6493817295429964,0.6509233699775615,0.6528726169144591,0.671533730446995,0.6589584644938415,0.6604436050171921,0.6537120441667877,0.675658223965648,0.6492364440570165
508,0.6532795974070283,0.6444216990788126,0.642835209825998,0.6554418287273968,0.6720402592971682,0.6494882292732855,0.6533009211873081,0.6511344251108837,0.6689781644489935,0.6507633913340157
509,0.6607115071208038,0.6610964154389183,0.6611824055950928,0.6519855536537627,0.6804933378102811,0.6693391861236456,0.6695029768973114,0.6607893077382951,0.6870122106021768,0.6655351454052594
510,0.6398197115384615,0.6419070512820513,0.6420753205128205,0.6433413461538462,0.6545192307692308,0.6432051282051282,0.6488621794871795,0.6394951923076924,0.6583573717948717,0.6360376602564103
511,0.6370679474681187,0.6268397650807238,0.6191517860681139,0.6438563536787376,0.6615783341655372,0.6444824880519295,0.646860213519747,0.6272122754040151,0.6657155764795397,0.6433134396969192
512,0.6653447046927577,0.6636373431465181,0.6643418369884132,0.6566545659489118,0.6793641321464684,0.6731065691978716,0.6741840303678287,0.6660450544532299,0.6858703399804399,0.6628416795133191
513,0.6333901166001602,0.6279607028679439,0.6263427686898623,0.6270661719521776,0.6567101486477026,0.6437200040448354,0.6441089305299512,0.6346813525307446,0.6655932295677471,0.6476792756633141
514,0.6857056740260719,0.6842614221485445,0.6885020805599511,0.6826078584047087,0.7001063304280847,0.6894063078224031,0.6930734517201249,0.6854628722611542,0.7036981220539354,0.6869866626478789
515,0.6773833755191865,0.6676305570785859,0.6679084579505937,0.6784611802525142,0.6951727867448795,0.6757122148699499,0.6751939672978271,0.67741717427389,0.6946395175039995,0.6696246836061018
516,0.6551338415727359,0.6501527836240899,0.6482546809472585,0.6523315092839437,0.6771276678671094,0.6594718051852891,0.6609762561776031,0.6509985501145877,0.680120979686014,0.6646204574154623
517,0.6352221724467285,0.6320102443601079,0.6319299461579423,0.6414896584368053,0.6500688874050157,0.6371451030775342,0.6396892882198311,0.6350066351672315,0.6522665224116508,0.6353405066393935
518,0.6499497799299369,0.6427352381574543,0.6436375662455802,0.6591404610447408,0.662545626770972,0.6593527735360646,0.66092061962584,0.6512767330007104,0.6699520663721511,0.6459403401899381
519,0.6566921647435067,0.6451488828384978,0.6477721595574572,0.652793984182549,0.6723281040667272,0.6605471282250746,0.6611435239206535,0.6566143740006051,0.6748779117507239,0.652405030468041
520,0.6714899680003737,0.6664798075350945,0.658246327050195,0.6752544009218384,0.6835929896682472,0.6801983821113524,0.6798558070368035,0.6646267878136703,0.6916902187030419,0.6710150343742944
521,0.6599242305889704,0.6610842055928761,0.6615919387595688,0.6588970473363537,0.677214497734729,0.6671926261521637,0.6698172160599907,0.6605999062646462,0.6832916731760662,0.6524410248398688
522,0.629843818508943,0.6280786501564839,0.6263626192528083,0.6356042394278889,0.648962065889539,0.6330415324836335,0.635014590042485,0.6277724860525241,0.6510938752059993,0.6309172827746783
523,0.6722880853586248,0.6673495850622406,0.666004742145821,0.6801867219917013,0.6861514522821577,0.6770302311796088,0.6783046828689983,0.6698355068168346,0.689226437462952,0.6735995850622407
524,0.652289225029401,0.6484934506670992,0.6491179690985036,0.6497505981588872,0.6730199927004339,0.657845005880206,0.6588993876475121,0.6513889452127013,0.6773835110912851,0.6456466198953729
525,0.6619270485105119,0.6650211722754624,0.6657232003565857,0.6608498625659313,0.6840576480202065,0.6663843696605007,0.668679890052745,0.6621870589109279,0.686806329396033,0.6680261496174132
526,0.6501022302648587,0.6425779260965273,0.6458445943299413,0.6567178209677799,0.6556132640831003,0.660227335041088,0.6619585908674297,0.6484297274642977,0.6638856901130408,0.6500082254236094
527,0.652424084026201,0.641920808899198,0.6418146327120665,0.6555971185416293,0.6660432218755615,0.6633153106061843,0.6656593541220863,0.6509498685048759,0.673638902954965,0.6542290792074356
528,0.6385614393652889,0.6386177651536487,0.6395994431793494,0.6400460262156312,0.655012592836969,0.6439888314008223,0.6457349308399785,0.6378975997167617,0.659792238306364,0.628253820095432
529,0.6341343269209402,0.6283972473870176,0.630193556989311,0.6421306824494997,0.6523455729301698,0.6365676782790983,0.6368047170719783,0.6342046978125764,0.6556715234927666,0.6436381010229706
530,0.6508344136809162,0.6553883883966541,0.6593808576170698,0.655409031981041,0.6735423565064449,0.6540878425802829,0.6527088511432417,0.6526015045044301,0.674987407413524,0.66220489996119
531,0.6370589524435678,0.6314266929651545,0.6314595660749507,0.6394696471619549,0.6522974651179779,0.6444079187668931,0.6453575863832274,0.6374607348966324,0.6578201475637373,0.6339250493096646
532,0.6501129193732392,0.6532676771204395,0.648172723956757,0.6511140602081442,0.6593404887740293,0.6590067751623944,0.6616997664004719,0.6520686363530535,0.6661699766400472,0.6581453283974762
533,0.6699196073602365,0.6704473489779404,0.6672193294163178,0.6644354923829293,0.6798631390071421,0.6770221299651691,0.6770485170460543,0.6695018119128875,0.6860289202406502,0.6670170284628646
534,0.6708353657073861,0.6654778944338272,0.6671690961865999,0.6708833430620748,0.6828616892826586,0.6731222862808754,0.6743137239223087,0.6674289735244965,0.6866758889804012,0.6833414628295444
535,0.6366744391227628,0.633318628686665,0.634177275018906,0.6441816864129065,0.6497668263171162,0.6438508318628686,0.6459147340559617,0.6355794681119233,0.6543672800604992,0.6366508066549029
536,0.6455444609480309,0.6394958488233324,0.6364908605427867,0.6558944991543104,0.6606423806375726,0.6491719110866896,0.6489315120242459,0.6388433370824139,0.6642998806590369,0.6568518025636843
537,0.6610116899985568,0.663623899552605,0.6613544523019195,0.6595324000577284,0.6735603983258768,0.6586376100447395,0.6599942271612065,0.6601024678885842,0.6747726944725069,0.6672824361379709
538,0.6542340168878167,0.6554603940490551,0.6567631684760756,0.6553035786087655,0.6774427020506635,0.6573542420587053,0.6581021310816244,0.6516284680337756,0.6815601125854444,0.6536630478488138
539,0.6668251959343139,0.664883539945445,0.6687825738340238,0.6620103607392442,0.689846003883312,0.6779838221537445,0.6803971354678447,0.6651232990857708,0.6978563174568237,0.6577850972007138
540,0.6445987804482501,0.6443636275177581,0.6454583049528072,0.6474408874185074,0.6567578086990367,0.6408566053647303,0.6435000486523305,0.6426810677564788,0.6530926664720573,0.6417120755084168
541,0.6583576340698926,0.655036100238589,0.6565448251126671,0.6578430302368737,0.6796591139457638,0.662279539039718,0.6618974846788405,0.6577650599591436,0.6832379496935768,0.6551062734885462
542,0.6364205591062851,0.6253560274589757,0.6284371444497896,0.6465305935445445,0.6459044433754075,0.6395284020189524,0.6408876060446399,0.6348780916164601,0.6490810100871265,0.6330760008857734
543,0.6455225114955837,0.6463205861920672,0.6490952396705151,0.6510718184524794,0.6530566674385524,0.6507906315127857,0.6536934731549174,0.6453819180257369,0.657787224188693,0.6479291408911972
544,0.6435807759880465,0.6389504622104002,0.6415611710424773,0.6509449452407927,0.6580792407598969,0.6499597720966126,0.6527921448861304,0.6434494195688225,0.6639081818629624,0.6474393708027519
545,0.6330727464885317,0.6281353115343966,0.62933336560415,0.6370581923502029,0.65352437656816,0.6407209300449371,0.6423990125130091,0.6332179651636534,0.6594622068397996,0.6412049922953426
546,0.647299379667312,0.6502904105258999,0.6386068197084042,0.6432889485953613,0.6708285590106287,0.6553399976293018,0.6554348255561263,0.6484017543166463,0.6776087557785768,0.6533841716385476
547,0.6540375432004933,0.6519187472215451,0.6491976539084795,0.6541307558831543,0.667309595170149,0.6597020062237391,0.6606771542885004,0.6543458620739104,0.6737556106864756,0.655270818694162
548,0.657486093620996,0.6495759284123794,0.6521779015753613,0.6585493999616375,0.6774137053932565,0.6661301486960945,0.6657131658174116,0.6555638025502672,0.6839519969310061,0.6567271847817928
549,0.6647872139507066,0.6609863388838175,0.6600931725896314,0.6674745821398218,0.6834020586105952,0.6652711763039441,0.6639019169630772,0.6650036198810161,0.6844093298498536,0.6654088891686865
550,0.6523348519362187,0.6465805936150681,0.6466953387957706,0.6510981538775371,0.6620031958657736,0.6588498283072111,0.6577703736443069,0.6518376228198416,0.6675534627545643,0.6520798626457689
551,0.655242931450324,0.6510257751431145,0.6525150379217156,0.6652936390317613,0.6735826577165606,0.6595835875977102,0.6618574375962573,0.6556679161944614,0.6778688286403394,0.6564416063696858
552,0.6552636056308856,0.6487650074343667,0.6510175095981003,0.656214168941361,0.6722812779713425,0.658522151453955,0.6593506579969375,0.6538174178705902,0.6756322910425128,0.6468601821234918
553,0.6455254676083991,0.6445828663765019,0.6453908102895567,0.6452691843241506,0.6589955432771247,0.6517414231975466,0.6546430712293779,0.6453994978585142,0.6641472716689689,0.6510246987585464
554,0.6659656663126824,0.6620063382696022,0.6595061501283541,0.6683362460385815,0.6801515164184596,0.672642590161467,0.6746661538075608,0.665877867063575,0.6856954118620966,0.6745449072254601
555,0.6495341664535924,0.6374288864740476,0.6391348120685246,0.648587317821529,0.6628579647149067,0.6563618639734083,0.6593981718230632,0.6490427639989772,0.6678199309639479,0.6464738877524929
556,0.6356241586236795,0.636099512477088,0.6343426046348902,0.6333006289882188,0.6520714019516127,0.6473711030491097,0.6488009674401625,0.6369133182741232,0.6595857956662939,0.6437698222556871
557,0.6309218584764267,0.6236029853698618,0.626376092695582,0.649340768862075,0.6515014341035141,0.6340183047907426,0.6352812288403162,0.6278101962097062,0.6496222639815583,0.6360268105081367
558,0.6694128648824107,0.6707305763151996,0.6600149933148364,0.6734626055908062,0.6727129398489848,0.6731611935915172,0.674884651946426,0.669366493805597,0.6757425168674792,0.676121213994791
559,0.660706136002392,0.6587074894166155,0.6611585855247628,0.6552334639535433,0.6756369702406244,0.6715688588829611,0.6714586972601231,0.6576491509686354,0.6833561525266355,0.6739648741796893
560,0.6549719357991991,0.6495995333144137,0.6509751521458077,0.6521694573203418,0.667825497430076,0.6635843345000473,0.6652319238167314,0.6527764639106991,0.6748967300476145,0.6614282786239082
561,0.630758743518212,0.6311921761470204,0.6295214903777956,0.6337573092502403,0.6516226141503932,0.6381704414708339,0.6408340819896922,0.6304395794915442,0.6577300739199647,0.6459604078995067
562,0.6339133070156352,0.6306805818905226,0.6308826272108421,0.6332411177768797,0.6467237574212801,0.6412219079295017,0.6410820304000497,0.6342591153523359,0.6515650741350906,0.6388478754157471
563,0.6460314132989953,0.6327166963630647,0.63384715588363,0.6485094404599697,0.668693009118541,0.6554419273211852,0.6561681165496279,0.6459340889694102,0.674300387800021,0.6503960351565424
564,0.6609493023716067,0.6627964508361646,0.6557005970247716,0.6629778672032193,0.6750915328033776,0.6687584523534651,0.6711168651251773,0.6611142263416565,0.6801382062869017,0.6674720453870766
565,0.6288134665603352,0.6216048224421823,0.6237588153429969,0.6300996075120013,0.6458225829150444,0.6349157949054745,0.6361589341839846,0.6282779002673923,0.6500758393144751,0.6311277384247315
566,0.6589747388695459,0.6612823172086821,0.6610008148751759,0.6561226757537595,0.6767686495295948,0.6633232091266019,0.6663975109267353,0.6534187717608712,0.6804281798651752,0.661182309800726
567,0.6435910379949815,0.6452910869920269,0.6409370313729567,0.6430491009784561,0.6619352348146278,0.6475776157740791,0.6494855310240383,0.6439176849638462,0.6635090793009755,0.6520541640064735
568,0.654817997224683,0.654810157346358,0.6568877251025064,0.6594435254364852,0.6709759864526903,0.6600315163108669,0.6594513653148103,0.6531716227764145,0.6740727383911002,0.6454571825045275
569,0.6491435738643044,0.6505624583545644,0.6508995414102614,0.6467212793477835,0.669689961980167,0.6571786932152236,0.6592952612393682,0.6482969466546467,0.6749265080547172,0.6555951867675303
570,0.6384496295477164,0.6354086033395997,0.6212613808102031,0.6372663938958311,0.6525784216152457,0.6409819750082937,0.6418740093626746,0.6383648494231265,0.6541929300748277,0.6362748350473663
571,0.6322674073546518,0.6270960441247457,0.6273294874534102,0.6339529473209411,0.6627020867459583,0.6314681607039702,0.6334781473304371,0.6320933140248004,0.6612539467749211,0.6472156937223528
572,0.6434974474344554,0.6391407804793632,0.6409319027429263,0.6436791554901791,0.6630959591589513,0.656139136454097,0.654823916241239,0.6432292117331487,0.6710824608462403,0.6532750713853076
573,0.6564034958027368,0.6565061685804873,0.661081267557045,0.6475941714717527,0.662099781512329,0.6625269002677706,0.6644653623116982,0.6576068207579715,0.6650813989782005,0.6575698585579813
574,0.6873408923427347,0.6849877738326522,0.6846653714745092,0.6903681248743887,0.6884002143766329,0.6892543712735312,0.6884085884638574,0.6882913512427146,0.688827292825082,0.6845020767736317
575,0.6483419761326712,0.6489984376948297,0.6488370728415617,0.6493688433807404,0.6706176606497136,0.6548552483918525,0.6548992569881984,0.6485473495822851,0.6771382676749526,0.6561828410482847
576,0.6449999238025572,0.6408243039363599,0.6445313095292522,0.6437236166354258,0.6607842240814398,0.6524025053719197,0.6543303006751093,0.6433121504442311,0.6666209482009784,0.6564371599689114
577,0.6427445217484482,0.6424919443105018,0.6486494760931628,0.6467972415482232,0.6617988105898831,0.6473712811799194,0.646077778543164,0.6418375391303682,0.664806778259971,0.6527328113399615
578,0.6694124596425075,0.6674785366919398,0.6688662680142091,0.6717833358957138,0.6884199283072915,0.6690321484346553,0.6733693145497358,0.6701083482355987,0.6860328685984318,0.6696552114773068
579,0.6565209099794198,0.6588212858266653,0.6533464707705265,0.6552853022272723,0.6799100509340559,0.6623890535482999,0.6645026976773752,0.656048121161074,0.6848763200343269,0.6522777296601483
580,0.6249989867466461,0.6238763020305598,0.6195436306894175,0.6255501965711506,0.6466258663316176,0.6296437401207798,0.630559721152677,0.6242045961172131,0.6494386576419567,0.6375876464151097
581,0.672173154922103,0.6715856108562981,0.6737841628444714,0.6623479018990941,0.6864334179902203,0.6707630491641712,0.6764489594784125,0.6687843523748153,0.6873280012129942,0.6788976915204125
582,0.6668336248680388,0.6631117412712968,0.6649033312014055,0.6759418368998173,0.6857050387985174,0.6722815994081974,0.6752406124540544,0.6628651568508087,0.6891572206853506,0.658449754571444
583,0.6591975885893793,0.6570231426418384,0.6572138038731468,0.6682403784171486,0.6807241495147218,0.6646178150222892,0.6658798107914257,0.6593246960769182,0.6846554025221757,0.6625114623716442
584,0.6549222569704445,0.6511121878165881,0.6495925648592697,0.6459322556490331,0.6761749548517817,0.6588732766594723,0.6576311500682729,0.6552085627450117,0.6773818438091882,0.6675725675020923
585,0.6532538832351366,0.6520636195917395,0.6540945069332857,0.6603508302088913,0.663914181991311,0.6599193596381598,0.6607674224840803,0.654101946081057,0.6682660834374814,0.6534026661905612
586,0.6683949125809591,0.6560538944259875,0.6589986241149032,0.6765998859022114,0.6632017852948086,0.6756434779690593,0.6770193630658747,0.6686046511627907,0.66868015705225,0.6708530487600255
587,0.6458573002080529,0.646346836372537,0.6454330355321666,0.6406315016521845,0.66980785705544,0.6572104597560479,0.6581568963407172,0.6437482152327336,0.6797046465140946,0.6574511483702525
588,0.6368289208310657,0.6372570989531645,0.6378733553158114,0.6317267983481129,0.6539280340621698,0.6421711431955693,0.6444761020584563,0.6372971156000896,0.6587700483401094,0.6319228799180459
589,0.6263926864552485,0.6193639276219618,0.6195911504290724,0.6335880753470828,0.6421922456430027,0.633269963417128,0.6348150785054798,0.6267410947594847,0.6482818168735657,0.6358830256988994
590,0.6421124005915103,0.6407426589343274,0.6405314052459061,0.6482489795083922,0.6494619845580368,0.6493665796664918,0.6499526382859829,0.6425315006507977,0.6558132244808952,0.6442249374757228
591,0.6460227778272088,0.640314974641872,0.6412091823115935,0.6422813417563841,0.6633864222795622,0.6534567132307145,0.6536346650057834,0.6448082569623632,0.6683868671589999,0.6532743126612688
592,0.6621038155243547,0.650166309527617,0.6540721847315061,0.664862314900694,0.6799501071417149,0.6683324271596252,0.6686682444750056,0.6600889116320722,0.6864745578405348,0.6663095276169764
593,0.6550715214564369,0.6565525213119492,0.6593018028865449,0.6557096758657227,0.6668432628553999,0.6632551493843215,0.6653903578480952,0.6553645105877443,0.6743726821750229,0.6617099327329062
594,0.6225624897828913,0.617498696102319,0.6199663711165256,0.6240259689711274,0.6401008866504231,0.628899043289403,0.6304481515790785,0.6223289558698749,0.6448883318672594,0.6241583048551701
595,0.6510255723024532,0.6516798574761935,0.6509230939017469,0.6545216623573186,0.669026297534212,0.6588651699564861,0.6591962540203065,0.6510531626411049,0.674788736835467,0.6522631960648294
596,0.657038755586005,0.6552169783410927,0.6492728461766034,0.6602852560609127,0.6690515858804478,0.6518381265278794,0.6537766843654143,0.6562913597932205,0.667190881771328,0.6532550643850334
597,0.6468718163623621,0.6335845321271938,0.6343395735641568,0.65386588441002,0.6621821781319769,0.6525942356740823,0.6543861043474491,0.6469874207929018,0.6669580861686524,0.6457302226107816
598,0.6526407294363096,0.6420971293899471,0.6440752617548198,0.6577908279565738,0.667836031371943,0.658694896263957,0.6603330371286172,0.6501873816790944,0.671483212919677,0.6612409689757756
599,0.6636155899079987,0.6634237429762707,0.6682454958603695,0.6657941183993997,0.6796753097262132,0.6671327836563468,0.6676102693530922,0.6636880654155405,0.6814147219072143,0.6703856549654249
600,0.657698194768135,0.6565829045234634,0.6563944589303982,0.6573136119251448,0.6768965702902062,0.663313104275792,0.6646360692556784,0.6562213966510526,0.6808885402004445,0.6734660913307335
601,0.649864771702816,0.6492018878930901,0.649815528905522,0.6471412662217138,0.6625125947923848,0.6566186107470511,0.6562398199986363,0.6499443177599831,0.6682626383533209,0.6595996939370753
602,0.6432449089865253,0.6311716929519435,0.6323832359596097,0.6445999797372598,0.6597210496099423,0.6457059876397285,0.6447435074803283,0.6410962142447063,0.6616797811624059,0.650218668737969
603,0.634517396442439,0.6301356722992157,0.6322728179627669,0.6374372669091579,0.6502754884356248,0.6450189542182728,0.6453566002117961,0.6341298709271452,0.6576499838850776,0.6336809552312108
604,0.6430159625659576,0.6435054591311851,0.6395853383333886,0.6457787143663094,0.6630106527727077,0.6467162247369993,0.6469153419838715,0.6430408522218166,0.6664620183851592,0.6528141904224605
605,0.6551875331863747,0.6524119454858486,0.6500627524175772,0.6557064474086469,0.6753286456741058,0.6630758338830874,0.6631643308822346,0.6550065165972099,0.681161402436081,0.6655336369048577
606,0.6435788955652747,0.6331012914440838,0.6327242564472985,0.6523737329639713,0.6600176214251129,0.6491669510965765,0.6485795702594794,0.6427216370462682,0.6642642261257471,0.6495876427772
607,0.6501598813534621,0.6448490771459678,0.6456291952781421,0.6555478401015011,0.6690584574235527,0.6558393128102256,0.6577338854169346,0.6499755677288275,0.6741506570995036,0.650965717665818
608,0.5952766956227163,0.5855010041861253,0.5857873383824941,0.6047620199869335,0.6116501722038055,0.6066171429493229,0.608278687863463,0.595373484646841,0.6212242198401368,0.6086416467039304
609,0.6453588356193113,0.6416341596409546,0.6413153810662304,0.6329600268445116,0.6618346545866365,0.648420787718636,0.648320120800302,0.644981334675559,0.6657019420326329,0.6487731219328048
610,0.6592343241417429,0.653480623963643,0.6513426579868574,0.6578563532518578,0.6730178713996192,0.669049008168028,0.6697092059202849,0.6590232143953817,0.6815159982804152,0.6517725541976295
611,0.6398835815244825,0.6383139828369511,0.6399151312468451,0.6445529404341241,0.6585373548712772,0.6484572185764765,0.648283695103483,0.640625,0.665391532054518,0.6403883770822817
612,0.6281738082441654,0.6261420823765085,0.6275752837901662,0.6346232146056253,0.6465774173059071,0.6381410726209671,0.6386948095307894,0.6281168059152131,0.6554453510529145,0.6291021318871028
613,0.6429508171278693,0.6398662176214052,0.6395519376716899,0.6471373364580262,0.6623857340182826,0.6535082954386727,0.6558750950599848,0.6429003771359396,0.6671193332609067,0.6389776977635684
614,0.664830178340568,0.6641837686966497,0.6617650836051678,0.6617950496151508,0.6787044409626795,0.6715639688695965,0.6726341835118451,0.6649628849562068,0.6842010633652685,0.6634260567299377
615,0.6680134024233452,0.6698523395800055,0.670499084427475,0.6693809171309464,0.682019714029688,0.6734172283476838,0.6750613628394436,0.6682588537811197,0.6868274437994312,0.6672497759769354
616,0.6358819048188092,0.6360126071759329,0.6377752218205718,0.6366026349595196,0.6513010486063394,0.6414348878200341,0.6427867236279987,0.6352059869148269,0.65539389956084,0.634985660084247
617,0.6430761601719079,0.6428819372701351,0.6418942931526096,0.6496549444191909,0.6633249307822637,0.6504070416132898,0.6519112360014877,0.6424976238687549,0.670027687094508,0.658952849291293
618,0.6433924415575394,0.6393631248046129,0.6430320608565772,0.6435444093230053,0.6561620757928376,0.6546423981381778,0.6542342561394977,0.6434141512383202,0.6643335996387509,0.6476909583521484
619,0.631121347941567,0.621879150066401,0.6209785856573705,0.636968791500664,0.6529299468791501,0.6385126162018593,0.6385956175298805,0.6318725099601593,0.6554282868525897,0.6333291832669322
620,0.6327662752242382,0.6351379075473711,0.6346003922630624,0.6288682636204732,0.6477264334424777,0.6394544425022772,0.6394790615229327,0.6325118786774662,0.6543735690194245,0.6365904297660372
621,0.6564961336812621,0.6568113443936383,0.6562248130680776,0.6538826777748518,0.6775115111760153,0.6577928866119237,0.6572422653675197,0.6553909011834367,0.6744152641784971,0.6428104027515102
622,0.6498502675422595,0.6454000972880943,0.6466161984677126,0.6472850541165025,0.6605405569743402,0.6598565000608051,0.659917305119786,0.6482275325307065,0.6680423811261097,0.661342423689651
623,0.6527072248838385,0.6356140308640489,0.6356782306537946,0.6514432915232202,0.6786078275593648,0.6555440530932262,0.661241784433156,0.650062996043688,0.6789448764555296,0.6587901549622425
624,0.6329866694965756,0.6330764646819209,0.6281377294879226,0.6433090342119656,0.6469416576191215,0.6310152570183101,0.6340764565187222,0.6319213720704321,0.6459294209843185,0.6283826254479555
625,0.650263797069279,0.6497088581125642,0.6483335746111406,0.651876337081182,0.665009892390098,0.6556643986552784,0.6565169135742894,0.6493670478856022,0.6678569705158519,0.6531671733500619
626,0.6541713330283767,0.6447308232250737,0.6447189930122876,0.6518368377052542,0.6736044292316671,0.6515450257898638,0.6537138981339811,0.6539031815385586,0.6677050964556682,0.6514188368534789
627,0.673335598899883,0.6751019504947365,0.6731735845477824,0.6777099864066007,0.6845145891948282,0.6799228653621219,0.6815588151613821,0.666131887585749,0.6895884045142731,0.6732407612303607
628,0.6667411123784607,0.6661987221925325,0.6624697896642764,0.665369184261113,0.6828772204098237,0.6752997104593567,0.6768231887757137,0.6662784854551691,0.6876151582104314,0.6643960724569478
629,0.63249252424197,0.633040877997207,0.6368951342480452,0.6470022013050031,0.6461421932572213,0.6411636145585949,0.6410531548093386,0.6304963587732656,0.6550894329469872,0.632247934797188
630,0.6413743186633671,0.6395587688226827,0.641269186601323,0.6477995050706002,0.6574393064518738,0.6527568861500639,0.6529994986009349,0.6414834942662591,0.6646853316512203,0.6300362301259967
631,0.6619532649269346,0.654353793876902,0.6571157161748213,0.6631793910379806,0.6852161831907735,0.6679499840980231,0.6695987680152659,0.6601245375872516,0.6890493965618252,0.6654516998376324
632,0.645820438350077,0.6405870589915726,0.6414123379199796,0.6501610880985256,0.6576044692028123,0.653216207208494,0.6534542684378423,0.6477804758050437,0.6662857686997096,0.6458363090987002
633,0.6465979161426535,0.6440178659898322,0.6457823611460454,0.6549211503136457,0.6640446954626179,0.6511787437404248,0.6512625858428799,0.646315901798032,0.6672611833931661,0.6500201983246824
634,0.6399689337442971,0.6396720964843083,0.6363336938753934,0.6369314346592064,0.6577181753860918,0.6475037206314095,0.6491302261655946,0.6404934817790717,0.665004920179241,0.6444499564909769
635,0.6486499626028421,0.6462902019446523,0.6470568436798804,0.6606731488406881,0.6540014958863126,0.6595587135377712,0.6614210919970083,0.6474195961106955,0.6646372475691847,0.6557703814510097
636,0.643439259855189,0.6448551890587289,0.6409010458567981,0.6462992759452937,0.6595494770716009,0.6457039420756235,0.6489139179404666,0.6434352373290426,0.6610378117457764,0.6472767497988737
637,0.6490684793554884,0.6488628734474656,0.6507678751258812,0.6473900637797919,0.6669436052366566,0.6491188318227593,0.6518378650553878,0.6496307485733468,0.6685716683450822,0.6508643840214837
638,0.6466357287093129,0.6468858259693585,0.6482984123455418,0.6474832805350229,0.6566998277107764,0.6529113173641601,0.6572278108153171,0.6466033086941217,0.6635080309009059,0.6401239370866448
639,0.6736684504063859,0.6696166977408654,0.6700404368144507,0.6732769962145976,0.6877729081414401,0.6759082140810512,0.6764328434102521,0.6736805572370598,0.6894032946721874,0.6758476799276819
640,0.6813181204259195,0.6798261456795552,0.6808783805006753,0.6833244338348462,0.6946163269152245,0.6832223513522002,0.6813456041712473,0.6773408298520589,0.6957863492163207,0.6849616798065145
641,0.6632966281482402,0.6642136101893801,0.6616724819906281,0.6672676266484306,0.6812010910532083,0.6683555714430034,0.6718836209911178,0.6633043991824872,0.684239565443765,0.6644311991482946
642,0.6320415800415801,0.6178087318087319,0.613995841995842,0.6334885654885655,0.6565904365904366,0.6371476091476092,0.63802079002079,0.6273679833679834,0.661954261954262,0.6504698544698545
643,0.6400679327614419,0.6327581362291532,0.6258284987025008,0.6340556354440422,0.6588072924414472,0.6447414092329052,0.6465926183038296,0.6295928992909208,0.6641047255417266,0.6531668898034744
644,0.6386707132943922,0.6317886501242965,0.6289290670896308,0.6408973752840519,0.6491329744238893,0.6445957693422196,0.6455947170156628,0.6386402110753557,0.6538303161555004,0.6427656362000336
645,0.6443514123543665,0.640488598267335,0.6419822750356823,0.6495834301457165,0.6562302917648621,0.6536163574202543,0.654670229362366,0.6441481063497859,0.6620722275699539,0.6576202409798519
646,0.6329380919167388,0.6345809628652341,0.6353372717417793,0.6326775855259288,0.6575097269724955,0.6355263489609156,0.6369549323943898,0.6305851309674871,0.6596778124185918,0.6362238338137295
647,0.6305718193085175,0.6302940296593872,0.6291971166858983,0.6352408222573614,0.6442796700713705,0.635753664686525,0.6373634200891776,0.6310241178397937,0.6483895323161959,0.6316758550935225
648,0.6382690736676865,0.6335076647071073,0.6373280046132407,0.6384132374377293,0.6504348940396291,0.644812507007961,0.6440836790594114,0.6399029297281712,0.6564096813980682,0.6549199891076263
649,0.6484695381247105,0.6447854827165171,0.647008547008547,0.6524441076165214,0.6649151614668856,0.6551050482084965,0.657934402761989,0.6482590206728138,0.6700602079912424,0.6546924340027789
650,0.6747577494235659,0.6662465432492345,0.6666431891815748,0.677841949570362,0.6934557128135171,0.6807482150933045,0.6827573935543183,0.673556690712554,0.6968142288387542,0.6728227103891579
651,0.6594227588900616,0.6592108434235567,0.6613092220624777,0.6574365707922314,0.6778635596812127,0.6678827567293548,0.6696196325136499,0.6615252927342081,0.6847944419974903,0.6599380043380343
652,0.651467132943555,0.6442544123271953,0.6420453214890677,0.6528604994262609,0.6742488700851632,0.6471621379003489,0.6470606602293395,0.6460693014433248,0.6696043151428103,0.6599600334095717
653,0.6621568217216449,0.661265701156907,0.6622033149685008,0.6639390628511209,0.6734469318331512,0.6615291628890904,0.6611804635376711,0.6622885525877367,0.6768176922302036,0.6639390628511209
654,0.6640841333797609,0.6591760765391567,0.6583926113847021,0.6653816180006301,0.6786549271253047,0.6674128239566234,0.6688802666268716,0.6630685304017643,0.6797244192409093,0.6645566996634001
655,0.637324837530463,0.6371682913620362,0.6277459044137558,0.6363559436772271,0.6636711345789331,0.6426601001895478,0.6413738830219334,0.6366859599241809,0.6673774708908746,0.6366478811264554
656,0.6526828449072131,0.6483583844151483,0.6502141237719372,0.657259215719204,0.6675539507935175,0.6583004450415652,0.6587370895961038,0.6501217566546309,0.6707280208245865,0.6480896800738937
657,0.64004606232131,0.6336601495942472,0.6354253905911572,0.6504028648164727,0.6530741906604672,0.6461865018627083,0.6462081612614434,0.6349958125162446,0.6565324746585035,0.6458868801802062
658,0.6695665651900897,0.6694910538991646,0.6697732276705164,0.6701348870112631,0.6796334125539508,0.6750311980859874,0.6751583749970193,0.6696659221518333,0.6853166307656845,0.6662997082879604
659,0.6546492546469542,0.6462333599165695,0.6458882890620208,0.6507269492669161,0.667543402245261,0.6624363535979387,0.6639930065640145,0.6547297711796822,0.6731795595362248,0.6502016747438808
660,0.6427394351242302,0.6421235931195582,0.6404799320450202,0.6455808027181992,0.6562497345508601,0.6479677213845827,0.6502442132087493,0.6420896156296454,0.6605224039074113,0.6411764705882353
661,0.6502578800730358,0.643878167123746,0.6436817563487964,0.6535241185157165,0.6645449453323343,0.6570158656259321,0.6583398197385555,0.6499014308888679,0.6708009922381372,0.6386041740926913
662,0.6425891973580246,0.6372500134246722,0.6410856340664483,0.6453048167724019,0.654364552728277,0.6404872772463313,0.6380631650007288,0.6423513888782344,0.6504598909149489,0.646417146758517
663,0.6743008678881388,0.6765670202507232,0.6764545162327226,0.6760366441658631,0.6899389263902282,0.676711668273867,0.6749919639987142,0.6742928318868531,0.6891031822565091,0.6669800707168113
664,0.6443746647981868,0.6441757063026591,0.6395088320271276,0.6527914741959482,0.6598415252331274,0.6473590422311033,0.6483365339700006,0.6418055050950675,0.6621165723776405,0.6358194494904933
665,0.6406381124523917,0.641215060357627,0.6421470531276224,0.6451649344780841,0.6586889161448582,0.6410657801303983,0.6416467626363695,0.640581628042089,0.66015751081273,0.6446081595765283
666,0.6629297520321528,0.6571065760382677,0.6542956710419252,0.6602914464654103,0.6707131644050662,0.6689049799044949,0.6730062711126088,0.6629872851753528,0.6760555277022084,0.658828460824039
667,0.6727011149742237,0.6695799864125005,0.6724373576309794,0.6677376813331735,0.6875114894297246,0.6725652399792191,0.6749070854813571,0.6717260120688966,0.6859049674299644,0.670926747392399
668,0.6603425172402523,0.660583553943197,0.6520042814655032,0.6628509330980161,0.6786122822498938,0.6662091054678563,0.6670425205085466,0.6607755662319835,0.6828120403961173,0.6596153217635716
669,0.6688227061689634,0.6669122601760868,0.6588521033417996,0.6707664738942738,0.6857538486600961,0.6730619710174977,0.6748835590572171,0.6677304938280747,0.6885676838434027,0.6544869563929595
670,0.6424988236084969,0.630012268082818,0.6307601169669266,0.6459733799408444,0.6585019494487766,0.6463094917988707,0.6485614412476473,0.6422257327238505,0.6608379268620597,0.6397511091691315
671,0.668370338674147,0.6706128464793419,0.667732452178323,0.6585286613100049,0.6857715653179923,0.6758823436187579,0.6745194060127736,0.6677047179828524,0.6910569105691057,0.6762389261319514
672,0.6691097155522718,0.6700406353897304,0.671865533801256,0.6620243812338382,0.6871592168452161,0.6755892131510898,0.6763206501662357,0.669235315847802,0.6918285925378648,0.6717620982637607
673,0.6641163369579458,0.6628193370889558,0.6619546705096292,0.6621948556705533,0.6867199441023626,0.6741429756757937,0.6734093191842438,0.6654788418708241,0.693410192584829,0.6646753133324599
674,0.6804274037409979,0.6808243480796805,0.6792325202725145,0.6807595408407119,0.6899864714888653,0.6880179516051943,0.6890953719530472,0.6786128010498773,0.6971476713948949,0.6820718874298259
675,0.6391871550426492,0.6276699216488479,0.629812034428191,0.6447257709676174,0.6604345980161334,0.6446794550156316,0.6451348952101587,0.6404878613609171,0.6633679416419005,0.6467829711683198
676,0.6549788206817724,0.6495537215087743,0.6520624621797889,0.6600299199892422,0.6715776911181335,0.6632992671283534,0.664198547703893,0.6552309554225778,0.6766287904256034,0.6564412021784441
677,0.6681995507743232,0.6617291247980455,0.6604878433226937,0.6607242778894274,0.6771170745162943,0.6735863183197384,0.6742325728021437,0.6671789415612562,0.6821767742443945,0.6782716633171769
678,0.659518765255077,0.6611298624928508,0.659546959456738,0.6631598450124457,0.6768058386163897,0.6595832091445879,0.6618709672222267,0.6598007072716874,0.6759439015941807,0.6562804598071517
679,0.672184846423262,0.6710887696222945,0.6638235862289079,0.6741250283468139,0.6851529888040584,0.6782993591520313,0.6786017251660913,0.6714793257237887,0.6890921460427848,0.6751665112841316
680,0.6496120557507723,0.642395585218027,0.642395585218027,0.661140328121438,0.6694494886368103,0.6600948046128812,0.6601655543239865,0.6482953250163117,0.6765165986683332,0.6515773255036986
681,0.6457659527583682,0.64010420739119,0.6401326405129335,0.6510118637200475,0.6615960932890724,0.6550351504467554,0.6565776473013414,0.6449129591060626,0.6694649597315914,0.6586816983103617
682,0.6641640849370208,0.6581413054129637,0.6617934164009558,0.664020864898276,0.6820741276768956,0.6677747374927447,0.6700587202158854,0.6633198404981042,0.6846520883743018,0.6596338089746199
683,0.6532193232478257,0.6551641534101521,0.6524803689899064,0.6571171039489391,0.6740643296223213,0.6621679781074651,0.6628825712360025,0.6531462398596799,0.6800246859444404,0.6529513508246242
684,0.6424760929525823,0.6409689992898079,0.6226278758650304,0.6284126381158439,0.6602308950071845,0.6388838423043256,0.6389581647315309,0.6425751895221894,0.656869869688011,0.660858506614696
685,0.6670542758719222,0.6621727811026622,0.659176416427222,0.6722334227612592,0.6785118981474132,0.6677805470449097,0.6709951899417396,0.6668677472100074,0.6780753417046338,0.6509651866080358
686,0.6321959944916776,0.6324691653694169,0.6330192491917136,0.6297075200574781,0.6581247754759909,0.6359941923122979,0.6374311459705424,0.631571069333014,0.6603625314333613,0.6319864387498503
687,0.6422507575577762,0.6401185192217923,0.643848947330944,0.6411905722627044,0.658992191023237,0.6431447944110829,0.6442761861811968,0.6413329852127887,0.6588418662425926,0.6439201538059861
688,0.6440265426558973,0.6447914117103152,0.6432140817492046,0.6450871610780234,0.6600378015283783,0.6487109406869543,0.6503222648282614,0.6432650730194991,0.6631380707622855,0.6385262843001278
689,0.6575133546795277,0.652143535856017,0.6558165717799053,0.6639571372677404,0.6771321574295136,0.6631905906401463,0.6654902305229285,0.6581920678393766,0.6814359973490263,0.6576091730079768
690,0.6648379860024962,0.664873532710871,0.6555405469453529,0.6665402783702229,0.6848665813545666,0.6640520087839866,0.6626775360601608,0.6635069592555729,0.6831050444728818,0.6624208098330094
691,0.642127300565572,0.6443653719963753,0.6453223135331063,0.6465721963565916,0.6620863669031029,0.6414711120832421,0.6417757710214668,0.6417289004155861,0.6598600131237696,0.6517513983064088
692,0.6444977770783334,0.6431876303261597,0.6434079553055042,0.6451744895148916,0.6645945626942598,0.6512412951961286,0.6510839202108825,0.6441594208600543,0.6694653184876264,0.645701695715466
693,0.6694487364590458,0.6660756351478001,0.6667299914722595,0.6774318836174507,0.6850815201330666,0.6723574558626105,0.6743585197193445,0.665695686314243,0.6862213666337378,0.6797073549650869
694,0.637501804012123,0.6277962187905902,0.6305491412902294,0.6355246067253572,0.6559748881512484,0.6428200317506134,0.6432313465146485,0.6352143166402078,0.6591355173906769,0.6482320681194977
695,0.6584802669691011,0.637303057253123,0.6380944998816915,0.654049820089588,0.6716329011675819,0.6536255415670564,0.6565465360106396,0.659018774324622,0.6653421561508147,0.6643385742609802
696,0.6676939618026773,0.6675708505347133,0.6686829556553213,0.6676980655116094,0.6838256416148916,0.6757577498543184,0.6765866990586091,0.6641196313227895,0.6904982723385396,0.6662002117513809
697,0.6644595575891498,0.6624567622646813,0.6620624497349127,0.6742353850598496,0.6806458917319299,0.6698471941345036,0.6721115631173333,0.6642175043530542,0.6857680505344692,0.6601962973663046
698,0.6500079736944024,0.6374475065118504,0.6393308171897664,0.6544808365544528,0.6639125779333703,0.6520811342390438,0.6559388835309038,0.650288951497156,0.6661604003553989,0.6577918182301437
699,0.6685392824301246,0.6651430735111159,0.6653401231753587,0.6640187313092598,0.6819077498473831,0.6715684380529948,0.6728280104165861,0.669744762729022,0.6834068727831912,0.6801690763393582
700,0.6321823262020935,0.6278618791442512,0.6274573585220401,0.6446223779140081,0.6541140164310438,0.638867342257809,0.641319487885233,0.6321447933608574,0.6605863463864214,0.6266775094874683
701,0.6768807568874255,0.6628600008335764,0.6650856499812445,0.6766306839494852,0.6958529571124912,0.6824490476388947,0.6852165214854332,0.6772642020589339,0.6998207810611429,0.6716208894260826
702,0.6445047188656966,0.6427112835492262,0.6436967851340193,0.6430087097031953,0.6627276197917129,0.6521889677092859,0.6517628048618078,0.6446334555592056,0.6692266032157538,0.6559312102137029
703,0.6393318119174286,0.6400060757842948,0.6381240645515034,0.6365421377869326,0.6545175679080038,0.6435737466842518,0.642995806226938,0.6388761280953157,0.6572368518545961,0.6565218357759962
704,0.6481249661929821,0.6468035947485145,0.6486349692066362,0.650377479503288,0.65945707861001,0.6534684068587678,0.6528038574773396,0.6476651907488544,0.6636530124950738,0.6409462874098801
705,0.6037878730509719,0.6038295229945552,0.6047761126214475,0.6091114931126139,0.6212505584878799,0.6066427873656789,0.6064989057423913,0.6028337107070646,0.6223486024550748,0.604454272148304
706,0.646395000906728,0.6358429547240525,0.6242292812670012,0.6504790545850209,0.6684549356223176,0.6543628725140542,0.6563954542706885,0.6402632533397812,0.6718778335247537,0.6456318382397389
707,0.6291081920586804,0.6263350922495415,0.6279779948355226,0.6416002395119943,0.6449010141836009,0.6389057295759889,0.6397814453051907,0.6274091538490326,0.6524531267542383,0.6187867220538154
708,0.6435011587887001,0.6371143466510621,0.6387428105053242,0.6501074093180471,0.6547348645256665,0.6500612117618978,0.6510467596264158,0.6419381414723161,0.6604094643393364,0.6410372891274052
709,0.6738734978659064,0.6709282913077033,0.6738498732143701,0.6663569212354118,0.6967303482273637,0.6789882349235349,0.6808152079756824,0.6697194966374246,0.7017387743530783,0.6792126691131306
710,0.6686701631601913,0.6647473027661085,0.6664926975761257,0.6732176011088391,0.6791382540918386,0.6605121535947432,0.6648071937644915,0.6663729155793598,0.6716005441524996,0.666077738515901
711,0.6625736003459632,0.6569433817903596,0.6579496690063538,0.6597834403379794,0.673597019393899,0.6646319151059512,0.6657878979408536,0.6629935797212335,0.6756511759422508,0.6610433784637902
712,0.638680561253795,0.6330393041765816,0.6288216952490359,0.6513169771067531,0.6615409862968737,0.642578157052597,0.6436530729465825,0.6344875687207681,0.6671124969229507,0.6553376548781489
713,0.6518941446466707,0.6502247155197144,0.6494916010582348,0.653922162368916,0.6726643929493513,0.6562968157332738,0.656583686609505,0.6472603831319925,0.6749992031364549,0.6595759092213049
714,0.6515033718119898,0.6536963172038467,0.656920242702858,0.6519597072692548,0.6532442070748897,0.6577399563946119,0.6586526273091419,0.6494245102844491,0.6583146010445011,0.6324217891730187
715,0.6664055241484654,0.661823063477316,0.6607483111034125,0.6707399650410217,0.6812119112482875,0.6724091775191723,0.6738264333968474,0.6667401540084721,0.6863061587641529,0.6670196683621247
716,0.625126738396816,0.6218164071366958,0.619391353036425,0.6346831918403172,0.6444590729559178,0.6306502625565594,0.6304081354701049,0.6248619118960064,0.648991389355488,0.6132549446890937
717,0.6375817683055497,0.6319561088837308,0.633420552859253,0.6306815783920658,0.647393964971513,0.6482886684954632,0.6486516142646128,0.6376872757965816,0.6564844903988183,0.6393627347541675
718,0.6463793038992112,0.643945568058619,0.6375565441698755,0.6515608060114397,0.6728401061721934,0.6537365882836742,0.6547908333021796,0.6469400725260758,0.6782758233952672,0.6531384350816853
719,0.6392955546310178,0.635123360362977,0.6374272907819234,0.6414895871764882,0.6554858663484862,0.6434284996585317,0.6441035865955994,0.639896068011084,0.6573698298937916,0.6442880580260772
720,0.6551435291085409,0.6511284190856664,0.6507136183511066,0.6474918650729727,0.6708012500402719,0.6645107767647154,0.6665404813299397,0.6546119398176488,0.6770192338670704,0.6624488546667097
721,0.6588330993291881,0.6555273264840692,0.65664163193748,0.6534584326922362,0.6793474627264826,0.6688358479493065,0.6704850200203546,0.6558504750655583,0.6882841924628379,0.6702807306872293
722,0.6681828275086493,0.6618830001360964,0.6605721776128705,0.6674522051186546,0.6810618378734591,0.6739275251240984,0.6741424140623321,0.663032655955647,0.6867993725243003,0.6521377867871955
723,0.642354427589014,0.6429013575734963,0.6452841068082183,0.6470139318754187,0.6526358633438197,0.6454367384317948,0.6481162713790267,0.6405101288041313,0.6562820632403694,0.6403702164825195
724,0.6435076479270092,0.6445433047095129,0.6443168858177915,0.6376710720515228,0.6655289816181403,0.640002348047766,0.6423084663893734,0.6427613041728163,0.6601200858714612,0.6465265664832953
725,0.6590359269208413,0.6577517005199742,0.6578538102643857,0.6587963617512607,0.6728796518843175,0.6617889627220886,0.6630142796550261,0.6585764330709898,0.6772075341282184,0.6612352137235497
726,0.6519251620642721,0.648437800386032,0.6494413300420636,0.6531401634869003,0.6693427457494175,0.6595227658969094,0.6625448896886367,0.6517867441806815,0.6755715505109927,0.6460808514237817
727,0.6271855141663448,0.6110443071305691,0.6150028086929046,0.6138573886177721,0.6501070814169856,0.6310606326580768,0.633623564933469,0.6162711090826107,0.6527928940069515,0.6349357511498086
728,0.655316629892445,0.6557932853090188,0.6568388520292451,0.655616461525451,0.6766508037794162,0.6588454175732089,0.6601754399452615,0.6554396377418834,0.6789725769375659,0.6490816695240365
729,0.6668233950731306,0.661634565330557,0.661705932729929,0.6714412856207285,0.6753119175160787,0.6700307299625531,0.6710718543769206,0.6677553693472822,0.6794512266796527,0.6791489647529009
730,0.6470419177873765,0.6412390218337658,0.64036414968344,0.658334953466945,0.6655367995739753,0.6531195320490605,0.6547255775424122,0.647549090048435,0.6702027843757132,0.6384368950914178
731,0.64536942063991,0.6441410515170566,0.6466267412235714,0.6400092644674585,0.6597293452006749,0.6532938490553551,0.6536081792012706,0.6456672070939351,0.6656271713595606,0.6363448367137611
732,0.658090098928951,0.6554124764941542,0.6519867549668874,0.6603384841795438,0.6723407734445263,0.660918976371515,0.6597498160412067,0.6582454419099011,0.6729294415828632,0.6592429073665277
733,0.6580821596047212,0.6522477706846075,0.6417072822904695,0.6575536671504191,0.6790624711636062,0.6677544103953627,0.6710763629652621,0.6589378140545438,0.6864110329091413,0.6640717407534792
734,0.6462708505903945,0.6496491740973542,0.650554662248859,0.6408257402264126,0.66743003784372,0.6552404619207718,0.6548831392421511,0.6430996118176355,0.6731634426415891,0.6522641264272605
735,0.6593504425687822,0.659406084678731,0.6607200945059837,0.6612080330086116,0.6749815953020939,0.6639815781814447,0.6669092091972127,0.6577068602441405,0.6786368539095002,0.6549846770189526
736,0.6515168365279973,0.6530817320295186,0.6541263196358639,0.6457060697292016,0.6711177484569495,0.6573434905907679,0.6552384281141024,0.6520450880551606,0.6738662451245959,0.6545513039471907
737,0.6542417192137261,0.6542334980310267,0.6546240042092455,0.6515040653748448,0.669886629890576,0.6608926560174947,0.6623724689033764,0.655006289204765,0.6770883859352006,0.6603665003247368
738,0.6365179725693567,0.6309790926787227,0.6318409438756557,0.6353254974218762,0.6526442486292108,0.6427849681263652,0.6448504390983253,0.6369006047817882,0.6568643475935034,0.6306856174866636
739,0.6659138276711917,0.653416700346306,0.6506747814785758,0.6683387616987218,0.6828645920008876,0.6746784585027221,0.6746943077447322,0.6652006117807416,0.691209217919153,0.6780067993248223
740,0.65193314388274,0.6348078073586599,0.6367708644929704,0.6565584804068202,0.6654801076877056,0.6582037092431947,0.6595049356865091,0.6538139395752318,0.6719488483398145,0.6570707448399641
741,0.6422791107752377,0.6390043453617986,0.640346526859374,0.6458372693494553,0.6642971849612695,0.646907865734618,0.647419547830468,0.6427514327098683,0.667815983374268,0.6524497764342843
742,0.6233572887274541,0.6164434813787083,0.6185441252124028,0.6278859494598344,0.6370913682635198,0.6254228568756138,0.6266699923612952,0.6229831480817497,0.6380033360874242,0.6144480646016182
743,0.6532483871215201,0.6435902943455281,0.6383623434107873,0.6550779781676473,0.6729366278757566,0.6604555183074173,0.6619590815989935,0.6522549613753001,0.6780610170531693,0.6612264780564143
744,0.6513794140458063,0.6475529843777205,0.6405292897956599,0.6433387676284842,0.6721695500087054,0.6600452682062078,0.6615251903322307,0.648079266844996,0.6807008657940138,0.6647778534006553
745,0.6353360842561917,0.6296125265842519,0.6259691071927878,0.6351750959574991,0.6499944925055711,0.6385304310249871,0.6422924733733827,0.6366155175773803,0.6532312046161276,0.6353869226663051
746,0.6533123654518528,0.6345137945249401,0.6368612302853566,0.6687481869398598,0.6667862650197719,0.6600454982670962,0.6617936699390812,0.6528008916438921,0.6737942195825763,0.6558010290547659
747,0.6516020545920772,0.6498486216179513,0.6482230015257663,0.6494412180567649,0.665266050502065,0.6556161779155316,0.6563990318174193,0.6498725865333153,0.669124401875654,0.6590391666600097
748,0.6398731244876866,0.6325920382052105,0.628764389322499,0.6438076909369542,0.6564097081150433,0.6460600876724045,0.6490466516982073,0.6402508998895186,0.6621333618446844,0.6369008161374247
749,0.6349620885673743,0.6289075761928391,0.6300914923437188,0.6294255395088489,0.6504487564527783,0.6412298799543844,0.6423441539787418,0.6358064993514577,0.6565859688525589,0.6536348837411751
750,0.6573790306858502,0.6496276367606347,0.6472803836706047,0.6534409482590556,0.67838733575077,0.6613327094786915,0.662572620579405,0.6575583888953874,0.6807423870238235,0.6735758568253597
751,0.6471890287914027,0.6467359050445104,0.646403079637501,0.6524661159675996,0.658585291522977,0.6547357446467239,0.6557783302590424,0.642906407891571,0.6629882107626914,0.6536530595877776
752,0.6403063220999577,0.635422699453723,0.6378958160502136,0.6445207945278382,0.6552428506581933,0.6469782584876422,0.6458121370544868,0.6377666817975488,0.6616604316997198,0.6475456665675333
753,0.657806543837357,0.6560355781448539,0.6481853557814485,0.6487452350698857,0.6759926937738246,0.6529304320203304,0.6515327191867852,0.6535657560355781,0.6724745870393901,0.6521124523506988
754,0.6351796444824378,0.6332520386526873,0.6335369890796939,0.642839782431968,0.6517235310386443,0.6388504764538757,0.6399316118975185,0.6352969770112052,0.6533661864413882,0.6246029551035459
755,0.6467054248523282,0.6408451250844116,0.6422616876110935,0.6516420482329838,0.657292774366816,0.6548322246629358,0.6564234318846879,0.6467364727981185,0.6645347077224003,0.6531633975767078
756,0.6625565094770022,0.6641159636680354,0.6654348637551325,0.6608353033884948,0.678735846708971,0.6731201526274314,0.6725892746049521,0.6632325494587533,0.6853220521753557,0.6722284434490482
757,0.6258966762645007,0.6273696386665113,0.630681723615665,0.6260090208544846,0.6373683071750745,0.6307191718123263,0.6340811876903617,0.6258675498893198,0.641928665346271,0.6290256811410881
758,0.6391451625180787,0.6374743092030144,0.6362715992996879,0.6377407322828652,0.6523559412346807,0.6461064169901805,0.6459770114942529,0.639978686153612,0.6580345588795007,0.6440473471873335
759,0.6528899983751606,0.64724368159057,0.6479970162040798,0.6421291304155158,0.6663540081832818,0.6587468057135261,0.6593671989246518,0.6487318867339251,0.6702757795536123,0.6465900530288483
760,0.6890141177263385,0.6898311937733751,0.6937270460595033,0.6965868122241315,0.7015229623639611,0.6948600020216315,0.6971680312678998,0.6888793422958994,0.7060716331412783,0.6914906162606557
761,0.6498910400151596,0.6496620661339734,0.6553429870827149,0.6495041531124657,0.6614107949341502,0.6556153870448157,0.6554969522786849,0.6460063796860689,0.6651454378928087,0.6570129172851593
762,0.6591492031223943,0.6574736557901675,0.6570051378157533,0.6606262258891915,0.6726409325889986,0.6644617204932939,0.6647396548848955,0.6588236228350897,0.676436722280015,0.6441883918716101
763,0.6666105993168409,0.6694139668081289,0.6740848083359211,0.6776213642480075,0.6823482731256254,0.6685298278301073,0.6701428423558637,0.6671410827036539,0.6833574854224891,0.6596064934616844
764,0.6635408973974014,0.6565373347508177,0.6572271410369818,0.6642022998953118,0.6694854045105215,0.6751742775293573,0.6760588526492619,0.6639669542212087,0.6783798479180023,0.6678420424758365
765,0.667046777002804,0.666507853444034,0.6683433177383956,0.6631337233369522,0.6731311458764537,0.672420391617786,0.6732014402536846,0.6627588199917209,0.6807698015355416,0.6592831535619723
766,0.6712661528159684,0.6654782088361424,0.6585682941771502,0.6738377808488509,0.6782829218253572,0.6793585889526849,0.6800851985353831,0.6713302654262064,0.6855561412756984,0.6667996409693827
767,0.6649052322705017,0.664487264786666,0.664103417097429,0.6578808195574662,0.6868485251718784,0.6623249228039647,0.6649777368340243,0.6643635805312452,0.6848183973932477,0.6738275585580975
768,0.6262781826973013,0.622338425171469,0.6141141813362941,0.6431654160921187,0.644213033434215,0.6295732526279973,0.6303522501387869,0.6269139162980606,0.6455919485682563,0.6290897369316452
769,0.6315826870002917,0.6253823773587728,0.6228394276867385,0.6384224736916898,0.652318945722983,0.6362385286792368,0.6381906165157102,0.6309656477416363,0.6545178492629186,0.6406101583360134
770,0.6411007762263118,0.6425733123182454,0.6403238099466483,0.6445268275356849,0.6609763136279886,0.6534952383066575,0.6540798129361186,0.6425363139239757,0.6701519154068714,0.6533472447295787
771,0.6352040191153046,0.6337662868112568,0.635395989053629,0.6366948494873994,0.6521096270881837,0.6426663399093249,0.6464894008087244,0.6350610627782542,0.6591022342033248,0.6322632030388433
772,0.6445824511499362,0.6453541932668531,0.6431278586782603,0.6619042231668094,0.6583243094726294,0.6546797472241527,0.6546716661548656,0.6444491135066992,0.6655002989995636,0.6425783459667384
773,0.6262470873945719,0.6211110564142955,0.6224073709428637,0.6418808046995504,0.6400347871746906,0.6331183748482163,0.6358668898296741,0.6246923304125234,0.6452938859899576,0.6265506547208821
774,0.6520111311789283,0.65117009154542,0.6530653375398234,0.6628012433433844,0.6595843636391824,0.656615532490485,0.6576852418860992,0.6523987070469044,0.6638476981869201,0.6527320222933639
775,0.6732986029655635,0.6676077302032859,0.6676279536317232,0.6767810773424797,0.6843527289494333,0.6822414030205712,0.6834709874695637,0.6705927082406427,0.6913419458173905,0.6794465252105258
776,0.6456476988131776,0.6414562911987872,0.6422180275116861,0.645907803895631,0.6602581728732694,0.643113532152704,0.6411367335260588,0.6465469192410876,0.6590914157891217,0.647862307800923
777,0.642212111213379,0.6401411875032562,0.6417258565896184,0.6471441223972353,0.6559574874528941,0.648368442074918,0.6502179462688641,0.6433322334716843,0.6595957140128162,0.6433322334716843
778,0.6651106358476598,0.6651723286995147,0.6620506703956568,0.6676976227687752,0.6734062679937485,0.6661100600477091,0.6654931315291601,0.6632804145759644,0.6737681993912972,0.6624701817882701
779,0.64669149779052,0.6488642211276924,0.6483087880941296,0.6440164342832871,0.6667891886593643,0.6317070580835926,0.6384539358148121,0.6354153903959094,0.6496442778145344,0.641864131278231
780,0.6633522970680467,0.6609447024350121,0.6641191288105969,0.6683002895967921,0.674357831965317,0.665404321675206,0.6660897578696643,0.6619085970834689,0.6757715441163871,0.6686558596226674
781,0.6294759207881442,0.6321127492567201,0.6336069520555797,0.633817134034959,0.6417046904974817,0.6292160594318208,0.6324643263858636,0.6314172379795016,0.642736492941707,0.6345890751228609
782,0.6647625155046282,0.665758186865576,0.6639102883228001,0.6706437268485314,0.6776471779467231,0.6698843164884865,0.6707112299916465,0.6643068692886013,0.6823133327145545,0.6658003763300229
783,0.6517622471750912,0.6528213665828345,0.6528851262796217,0.6511990365201374,0.6670397789663844,0.6580000708441075,0.6597144982466083,0.6499309269951472,0.6716800680103432,0.6541709468314972
784,0.6683015567894003,0.6692214402983228,0.6713582100634431,0.6750542442517593,0.6853008390327611,0.6655089059573801,0.6708879557135904,0.6682726815223041,0.6841705785778518,0.6675755500738382
785,0.6220736813461725,0.6226881314572124,0.6238336420213653,0.6287667986271429,0.6499828831754781,0.6284771292890812,0.6299254759793896,0.6221834045802866,0.6531780237528857,0.6216435662684445
786,0.6323208945727556,0.6340666157663676,0.6377370045174016,0.6313943500668067,0.6512693262072915,0.6414710186422345,0.642671947572692,0.6321419482089458,0.656709295667112,0.6376813323153273
787,0.6542751072828872,0.655868914204563,0.6557377049180327,0.6560001234910932,0.6760905807168658,0.6597588836405174,0.6599749930536261,0.6546648760458152,0.6801426322126517,0.6591221326911797
788,0.6732644422737477,0.6682946892190633,0.6663025037273148,0.6715678714033554,0.6925436567100235,0.664361729474063,0.6680376330265796,0.6721505321063185,0.6841807619145546,0.6676006374993574
789,0.660901366198381,0.6577274871073243,0.660352412689331,0.6655326781972676,0.6758468187757564,0.6491723172796647,0.6529608696660661,0.6598421178781014,0.6649837246882176,0.6570354964163387
790,0.6505773350284749,0.6484874344729097,0.6485745136627249,0.6507340775701422,0.6596596945262021,0.6601125063132413,0.6606436893711141,0.6510475626534771,0.6664954109266967,0.6395182779219423
791,0.6286693708204381,0.6130431849421923,0.6136545710599327,0.6299132253358407,0.6493004899521854,0.6367860485904387,0.6377811322027609,0.6293144885860537,0.6540566523026066,0.6343531534874307
792,0.6565461504258899,0.6581285254705713,0.6578844125160199,0.6553735364120626,0.6762975039450397,0.6618338113878693,0.663455418871675,0.6566202561442359,0.6810925798380136,0.6565374321060845
793,0.6651236700290175,0.6645440867148757,0.6644558058127217,0.6609629527274961,0.6712495969784902,0.672063316598345,0.6724932062088342,0.6644711590130963,0.6785423671564338,0.6753719312790751
794,0.655899615462457,0.6498967820279296,0.6537381096943938,0.6553410240841935,0.6706658571139446,0.6613155231734467,0.6637441813398097,0.6577049180327869,0.6742116980368347,0.6544181339809755
795,0.6604632631114756,0.6585059223098169,0.661020292904833,0.6628422445206062,0.6778743124163489,0.6545873724440456,0.654904569965263,0.6594768561857385,0.6741994630851714,0.6585059223098169
796,0.6458628727980582,0.6447694119343443,0.6448975831711166,0.6448695457130726,0.6583115041695705,0.6449897062475467,0.6502847804667036,0.6446372353464228,0.6558201757548084,0.6528642266067466
797,0.6363135846798325,0.6295990424895272,0.6263115898663475,0.6459605026929982,0.6499660881707561,0.6453301416317574,0.6477398763215639,0.6336006383403152,0.6569479353680431,0.6406064232994215
798,0.6569934563162612,0.6572174971677854,0.6572174971677854,0.6570991359632066,0.6733061666187585,0.6682419979371332,0.6680137298997312,0.656532693055579,0.6819296258095061,0.6514727515598316
799,0.6566733116554192,0.6526332129609961,0.6525964476543734,0.6532786483439272,0.6717430023366395,0.6624209545907613,0.663613784538963,0.6564486347816141,0.6777153221457867,0.6611341688589683
800,0.6584768773865083,0.6543869325413662,0.6555876113703861,0.6625880356385235,0.6793551124310564,0.6655070004242681,0.6657106491302504,0.6566652524395418,0.68514212982605,0.6510267288926601
801,0.6382530711064508,0.6361687254375421,0.6368933445862425,0.6399239576140423,0.6600939447413963,0.6434021295278041,0.6431037569371627,0.6378950239976812,0.6640324629378618,0.6346129255006265
802,0.6774698755351328,0.6741640357691863,0.676804575282236,0.6763665515132482,0.6920031736061754,0.6874824377262434,0.6883336914659747,0.6780525297938809,0.7003834774128498,0.6740235375791336
803,0.6423651061667887,0.6423128072561003,0.6473633877740089,0.645659937540158,0.6541921312553233,0.6454806269892264,0.64545821317036,0.6422380945265455,0.6589737459468344,0.6440162574899512
804,0.6761347661741276,0.674529849114367,0.6689926900128081,0.6800552934928619,0.6723001468245291,0.6810002811533535,0.6792977414013933,0.672081471994002,0.6784308518946612,0.6803754959232764
805,0.6601007060814109,0.6618211694270003,0.6630576253538542,0.6578189568216575,0.6815963296781961,0.6651563465981193,0.6674258939901734,0.6604708294016204,0.6845491816614063,0.66524989425048
806,0.6649206035448376,0.6597629453925165,0.6595213517530181,0.6664763201628194,0.679749328296472,0.669704889708843,0.671410687224089,0.6642360882329256,0.6829778978424956,0.6766195925120614
807,0.6582495356433741,0.6579212835457632,0.6612398321911228,0.6613238967527061,0.6695542176391469,0.6727326586818677,0.6724124127329789,0.6592823288285403,0.6791856145519759,0.6640459873182605
808,0.6659612598185007,0.6632349576755892,0.6627926485167391,0.6660260809883322,0.6900632959658354,0.6717532219934417,0.6737817433081674,0.6595363379852055,0.6953481278120949,0.6801532830016015
809,0.6625374917700992,0.6595462784592,0.656559129296821,0.6632527819096621,0.6768270379672755,0.6593105578450259,0.661765303551253,0.6609280889560828,0.6722264218423598,0.657676770139888
810,0.6527186220089435,0.6523548310620243,0.652085053505882,0.6508342666546766,0.6690973896977674,0.6600557540282694,0.6624428766462562,0.651390171921879,0.6756865021296077,0.6528984737130384
811,0.6509555499027628,0.6533269876176487,0.6546604084780949,0.6522684565961253,0.666136033544766,0.6514314785791068,0.6538849729623278,0.6489369558617181,0.6674817629054625,0.6425775640657438
812,0.6675978186255815,0.6640750133475708,0.6629881397299977,0.6640797803371215,0.6871329418045916,0.6733182060864923,0.6754919533216384,0.6676645564792922,0.6907558538631683,0.6598371596369461
813,0.6855158204116262,0.6779597463886132,0.6826903411027702,0.681145038746184,0.7006809935385151,0.6852052449379985,0.6866975222137214,0.6849098194874748,0.7022868959875164,0.6903411027701817
814,0.6670187037705922,0.6606938140930007,0.6617067386968607,0.6745528212698463,0.6874852772586648,0.6710350676068282,0.6734221147353048,0.6684203087457009,0.6905319031989572,0.6692408561961147
815,0.6489152876403791,0.6442112178183752,0.6466434135201927,0.6508743391622611,0.6594300372258892,0.658405543216442,0.6593205493164827,0.6509681859417524,0.6692213845528201,0.6567671348578221
816,0.667873798890757,0.6661658082333518,0.6626242953112043,0.6689541315114766,0.683272342724112,0.6702931353230727,0.6715332354440395,0.6659946287688012,0.6845124428450787,0.6667097785318128
817,0.6313315379529438,0.6204705616745416,0.6223411975294706,0.6370321394591282,0.6495460482817564,0.6382577284675299,0.6388947122284756,0.6309606360161907,0.6546499814549032,0.6357984873651449
818,0.6554810722453182,0.6537914449849506,0.6554142730280478,0.6586009886284157,0.667905726657603,0.6598348094650561,0.6595911887903054,0.6548680911927197,0.6737526228516193,0.65753220115209
819,0.6321521718815044,0.6205557773832078,0.6219447960648719,0.6331716351341019,0.6434937005666517,0.6335879159622458,0.6347093255401032,0.6330611932817372,0.6454816539092167,0.6344629552540587
820,0.6600114319757191,0.6594197064719474,0.6596692777728579,0.6668786680943218,0.6661621569400948,0.6692053166737781,0.6701552977546633,0.660116090908359,0.67459122636117,0.6620321544443818
821,0.6449018386287759,0.6386120030031469,0.6349938499384994,0.6497180556221147,0.6653328221593904,0.6508522228079424,0.6519544416223383,0.646387437900353,0.6711154773885402,0.6433683168000511
822,0.622430224116893,0.6173563165129821,0.6193295028033918,0.6259132261402777,0.6414515854995907,0.6290409774029625,0.6297746474522342,0.6232720139628994,0.6468961895494494,0.6275195774060516
823,0.6586363948983257,0.6577346609709688,0.6590299482649263,0.6584415286682612,0.670507951306368,0.6635080506499362,0.6648071588503657,0.6565540008711667,0.6739696925698653,0.6604780718177581
824,0.6559569237391254,0.6489210240958869,0.6515491395508612,0.654793930915743,0.6759016298454585,0.6616063372761963,0.6636177768212633,0.6567474277578658,0.682209106937397,0.6766755788062148
825,0.6639318409411691,0.6581756964540573,0.659275672010156,0.6683435708597156,0.6817719462864983,0.6652210596036934,0.6687851381080421,0.6640146348002303,0.6810465143785335,0.664799205178953
826,0.6319662121695303,0.6342957368531583,0.6332923689593752,0.6449088801947622,0.6508435290548896,0.6350229841250088,0.6351474328560206,0.6320362145807245,0.6533636158578795,0.6357307862826386
827,0.652720047124806,0.6562875940629381,0.6565904207216401,0.6511768756585443,0.6728061660485685,0.6593988268578208,0.6615393550207,0.6464146153271773,0.6788875890849657,0.6612904563971095
828,0.6768364165454167,0.676799002286427,0.6793556433173976,0.6794762003741426,0.6974101018499272,0.6804489711078778,0.6816545416753274,0.6779546871752234,0.6993805861567242,0.6707004780710871
829,0.6463136436441295,0.6417471565629601,0.6394740248183921,0.6431992104709671,0.6674108948535002,0.6578815382873044,0.6580595058971994,0.6470093352100826,0.6771991133977252,0.6459091718034591
830,0.6620404986800543,0.6605031053057239,0.6584392596096623,0.6553568431172081,0.6731341461553721,0.6682892588466879,0.6688996383501442,0.6594845345093312,0.677818808844399,0.6539300810278791
831,0.6487049384807281,0.6367822109980136,0.6354925391521273,0.6595882289533255,0.663014521320008,0.6523121698825051,0.6541369593002664,0.6496712299234666,0.6659249449483361,0.6514074747070328
832,0.6484724505792835,0.6426566741865178,0.6415516384353611,0.6560624020188889,0.6670133445493824,0.6585248346270026,0.6582571789087294,0.6477803693648913,0.6752189041410164,0.6488548158911024
833,0.6497711432435244,0.6418540369440192,0.6412596038103164,0.6486602963249172,0.668254298494598,0.6515878795084038,0.6554442644633012,0.6498120105214664,0.6720289488936113,0.6515247209879479
834,0.6769542574206624,0.6583416711562636,0.6548868193984795,0.6713700539606797,0.7015743520015051,0.6848644996878661,0.6874898449592516,0.6769114993543532,0.7058074005661168,0.6696682829215732
835,0.6397973680275161,0.6320435172723194,0.6258337071930612,0.6403319874383131,0.6510542844324809,0.6470689397338119,0.6474652310453118,0.6395917451772095,0.6573949454164797,0.6437378495588455
836,0.6556067172264355,0.6552402651201326,0.6546547383850615,0.6405901472181506,0.6722165572621248,0.6560926645847939,0.655399592122873,0.6550968708176662,0.6742639092473393,0.6619957300363265
837,0.6631380390085638,0.6607801712755121,0.6599087033613762,0.6650394235484967,0.6783943863885011,0.6601954200777154,0.655962575923341,0.6630474968876146,0.6755573999320934,0.6640434602180556
838,0.6515648681418612,0.6421605031827826,0.6438731433767808,0.6563352531070021,0.6697256744468021,0.6556001818732949,0.6583434374052743,0.6519778720824492,0.672719005759321,0.6558464686268566
839,0.6784395336023707,0.6704317007430792,0.6704317007430792,0.6765371614075321,0.6990826917635846,0.687251500305273,0.686655845606302,0.6768349887570175,0.7056051107173171,0.6821251470522538
840,0.6482069563371311,0.6353717005165948,0.635331894416531,0.6507589696412144,0.6643638100629821,0.6565352770504564,0.6565529686504847,0.6475390984360626,0.6709273936734839,0.6408030217252848
841,0.6641419373652263,0.6626301693640598,0.6607462148245351,0.6634436079839768,0.682751264283138,0.6656920751126152,0.6621006668661894,0.6627606265012164,0.682352218922424,0.6607423778499129
842,0.656518851338152,0.6556905645633913,0.657104903301426,0.6580191443641337,0.6728501660480563,0.6630279351435827,0.6643328775151397,0.6570033209611252,0.678124633717523,0.6573549521390897
843,0.6280641230554984,0.617758066813312,0.6178451045243785,0.6400041145099777,0.646666455666155,0.6338798246585748,0.634940102229748,0.6282856735927584,0.6499976262442436,0.6205314047886566
844,0.6467778802582508,0.6320206921442034,0.6336808758070337,0.6394113165176244,0.6553795564823355,0.647960861370654,0.6503669246501182,0.6465252436139071,0.6598468139712075,0.6586959137025303
845,0.6527348062003452,0.6477440569660597,0.6500178796312132,0.652023507828169,0.6633187705032727,0.658771125172966,0.6608700384023384,0.6520701503443772,0.6682706509740513,0.6540563441595796
846,0.6606939214190193,0.6572809241346493,0.6588766644515002,0.6631962391395309,0.677283057257952,0.6661333858409839,0.6662892679284912,0.661358471371024,0.6836742228457505,0.661424105934185
847,0.6423774946885212,0.6444338262271863,0.6430899581054446,0.6418826099198799,0.6605687761840972,0.6424628196486318,0.641165880254951,0.6433501992337819,0.656575568050922,0.6342289609979608
848,0.6574614510136038,0.6435983123135496,0.6465777045327962,0.6592963903957518,0.6698711346105427,0.6712521077006417,0.6729993056986121,0.6595710590766555,0.6813843301517545,0.6632371229981613
849,0.6430977970881927,0.6337335162741062,0.6349378763625276,0.6465050689839165,0.6637015016388444,0.6483802119063953,0.6504154280051834,0.6427852732677796,0.669830017531824,0.6556521076301547
850,0.6699983404492856,0.661794879531705,0.6641521958873315,0.6771344085210386,0.6870464523331774,0.6758444850112397,0.6770891480470106,0.6579515109454913,0.6911349818203762,0.6665962614848453
851,0.6375543315969342,0.6278575931517303,0.6304165698928299,0.6459570655960716,0.6566408971764159,0.6486446132917483,0.6508842363714789,0.6366667772653373,0.6653920169879558,0.6468363250273732
852,0.6431478357707866,0.644093611306726,0.6443024188925828,0.6538297767805965,0.6539853589033917,0.6443228902245296,0.64463405447012,0.6426360524721181,0.6559669838358363,0.6415019406822685
853,0.6387820392186383,0.6319507696940043,0.6354397982611314,0.6389852836011893,0.6546200459181754,0.6510143400203244,0.6537920132485228,0.6369528397756784,0.6655801874364862,0.6378937859911927
854,0.6887332579509803,0.6860258635791754,0.6881877976143078,0.688498351674603,0.695123504960902,0.6884346482776194,0.6935627717348027,0.6884346482776194,0.6984838591517892,0.6850942013982896
855,0.6162361782627056,0.6073592402030492,0.6103756754660392,0.6191362653084089,0.6336323913436926,0.6219372409097569,0.6202738923218795,0.6150942420560023,0.6394411838215649,0.635817152312744
856,0.672312943769211,0.6639615904025716,0.6601670270673328,0.6711903164069296,0.6878930231402083,0.6793676832450973,0.6811986843304418,0.6693593153215851,0.6947779186240152,0.6750553028608356
857,0.6540202423873854,0.6540158985274315,0.6544589722427349,0.6506580947830242,0.6732548542634985,0.6625863342165849,0.6627514008948352,0.6510577298987881,0.6798662091134182,0.6445071890882238
858,0.6778569138997256,0.6768288392529064,0.6772471053639697,0.6808981385203543,0.6910459779999844,0.6775441915736969,0.6814923109398088,0.6725093621246355,0.6926174076882784,0.669241413817636
859,0.666531285185781,0.6561283577288081,0.6566551391346308,0.6660125462441692,0.6721248190445552,0.6702026700981181,0.6745616857004987,0.6598278912658838,0.6748672993405179,0.6659763551552196
860,0.6357152308023089,0.6374394257645172,0.6393290111307742,0.6417064981889751,0.6541438565734417,0.6404164530373948,0.642591336850636,0.6356780179613979,0.6583116947554702,0.6379149231761573
861,0.6357649551542223,0.6318923987659358,0.6310012097264873,0.6376833379861275,0.652149948819264,0.6426009835291085,0.6441972498407312,0.6363304486009406,0.6577261436926006,0.6377692357248695
862,0.6712902459308542,0.6745022827950237,0.6684516030482527,0.6712520579100121,0.6863066243486821,0.6694275191364416,0.6708786639284441,0.6720497632342708,0.6842699299037662,0.6691602029905463
863,0.6227249618708693,0.618833835203942,0.6197723984200852,0.6242383950569004,0.6432286574635329,0.634969301161472,0.6354307614094091,0.6076649329318369,0.6516209768878808,0.6324625552383559
864,0.6466343649056997,0.6461356971672695,0.6472297890709895,0.6532993941559119,0.6628782804150106,0.6520638890129355,0.6530240104794653,0.6448890278211942,0.6677384301641882,0.6535412852230608
865,0.6388964572353825,0.6356580698900038,0.6365532971609619,0.633797554083404,0.6531033247962384,0.6427031192831955,0.6442366825212714,0.6394647319378167,0.6565596805206331,0.6362029908375435
866,0.6541671701913394,0.6506102719033232,0.6515166163141994,0.651190332326284,0.6654823766364552,0.6597381671701913,0.6603343403826788,0.6543001007049345,0.6697280966767372,0.6614018126888217
867,0.6443843993576723,0.6399555650063427,0.6442084191847719,0.6424816137381855,0.6605855740253265,0.6512732898760073,0.6550348660717559,0.645304629011798,0.6641565050337662,0.6581548478871381
868,0.6596161021187417,0.6590366036627477,0.6587071627596828,0.6513721412071032,0.6713767454414111,0.6646529756848798,0.6646609140198935,0.6544998452024673,0.6754173579633408,0.6514872470648007
869,0.668144086089772,0.6685964383213764,0.6725247603326773,0.6687988064249889,0.6865913275347597,0.6720763761031046,0.6740841851311028,0.6680766300552345,0.6907815376801473,0.6773736588153133
870,0.655930783777016,0.653046774486016,0.6557537712307121,0.6531935653780729,0.6731225876643843,0.6621046360017615,0.6623982177858753,0.656682007754013,0.6788992410047405,0.6584953070088334
871,0.6537560281192268,0.6412959156743097,0.6392365581938435,0.6630811186909684,0.6696470701141244,0.6652804325050584,0.6670238885467734,0.6501731459784548,0.6779644750837739,0.6442230024232439
872,0.6355724470701041,0.6374746756159045,0.6382982013887815,0.6366434172066624,0.6450023971172731,0.640231360480042,0.6417392245712253,0.6358082924792379,0.6500286107545507,0.6401965636163994
873,0.6497448346466465,0.647003164360613,0.6482091890550351,0.658163740150152,0.667447415772166,0.6531535025128746,0.6552475646832537,0.6491980517466029,0.6694251411553018,0.6469294843953589
874,0.6469105008780518,0.6367895939204625,0.6370848679814133,0.6504732155345238,0.6558969338119881,0.6523303339705037,0.6541563709263836,0.6459586305499868,0.6625716816634808,0.6445716195005207
875,0.6515647583987478,0.6523553227339152,0.6527865396440065,0.6576776573742085,0.6614867400800147,0.656184369185559,0.6563760211455996,0.6483346243222309,0.6646809394140242,0.6589353733619746
876,0.654863359559798,0.65154590749719,0.6535212803435723,0.6545823617239007,0.6715848277944606,0.6636078444530188,0.6624586891241255,0.6549094935328558,0.6776241842674764,0.6597451727088192
877,0.6359760976097609,0.6317131713171317,0.6323715704903824,0.6324632463246325,0.6544321098776544,0.6414974830816415,0.6396556322298896,0.6272460579391272,0.659057572423909,0.6417850118345167
878,0.6366155901012874,0.6365413868586057,0.637732348903647,0.6358104849181909,0.6491893295737023,0.6429710978369755,0.6437724928579379,0.6360182539976997,0.6541832078061811,0.6395317775386784
879,0.6451104756521305,0.6428909873813363,0.6451104756521305,0.6468270461686811,0.6646743919267153,0.6529036226703686,0.6568438378027898,0.6477746928460989,0.6703685846813746,0.6393414686860962
880,0.6382327918000243,0.6378398087752705,0.641125470971924,0.6385609528825508,0.6550743426649921,0.6418101527367014,0.6417372280516955,0.6380261718591743,0.6580237410363408,0.6451201231616902
881,0.6467290079273454,0.6456361117524821,0.6448010467174633,0.6448164396213346,0.6689371199876857,0.6514969599014854,0.6548603093973678,0.6460786577387824,0.6730316324174556,0.6585045793889017
882,0.6278713446568713,0.6259849726993425,0.6262834492749009,0.6209904646683329,0.648307040863433,0.6342667027491683,0.6344418090068291,0.6279151212212866,0.6532259348286347,0.6298134322418376
883,0.6492395353933815,0.6501643655489809,0.6503046241507779,0.6508788078018847,0.6572605741836511,0.6577339469647162,0.660083278544817,0.6490379136532982,0.6636686390532545,0.6420863467017314
884,0.64357989827561,0.6387591471156288,0.6422794881462616,0.6473580129117644,0.6572149677975362,0.6508591171061643,0.651305411706769,0.6431336036750052,0.6623858293769573,0.6426411406674413
885,0.6535276681544798,0.6493830458234959,0.6477889603115791,0.6528340255398349,0.6708601168421597,0.6590725007324176,0.6601237355024385,0.6536353766350147,0.6762886242611198,0.6485127613007737
886,0.639881374356066,0.6352025142965169,0.6250295382579517,0.6406887534067458,0.6565448902752178,0.6459347480189676,0.6479512264284701,0.6372465617467744,0.6603888022433322,0.6444342045150212
887,0.6445411816185956,0.6402747704587807,0.6378982549586184,0.6485246742664866,0.6545150022256256,0.6504862426158269,0.6517989845111546,0.6424136344089266,0.658264615570326,0.6453710759202396
888,0.6380620124652111,0.6401473874015131,0.6379287366234173,0.6381952883070048,0.6495394143702716,0.6467406216926032,0.6474775587001685,0.6381247305084081,0.6571674963741131,0.6421857238054173
889,0.6342883995240477,0.6351247650416458,0.6340987083757265,0.6367500732897619,0.6508820638396937,0.640587007880805,0.6415440859473348,0.6347410715825416,0.6540292124368414,0.6287269999482661
890,0.6579419922720495,0.6564869891455966,0.6566272787032434,0.6477289124753491,0.6772378188581232,0.6644674608391721,0.6661990348078434,0.6587676965256289,0.6817431177951292,0.6618781164323163
891,0.6400397849128151,0.6372501787212881,0.6334465234824231,0.6387731949149908,0.6499937836073726,0.6503823081465825,0.6504133901097193,0.6381826376153917,0.6587511267211638,0.653778012619277
892,0.663175879396985,0.6554452261306533,0.6560924623115578,0.6636381909547738,0.6797909547738693,0.6693306532663317,0.6707859296482412,0.6627859296482412,0.6839557788944723,0.6721085427135678
893,0.6513479893982016,0.6419494625928877,0.6467015723832907,0.6461893689328282,0.6742955170002765,0.6558805834241207,0.6552626871981658,0.6520837737198979,0.678165498625994,0.6685515211629457
894,0.6662826451090332,0.6662865770703742,0.6670021940344283,0.6686772095656756,0.6795766064028058,0.6767298663919536,0.6775162586601449,0.6660978429260084,0.6874405290847181,0.6657007148305718
895,0.6522969401831569,0.6515656422956105,0.6537346053484469,0.6563066132597604,0.6708162281649409,0.6606362291621654,0.6620822045307229,0.6541708910199944,0.6759519337843004,0.6591694782854388
896,0.6318489968406338,0.6278573679489976,0.6296350164432486,0.6378121995168028,0.6534312656049257,0.6408907635000283,0.6411493305537375,0.6297562197496748,0.6584410022705419,0.6386606226617862
897,0.6555380829775446,0.650278655933253,0.648184662516703,0.6516800834338233,0.6798308509598149,0.6639344262295082,0.666395072189812,0.6514275005703484,0.6869765016458625,0.6645007007137503
898,0.6541406144950921,0.6554978485948635,0.657081988705123,0.6418414683340057,0.6709610730133119,0.6603132983729999,0.6593384429205325,0.6506487831114697,0.676961476401775,0.6613679911254539
899,0.6340077236979941,0.6361848997013712,0.6374552447661783,0.6301849622414359,0.6495489297831423,0.6416610641192013,0.6410903860285495,0.6297706343126065,0.6553807908191185,0.639894307290608
900,0.6613553144890836,0.6616889672164807,0.663917596331531,0.6574584217370474,0.6815755252891657,0.6551485182396825,0.6563462459790569,0.6620782287317775,0.6770583806720963,0.6652735952364657
901,0.6562711658359528,0.6535879890936246,0.6542913461037495,0.6529150240530731,0.6713586078741252,0.6566575780205276,0.6604088154078602,0.6554853163369861,0.6736336638821834,0.6531885517792327
902,0.6648941198714313,0.6596867712863175,0.6622943845717527,0.676254175332451,0.6750173315686645,0.668045314174072,0.6709286569609882,0.6653037751307745,0.6798307808659482,0.659678893300561
903,0.6609892182579021,0.6528524682206178,0.6516813025818281,0.6601689636719332,0.6737492214161016,0.6561071682355315,0.6602742369877795,0.6624411127389485,0.6681521901236084,0.6616734948109028
904,0.6525095232426641,0.6421827569787513,0.6426440390452949,0.6564043806916255,0.6674156300220225,0.6627284090232725,0.6651389798226296,0.6529522052258794,0.6766561514195584,0.6528517647759062
905,0.6579781321687307,0.6511040338029057,0.6533349625156677,0.6622705020772075,0.6714070617171056,0.666748125783387,0.6692943801092603,0.6586915563683949,0.67931385146587,0.6651439067266837
906,0.6499275165352904,0.647016852405545,0.649991694603002,0.6597958382410679,0.671544199812751,0.6519359125366192,0.6562471686146598,0.6506448008214792,0.6734015885959349,0.6486288544592431
907,0.6485194765085125,0.6427440836968691,0.6464579392348376,0.6513994518009497,0.6637300698760761,0.6535382002084701,0.654688646102768,0.6461722580396093,0.6675983476817358,0.6441724896730109
908,0.6503113449435584,0.6476765675468682,0.648271785821318,0.6540408244813692,0.6689504179015018,0.6589690652991909,0.6595517964769738,0.6505111384902268,0.6750441210748893,0.6481635643168726
909,0.6650376789751319,0.6664581763376036,0.6638847023360964,0.6618990203466466,0.6789299171062547,0.6698040693293142,0.671627731725697,0.6651770911831199,0.6839110776186887,0.6651281085154483
910,0.6528344574404508,0.6482839579953897,0.6495901989242722,0.6596602066080424,0.6730726543157176,0.6500384188508495,0.6556817211645181,0.6519166737812687,0.6704260223683087,0.6421369418594723
911,0.636011765915219,0.6250800604110163,0.6277092047727866,0.6316904805206102,0.6519250081048811,0.637043655657207,0.6404753809294124,0.6366324812006294,0.6531269026702619,0.6363596827630923
912,0.6614565213789905,0.6551695575103954,0.6575551248281232,0.6613157066414856,0.6815681791826118,0.6706343289763597,0.6694995278564684,0.659982108245117,0.6892881400858142,0.6728459486771697
913,0.661661601299307,0.6594465081126281,0.6626585942399537,0.6626706546384292,0.6772154951999614,0.6710325309148214,0.671514946853844,0.6621641179024556,0.6848537475678197,0.6611068229694309
914,0.6609779039689244,0.6540015851311217,0.652682094114983,0.663969621223338,0.6756316573329734,0.6629070608011008,0.6652586289486748,0.6610345157946994,0.6789325622512346,0.662275621205919
915,0.6488202446174367,0.6476823138428148,0.6421584512083921,0.6521624452700513,0.6631649547465278,0.6563825858911656,0.6580254263472423,0.6472489958326111,0.66994732360189,0.6484886621400634
916,0.6794816526417436,0.6748258380466271,0.6736489515795282,0.686663677748655,0.696483997792799,0.6789384742723135,0.6825941509173679,0.6803265967719685,0.6952596909918609,0.6688336322251345
917,0.6539416666666666,0.6540208333333334,0.651225,0.6578833333333334,0.65555,0.6491583333333333,0.6499583333333333,0.654025,0.6541333333333333,0.6479583333333333
918,0.6259668423750469,0.6282084630744631,0.6193911666373394,0.6280745778791055,0.6445309810342058,0.627707349914696,0.6263378956307523,0.6263302450481604,0.6459310376485169,0.6236946193452632
919,0.6543358858196688,0.6530890430180812,0.6499218217535983,0.6571462935492924,0.6623742132061099,0.6650924106963878,0.6660465862165738,0.6549091929599486,0.6690133504390009,0.6584813374493846
920,0.6519468431666581,0.6538194470093741,0.6569109054242722,0.6552045090232174,0.6503734127189321,0.6563125586342919,0.6573836732583307,0.6498120009159877,0.6538305275054849,0.6481647004941902
921,0.6467929384642107,0.6465481848758073,0.6450638727912963,0.6575502534383931,0.6682720396658719,0.6493233747572202,0.6500260544142494,0.6456836520393501,0.6681141341249665,0.6412741398095659
922,0.6545060918031277,0.6523411409751492,0.6542412307975771,0.6486254097668456,0.6679410703455476,0.6645324243610709,0.6655150970773164,0.6560031322692831,0.6768158333141405,0.6525177149788495
923,0.6115438401862514,0.6112860256720756,0.6088094438237799,0.612426659583278,0.6279033429948672,0.6134891678841241,0.6147860530160392,0.6051141024539254,0.6299580465472386,0.6104266439581559
924,0.6776005508980119,0.6795302953870299,0.6802509468559578,0.6757949186064202,0.6807513992649356,0.6842025190772458,0.6870771177144138,0.6779889019673785,0.6874854868801397,0.6733887434240553
925,0.6846186380938953,0.6848709253749063,0.6846149279868217,0.6839730794630733,0.7038740938063472,0.6886626548042176,0.6905919104825365,0.6835427070425253,0.7083039616523333,0.6869485853361728
926,0.6212108225479273,0.6093540184566155,0.6121503671323677,0.6371532241935944,0.6409245450129997,0.6257678352047085,0.6276177823490757,0.6215393845890117,0.6444815862403931,0.6151752807062655
927,0.6425039002741552,0.6425114736220293,0.6451432120083004,0.6419699792490269,0.6553142182032989,0.6523454658366278,0.6517850380939398,0.642447100165099,0.6638266612138563,0.6409892306993229
928,0.6715046062835301,0.6691781576560925,0.6711444093193548,0.6769753625276504,0.6843149053741387,0.6781110423676382,0.6794162266613555,0.6676271919044673,0.6890440796331924,0.670665559237569
929,0.6436702111217583,0.643743624617477,0.6479591048190164,0.6445859478841458,0.6588204383172082,0.651687737627894,0.6517727427282001,0.644454576365491,0.6635498129887794,0.6480595653921053
930,0.6523980546202769,0.6520912832023943,0.6519378974934531,0.6491432846988403,0.669951365506921,0.655794986906098,0.6574859708193042,0.6521586232697344,0.6717022072577629,0.6477964833520389
931,0.654687141148799,0.6469814921874382,0.648700018214792,0.6535942536290993,0.6696787069081579,0.6611890299435341,0.6600803034742736,0.6554474107277205,0.6730999200133048,0.6578470115861916
932,0.614782791595616,0.6095507095048865,0.6082699198473569,0.6136597531569024,0.636007842489164,0.6213970748416854,0.6250854485768587,0.6151997055310582,0.6410032977516695,0.6166682942586068
933,0.6590648182602706,0.6602326078522964,0.6627700760844609,0.6552368435636979,0.6703033086052238,0.6661863554672346,0.6674531102789236,0.6546272178105726,0.6768745991908603,0.6590648182602706
934,0.6474606522797339,0.6479393152685381,0.6482516631510628,0.64561901671264,0.6684001298069122,0.6488885283141327,0.6508437449294175,0.6474444264157067,0.6696089566769431,0.6456514684406944
935,0.6355401433935466,0.6268254723752106,0.6254202458390941,0.6383203765402718,0.6585979465560617,0.6403451115493001,0.643223559453926,0.636718720488354,0.6596783088929685,0.6440697173681467
936,0.661799843142977,0.66392014883178,0.6658398234446532,0.6638152734966348,0.6703084246812702,0.6668885767961041,0.6688948875554015,0.6623470188046036,0.6765006292520108,0.6547686358910756
937,0.6517440627650551,0.651236671513389,0.6526452502120441,0.6548224887919545,0.6733081909608627,0.6548679268144917,0.6536562462134982,0.6507709317823822,0.6754740700351387,0.6596351326790258
938,0.639762044653349,0.635930767724246,0.6331154524089306,0.6437606084345214,0.6542874396135265,0.6465432824128476,0.646469839404622,0.6396151586368978,0.6581309570440005,0.6407168037602821
939,0.6570802452416714,0.6576917079096184,0.6571992547542248,0.6568093960062049,0.674636200231453,0.6639171365490525,0.6643849670466764,0.6571787358727501,0.6801352604666815,0.6650251561486881
940,0.6629871443690469,0.6646991533337484,0.6640532590425201,0.6666018178422461,0.6687885202017058,0.6698312892983876,0.6701814729502583,0.6607031687729564,0.6745315320923863,0.6704810745190811
941,0.62529638738752,0.623676381791137,0.6243538386768972,0.6268538018585882,0.6432968586618754,0.629048173075507,0.6318684555455737,0.6256903432939132,0.6481347844656191,0.6357012415133798
942,0.6427015006678756,0.6406419067660645,0.641500070891819,0.6394815196221093,0.661077406404143,0.6482497182982978,0.649824262911639,0.642690307222757,0.6647115449192953,0.6408881625586723
943,0.650484799224978,0.6476277267390786,0.6486416590724366,0.6539904600050902,0.6627915568582055,0.6599837442427526,0.6590231767690451,0.6504765892465703,0.6701805374251866,0.6618638292981289
944,0.6704856742600673,0.6688929339436607,0.6714984251055135,0.6759643440319083,0.685146023502958,0.6730287050173551,0.6732339320609256,0.6654620731500567,0.6864220003390707,0.6719044177351857
945,0.6276734607838368,0.6289341830033566,0.6258816947998249,0.6359066660180636,0.6451411522433559,0.6276937296298098,0.631666423440515,0.6260397917984142,0.645692464853821,0.6390807672974331
946,0.636618326945114,0.637096455526139,0.6368277551665547,0.6339352748251472,0.6552258268463271,0.6437112261429644,0.645189078120678,0.637128067333149,0.6616746354763504,0.6423400640139092
947,0.6226327665404142,0.6233177532436135,0.6215972278185188,0.6242001772906761,0.6355467805624949,0.6303086469497945,0.6282698041743896,0.6198082037231042,0.6403739221532758,0.6199089370618099
948,0.6418199803604436,0.6375815908040665,0.6390581677449169,0.6427983479667283,0.6589648798521257,0.632205984288355,0.6334045748613678,0.6412098544362292,0.6538817005545287,0.6426070067005545
949,0.662734127949404,0.6541952205604812,0.6554869609709861,0.664592053280098,0.6833558409313951,0.6712688413759552,0.6716295221399273,0.6625118479437002,0.6884724750249541,0.6672803831604023
950,0.6575954930477865,0.6582707367748122,0.6601965798305898,0.6519657983058974,0.671727665015183,0.6659980821479943,0.6663816525491449,0.6564407863193223,0.6779367108838101,0.6533362633850088
951,0.6475714468794054,0.635004636225886,0.6395390912997263,0.66000256311675,0.6587059275844133,0.6508959600756873,0.6530369164197782,0.6419250514507995,0.6622942910343684,0.6359771128751385
952,0.6449819349658772,0.6468968285828984,0.6495262946607788,0.653311922922521,0.6632757928542754,0.6528944199116821,0.6539060618225612,0.6424729024488157,0.6674267362505019,0.6373705339221196
953,0.6325611221798295,0.6279310817678043,0.625797552692925,0.6373403886330088,0.6502948222596856,0.6429141829269276,0.6445193711533963,0.633266921023126,0.6590305953715728,0.6141619546191509
954,0.6216556902717336,0.6150116745401938,0.6153452328314445,0.6255071249602445,0.6386400130320449,0.6264767711557407,0.6276481037599001,0.6218767696043068,0.6434572153312699,0.6314995384484109
955,0.6559001201847049,0.6527136441267632,0.6469692896451389,0.6599168195331773,0.6764184957935353,0.6574182427731039,0.6567382503637169,0.655647099753305,0.6772961604149536,0.665688848124486
956,0.6496158218817479,0.6491160469712114,0.6526335467232315,0.6572612334902601,0.6646472199543717,0.6579403169564852,0.6580852898312973,0.6491580128033939,0.6712396706826697,0.6482423946466859
957,0.6437227738314822,0.6472744397786586,0.6490914799262195,0.6390408539696244,0.6572269534162709,0.6508849731172246,0.6509948589144853,0.6445037478905852,0.662454377771673,0.6449472155723873
958,0.6701751741693462,0.6617765273311897,0.6601311294212219,0.6723104233654876,0.6771838156484459,0.6730807877813505,0.67349109056806,0.6702170418006431,0.6778871918542336,0.6665326902465166
959,0.631126230105698,0.6304620742720609,0.6268254161098287,0.6327542218442473,0.6438828817883611,0.6347223909610011,0.6369011460737861,0.6228242821852347,0.646110233669461,0.6368687482282428
960,0.6325151916352649,0.6339494856910073,0.635023084496045,0.6329734867773364,0.6466799063041043,0.640959703975286,0.6432511796856435,0.6335675730726144,0.6534779509114981,0.6311148453678243
961,0.6684420500159417,0.6662306554066759,0.6675836528478348,0.6636799895357297,0.6722230851611742,0.6717407477048095,0.6722476107945488,0.6628869940566215,0.6731795848627791,0.6750803214493014
962,0.6584909262979628,0.6561415597137592,0.6573660528981056,0.6586694117451726,0.6746417838582742,0.6687725182221189,0.6697023028773514,0.6536635175745903,0.681897424828571,0.654912915705059
963,0.6717395401432341,0.6700904636260837,0.6731648134187712,0.679152531725091,0.6881831888428195,0.6793017338861667,0.6823485990702349,0.674236713154919,0.6944339741173514,0.6635098630481217
964,0.6414911568026999,0.6416630210611837,0.6449635960252484,0.6423582901068683,0.6559980626210862,0.6402568589463159,0.6428113867883257,0.6409599400037498,0.6541934879070058,0.6459752515467784
965,0.6514460929486716,0.6514641510524263,0.6518000317822626,0.6508790684907759,0.6692766645960041,0.6583117839961862,0.6594963956024906,0.6502506464801144,0.6739934412967163,0.6509838054925529
966,0.671170188764383,0.6716402195984057,0.673136797773934,0.6759344212980372,0.6853952019252463,0.6792584793562457,0.6802737459577348,0.6718883958787697,0.6901932766789501,0.6764721365721591
967,0.6225938411720076,0.6070207823291539,0.609934375708844,0.6294847828297445,0.6346940531408145,0.6303686380026438,0.6300714123692794,0.6185891168487826,0.6404273791738692,0.6423906326995127
968,0.6401159889796006,0.640936733941239,0.6392880127848202,0.6405209380355632,0.6602549732805936,0.6488296249159369,0.6472749097903665,0.640745106262971,0.6664304463840218,0.6597053995617873
969,0.6519558224801494,0.6498901560309213,0.6529267981795143,0.6538752802333341,0.6710679233116644,0.6587189119073862,0.6580965877139708,0.6502987905916578,0.6764813940061932,0.6498714113263003
970,0.64284200968523,0.6397245762711864,0.6399061743341404,0.6486531476997579,0.6582702784503632,0.6515814164648911,0.6524364406779661,0.6433641041162228,0.6650726392251816,0.6370157384987893
971,0.6384848909824368,0.6295795213621627,0.6288783111558419,0.6430262582598437,0.6526452123841971,0.6434222357881191,0.6460043392537473,0.6363853851293939,0.6571164586409721,0.643962580123578
972,0.6405427124700596,0.640296947047304,0.6382840112037824,0.6376013294739059,0.6579569481395947,0.6454346146944316,0.6488363202284448,0.6400355774707227,0.6641127868238526,0.6498271839963798
973,0.664215925095889,0.6629846489091248,0.662355723662648,0.6648094179341134,0.6823750343251455,0.6736852362012915,0.6757403158799196,0.6642513575041412,0.689452657873524,0.6710366636844389
974,0.6495779084935148,0.6480724898066337,0.6475269293560746,0.6523754440369832,0.6600461060110097,0.6544510349240727,0.6566660923925082,0.6485524189247946,0.6641562682024399,0.6372966454185228
975,0.6555370544275129,0.6549215192670397,0.6560105430124922,0.6590250870035275,0.6712489839724114,0.6549925425547866,0.6548504959792928,0.6518122775590085,0.6723301162414476,0.6560578918709902
976,0.6453331910254553,0.6447995364829117,0.6445784510295721,0.6438160873973668,0.6657111709143027,0.6445936983022162,0.6461641673845591,0.6429393692203307,0.6640568418324172,0.6422989837692783
977,0.6757012254425209,0.6724722816572651,0.6729974713090838,0.6735965765415289,0.6930091421902353,0.682902159113013,0.6851974324061466,0.6754716981132075,0.6987512157167867,0.6778720093367049
978,0.6458134107006823,0.6453150072126683,0.6471586949122323,0.6435321004262768,0.6670178452761074,0.6543592070927273,0.6565959446974732,0.6461983564841078,0.6725610645574339,0.6422557012496556
979,0.6382551568121676,0.6299992487040145,0.6325536550549699,0.6445702169575852,0.6600886529262978,0.6441695257652784,0.6466654979840224,0.6382760261451003,0.6649637290993631,0.640367133304951
980,0.6433012285305344,0.6445536140267175,0.642175572519084,0.6519337428435115,0.6659112595419847,0.6471702051526718,0.6485567748091603,0.6429135854007634,0.6683936665076335,0.6479604007633588
981,0.6371214558842236,0.6354826881776754,0.6395870904016103,0.6506506431602026,0.6558812304975419,0.6458391014464557,0.6451880841383748,0.639313962450519,0.6628029662443784,0.644589447533243
982,0.6429785968631099,0.6443396442214581,0.6455443808187634,0.6434742163493431,0.6594102890605342,0.649703772045536,0.6495665235724253,0.6422237302610009,0.6655788454353445,0.6461886861508666
983,0.6495219086124687,0.6440330271160128,0.6445277514777757,0.6424337026706586,0.6693791209259875,0.6568148280832843,0.6588960822948386,0.6481827409435588,0.6733966239327175,0.6501275194691096
984,0.690232486369715,0.6854576003840482,0.6801683640229057,0.6874807118609196,0.707154613722868,0.6951273874429929,0.6960960806501388,0.6906525391763536,0.7124095600589788,0.693155711003669
985,0.6524054584973447,0.6506165831360218,0.6501385538119104,0.6566330303324545,0.6736404173793537,0.6591576227004176,0.660263065512425,0.6532644174391072,0.6790033088592279,0.6532494790227288
986,0.6556113470517844,0.6546180498525697,0.655701291286359,0.6551146984521771,0.6731817577449807,0.6615750408659674,0.6636085626911316,0.6554510116771081,0.6776320420469744,0.6548292232728752
987,0.6637315564017134,0.6419749993737318,0.6444299706906486,0.6630009101764406,0.6814131950533163,0.6720776238549729,0.6722362784638893,0.6639361373447898,0.6870162078208372,0.6544210359310938
988,0.6446463126209417,0.6339538229991896,0.6359343730876734,0.6407968509667069,0.6664571721548715,0.6498271670277691,0.6515968443510908,0.6438648429618113,0.67065808841771,0.6428187486562029
989,0.6630839866373449,0.6592439020295792,0.6614304420084272,0.666067921234199,0.6744111870268092,0.6671423055616176,0.6688294247007672,0.6630378216857762,0.678045627759405,0.657854756668737
990,0.6464573334417961,0.6461685512080045,0.6457008053363703,0.6422110143984381,0.6673554055153339,0.6520377450581631,0.6528105425852111,0.6466607012120719,0.674814935329049,0.6582119905637355
991,0.6511124871701346,0.6494541475455725,0.6492208772659027,0.6517741265088346,0.6706308476617835,0.6568891075503228,0.65573547998541,0.6503745048308154,0.6757034159251499,0.6620719490368058
992,0.6231061804149798,0.617191453694332,0.6192355136639676,0.6207774544534413,0.6459624873481782,0.6302821356275303,0.6317450025303644,0.6227068572874493,0.6494970900809717,0.6368334071356275
993,0.641633226911924,0.6343948624820597,0.6298768343047948,0.6455800943147535,0.6589730822178612,0.650149380510237,0.6527488942913213,0.642680354998389,0.6662590433789286,0.6443352567294456
994,0.6398018121808444,0.6384745921036243,0.64110957155312,0.6453870344999377,0.6579820027400672,0.645830738572674,0.6468738323577033,0.6406152696475277,0.6625435919790759,0.6325079399676173
995,0.6356315126179571,0.6371684136107952,0.6338141271939262,0.6450373466941259,0.6501629115052409,0.6415716349552761,0.6439384624842468,0.6294608551317125,0.6554344819106753,0.6442919497125995
996,0.6263468102183272,0.6182558148961872,0.6213851978564537,0.6284222559121827,0.6426909450574396,0.634591842525558,0.6363997502979399,0.6257630911169303,0.6481795260525185,0.6552652273666972
997,0.6539095321613574,0.6563568136395155,0.656381286454297,0.6504792592894726,0.669731206917649,0.6606028470041196,0.6615654443855284,0.6537178284455684,0.674372884121222,0.6569767916139821
998,0.6571086062771033,0.6536812209858962,0.6553466405992292,0.6539708591795194,0.6730306614209972,0.6642691060638974,0.6658218886019325,0.6559500535026108,0.6776165994866967,0.6610509039125293
999,0.6462523540489642,0.6388738229755179,0.6390583804143126,0.6533408662900189,0.6602184557438795,0.6471035781544257,0.6502598870056497,0.6465687382297551,0.6594576271186441,0.6491299435028248
