b,C_main,C_treat_HT,C_treat_HTCT,C_cont_recept,C_mki67,C_imm_sig,C_imm_cyt,C_imm_pdl1,C_mki67_imm,C_cox6
0,0.645502412695619,0.6454107449289391,0.6455830803302973,0.640662354614922,0.6526451650753142,0.6485017820213843,0.6493084583681671,0.6457224153356507,0.6544198530382365,0.6459277511330136
1,0.6427997252875896,0.6137871290992243,0.6178063589679554,0.64738476906988,0.6602931306288728,0.6413988480809153,0.6413988480809153,0.6424758455991384,0.658310830848955,0.6468111508264786
2,0.6370580697037466,0.6345662570880553,0.6357765660728195,0.6449397358259835,0.665594559053865,0.6392609158144249,0.6416564062617786,0.6354834116474442,0.6662059954267909,0.6428206481225553
3,0.6515776242364074,0.6509491365299472,0.6487514311105418,0.6595037749293452,0.6690151557608705,0.6525703946262299,0.6536352209314428,0.6503927047388773,0.6692473359326838,0.6509851644876424
4,0.6455977693111289,0.6432510907638419,0.6423638849628218,0.6490428931358693,0.6540895962637497,0.6515547225465494,0.6536517544398697,0.6453942112702021,0.6564708412708167,0.6479406071406625
5,0.6694564365714637,0.6396626158029775,0.6355298130252424,0.6701516385257109,0.6886109788136244,0.6746301218331823,0.6762432976386179,0.6699980027347171,0.692405782851173,0.6722986987048503
6,0.6707297970221116,0.6705113196036078,0.6713398849077448,0.6645011294870315,0.6592329381502795,0.6657625274127327,0.6676669909476148,0.6686893003775949,0.6593483601826966,0.6634004979636255
7,0.6652264536019801,0.6637674236831821,0.6675365843067437,0.6548873159928785,0.6768335576881324,0.6651786877415433,0.6665074471318772,0.6654565982022667,0.6772764774849104,0.6711059967866603
8,0.6500390367864305,0.648982747271252,0.6318792768243957,0.6537590129051023,0.665959922232598,0.6533303736815517,0.6541493807694074,0.6428363669764096,0.6696952068949681,0.6495491633880869
9,0.6615036195252153,0.6613297205483885,0.6576252679257492,0.6619889189954301,0.6742022889958346,0.666736765479031,0.6674647146843531,0.6617058276378048,0.6789744004529462,0.6560116471872851
10,0.6577076520328196,0.6490636735444912,0.6468598144911051,0.6549685103251006,0.6821424688239672,0.6597776904226224,0.6614588125088865,0.6552528792352149,0.6852705268352249,0.6544374095665046
11,0.6324074771990653,0.6206791286651089,0.6184857164392854,0.6547825431521821,0.6439059320117585,0.6378608577673928,0.6387502826562147,0.6322077334740334,0.6468154066480741,0.6329501771312278
12,0.6377354995126902,0.6241995634348495,0.6235310227062206,0.6390121706631441,0.6557095794637176,0.6434342051211831,0.6444410435679133,0.6374817762241142,0.6597449879582121,0.6386376267609605
13,0.6508743976371832,0.6505945903932846,0.6514806466656303,0.6481035286802425,0.6590082387688482,0.6535986320534742,0.6547955852634851,0.650085496657858,0.6610368412871134,0.6530895383180476
14,0.6559919643139612,0.6521837134993198,0.6512504350026891,0.6572811541016799,0.6622876395963175,0.6587917998038534,0.6597408965800879,0.6566009680787117,0.6647869277737354,0.6534610395773356
15,0.6741074371991824,0.6703987275004945,0.6640485923386299,0.6785043185864047,0.6905864706270192,0.6682188303553768,0.6725374167600712,0.6736582712467858,0.68396024263203,0.6639373310476693
16,0.6288191110860112,0.6287828058314306,0.6246399728920766,0.6358421608887527,0.6518003372354759,0.6177863476107108,0.617681465764145,0.6270401536115661,0.6422480213636254,0.6313846824097008
17,0.6546910192882591,0.6544125476063721,0.6553257709160899,0.6511077439698595,0.6620828043736435,0.6575125926532618,0.6556615750030714,0.6543593103730702,0.6651459928744011,0.6560178549490151
18,0.6378097588131743,0.6328107368009268,0.6331267020748387,0.631802657117494,0.6507981884657629,0.643267682770865,0.6452687961723064,0.6372267276529798,0.6544618810465973,0.6308284308562659
19,0.6668498598781695,0.6611820576932759,0.6493262405396788,0.6493262405396788,0.6750851638670269,0.6628349918611871,0.6640012753603732,0.6669043983151818,0.6722575556711584,0.6665729724287225
20,0.6724237514967951,0.6674473480312743,0.6651722194829893,0.6718250334577728,0.6932732267380433,0.6766781714446715,0.6803056983869832,0.6718954708741284,0.696407691765866,0.6629569627386067
21,0.6897259575336178,0.6872821855396699,0.6825391428522857,0.6848511636604729,0.7144314298828689,0.6859646736820632,0.6839926559339035,0.6863641772775955,0.7097988881899937,0.6857394216547948
22,0.666470341866918,0.66633073312043,0.6558557143605047,0.6704448283684973,0.6791267472907178,0.6707065947681622,0.6704797305551192,0.6665270579201787,0.6830532432856918,0.6661562221873201
23,0.631857975404996,0.6275020752569468,0.6245710422496641,0.6285589586916895,0.6462221765808324,0.6335224598427084,0.635097087794066,0.6311605179156718,0.6479850752655045,0.6384645665922142
24,0.6715778576044135,0.6632400658685547,0.6613814331274362,0.6728042078055627,0.6858181110732823,0.6666828790394864,0.6675791916510913,0.6678432217227267,0.6830110545222098,0.6696879581442855
25,0.6746484804529397,0.6683589515632189,0.6718527010270687,0.6758299604613621,0.6780213524241786,0.6758221619134517,0.679737032964462,0.6751514867931591,0.6797916227998346,0.6642608146363147
26,0.6465815941866248,0.6402853751263254,0.6429362036606298,0.6515904971205826,0.6547746996262371,0.6521599640674377,0.652320377291904,0.6460081169091579,0.6587930508991161,0.6402452718202088
27,0.6560763094226116,0.6288293663767737,0.6333085398548356,0.6623700385797424,0.6844471326750801,0.661667102595959,0.6642663310011117,0.6551445105603871,0.6879863336166874,0.655945530634931
28,0.6476652389350802,0.6473083060384648,0.6497144536827076,0.6475854539346603,0.6505668934240363,0.6546989166036785,0.6566221550348534,0.648257327622407,0.6553539934492315,0.6401738473167045
29,0.6507988198182646,0.6503476200191466,0.6565074781462358,0.6569782953279242,0.6656727192831023,0.6547733015270171,0.6549773223057487,0.6517757654702679,0.6697845226698473,0.6453373405106797
30,0.6545287435910118,0.650963615081524,0.6501475509833985,0.6477570601909095,0.6672931401157327,0.660748141187332,0.6619846019420677,0.6549615048551692,0.6696094432629375,0.6496653312890516
31,0.6411548574125261,0.6263778399514596,0.6301532056900155,0.6475342142520056,0.6638576147778602,0.6466914986853637,0.6501803411312613,0.6419722915121688,0.6670599339310995,0.6463796939257062
32,0.6466952165481578,0.6365032026796733,0.6396948639595699,0.6472791913968384,0.6615884115884116,0.6477052359405301,0.6486013986013986,0.6454721748839396,0.663755362284774,0.6425376094493741
33,0.6639740952024689,0.6647495246111164,0.6670680195766701,0.6671420555503601,0.6809672994794103,0.6653963652233549,0.6666432868855015,0.663806540104118,0.6825960909005891,0.6608879640886561
34,0.6641171291671605,0.6639520511995666,0.6636980850955759,0.6642314139139562,0.6764556490527064,0.6679139224218208,0.6683033371146064,0.6618525980732438,0.6792746728070027,0.6657679088430998
35,0.6611557648493678,0.6539057669667737,0.6538295403535221,0.6563111400960455,0.6734790673250387,0.6636034860971127,0.6662714175609178,0.6611811737204516,0.6752576883009088,0.6615453675393203
36,0.6446072082159958,0.6414192480926556,0.6425849635243881,0.6486224502586301,0.6507867534616316,0.6474943385505018,0.6482380566395641,0.6435501257635645,0.6525750194285905,0.646311910352723
37,0.6628011081455455,0.656576235683638,0.6501064225142741,0.667911078076962,0.6853947768505693,0.6667370519274299,0.6684516368796243,0.6627757694516707,0.6903864995439035,0.6590340889894929
38,0.6332736748322597,0.6342316274155779,0.6367979942128625,0.6324063926580622,0.6489005227346195,0.634385372891913,0.6355207241017716,0.6331238715476256,0.6510766125535152,0.6276284563165737
39,0.6562193964131662,0.6556848849118243,0.6563315316931679,0.660431945098567,0.6726845933600963,0.6585929265065374,0.661687860234587,0.6563651722771685,0.6744937092107919,0.6574005546958518
40,0.6494843257886063,0.6490722759836159,0.6475750257021166,0.6520422983403776,0.653298846260546,0.6524910654547235,0.6531274988168867,0.6468529186181237,0.6554529284094062,0.6543962858401736
41,0.6733311084032505,0.6731681193390405,0.6779879388092485,0.676738355983639,0.6865953136763348,0.67430904278851,0.6778637566650885,0.6732767787151805,0.6887995467351739,0.669652212382512
42,0.6366828377204803,0.6329956877189831,0.6339240259934716,0.6455619441200251,0.653602551432935,0.6424325457431198,0.6443041954900728,0.6342571796484293,0.6574581499116582,0.6357844458419429
43,0.6376257011569577,0.6367987455239076,0.6248468961858622,0.6341423455894399,0.6603864847364274,0.6438317691389519,0.6462736286969207,0.6355934186813958,0.6639751601251356,0.6393966344466029
44,0.6560298640738168,0.6531277904554024,0.6535411912557463,0.663574428680094,0.6719995369911036,0.6613255283262228,0.6618877534146906,0.6544713430565201,0.6766792340509972,0.6428919866388861
45,0.6363817143031962,0.6303050930422878,0.6341598660007496,0.6604128584212258,0.6439535897573175,0.6447796125341309,0.6458962729546376,0.635502153013071,0.6483055060536762,0.6319992045706594
46,0.6524233103333611,0.6522237925014548,0.6517748773796658,0.6676282317732147,0.6565134258874387,0.6569457145232355,0.656006318064677,0.6509684928090448,0.6618588411339263,0.6535123451658492
47,0.6746018540527692,0.6608985024958403,0.6586839394659694,0.6755249187861501,0.6843435543934712,0.6793360272561604,0.6784961571983202,0.6743205768164171,0.6897314000475399,0.6669717138103162
48,0.6439554249699332,0.6326936836817026,0.6393540578805548,0.641869776363664,0.659285703411634,0.637470123464308,0.6395177127894408,0.6436890100019791,0.6531048761550992,0.64524182867234
49,0.6381131238082715,0.6385857058320731,0.6354584456571767,0.6424321125649287,0.6632175027943981,0.6437224669603524,0.6451771977118811,0.6385446117430469,0.6684282332829246,0.6342009665329739
50,0.6550600206693696,0.6504650608156451,0.6413228396533905,0.6586453613164799,0.6774783369107242,0.659694729310756,0.661443675967883,0.6554734080610541,0.68121472295095,0.6615549725733365
51,0.6703551525093714,0.6520647599481798,0.6554875010540356,0.6728043479927329,0.6757939762822822,0.6709799081647515,0.6692321254723996,0.6692934511809032,0.6776030846831377,0.6767943519022468
52,0.6252748699207136,0.6197039147670962,0.6260568942021804,0.6370633052527255,0.640609514370664,0.6296456888007929,0.6283448959365708,0.6251858275520317,0.6424987611496531,0.62759771432111
53,0.6416718681017552,0.6282445537168694,0.6294890922100264,0.6414435124149375,0.6608080746570859,0.6470230030295188,0.6483094067319256,0.6412684397217105,0.6656720507863048,0.6423379055216405
54,0.6380667243446716,0.6334752515823505,0.6380667243446716,0.6435499294203361,0.6415767345142146,0.6417436971601171,0.6441342986809951,0.636954904907184,0.6457887467176662,0.6466956574533643
55,0.6620998968566646,0.6358997987859523,0.6390913241237044,0.6690198001386517,0.6645558918516765,0.6594156338242505,0.6591704570433371,0.6615207723914036,0.6616053161089599,0.6674007879474476
56,0.6292420089906134,0.6193391355657176,0.6185627440780739,0.6375183422488956,0.6496378133710142,0.6362140045496542,0.6382559141621571,0.6257793029557224,0.6557014308895117,0.632215588388289
57,0.6622321742184756,0.6612063735351407,0.6637449308682185,0.6701072899703037,0.6659721556981831,0.663800811061085,0.6652776447296995,0.6605677427595236,0.6673052974422837,0.665161892901619
58,0.6655590086859511,0.6624631444736633,0.6651008048450076,0.6491194517491433,0.6833612240019125,0.6740537094589211,0.6767869949796796,0.6656546338353654,0.6903020160969001,0.6655669774484022
59,0.64934094797465,0.6494132388732259,0.6434813690289726,0.6491642368892423,0.6661606303766355,0.653172365599171,0.6552527370137433,0.6484654248696756,0.6691566865065022,0.6500236953500887
60,0.6327533720315004,0.6245523767166881,0.6210710752927284,0.639309567444464,0.6491016862074518,0.6373925512418431,0.63908719356496,0.632715031707448,0.6521689121316453,0.6311660826157303
61,0.6230515828378596,0.596037102505044,0.5952693413323334,0.6288321102719303,0.6391790311925295,0.6182798578749085,0.6228150052671988,0.6212794829217776,0.6350366918420912,0.6244264109843413
62,0.6462317336340081,0.6289752914031407,0.6264887508307136,0.652817705960977,0.6657059012402835,0.6510778742691586,0.6519888591035014,0.646485614653415,0.6689988874037679,0.6506298489407935
63,0.672536838946694,0.669065827568589,0.666908610216776,0.6723057085161427,0.6766039235404316,0.6789557770442879,0.6796288937367708,0.6725652233855337,0.6802614612309115,0.6660570770515867
64,0.6723049542903211,0.6710272128504282,0.655941497695502,0.6721604478179523,0.6969623218387307,0.6742748056768226,0.67559057513576,0.6696658097686375,0.6990462572823657,0.6689052493877489
65,0.6691722514037312,0.667927005977178,0.6692892290044075,0.6623196280866993,0.6821378977238423,0.6742211555877559,0.6742513433556723,0.6698061945299765,0.6861679647406871,0.6592102879913059
66,0.6349253189267717,0.6252326689971399,0.6269396649566441,0.6336042130113043,0.6528079175557271,0.6383801697916194,0.6401325645798338,0.6355836019430698,0.6533527035002497,0.6286784400962455
67,0.6473696175673173,0.6476516848256235,0.6473822474445549,0.648173719751444,0.6611488136335315,0.6492430493575603,0.6514574878332182,0.6437195830456528,0.6648030581142751,0.6484810467642255
68,0.6503704570269848,0.6486234596786773,0.6545702698486976,0.652394322258618,0.6665886757136172,0.6536109811261893,0.6532210263609421,0.6494540633286539,0.6672048042427079,0.6488808298237404
69,0.6565171939009672,0.646173655850006,0.6381079059647453,0.6649441601931021,0.6658960716653352,0.6606775569872002,0.6614509850583896,0.6565639395536215,0.6691087728841217,0.6562282207754678
70,0.6440412734119028,0.6452638270820089,0.6463233735961008,0.6455246385316316,0.6556392325623095,0.6454186838802224,0.6459729082106704,0.6432425383474335,0.6577338745170913,0.6493308556245619
71,0.6560260512056663,0.6533206167782531,0.6450295241931194,0.6592824519139429,0.6740255496363623,0.6547987263179493,0.6570329895810376,0.6558854598098597,0.6718292840478163,0.65031880048941
72,0.6386481319206564,0.6268501553413527,0.6188520672349239,0.6457022225762766,0.6590695451286545,0.6430415040229427,0.6449374651477734,0.6383334661037202,0.6618258583605513,0.639890862741974
73,0.6539040670599193,0.6511409500155231,0.6527398323502018,0.6550838248990997,0.6650031046258926,0.6580720273207079,0.6599425644209873,0.651792921452965,0.6699239366656318,0.6565119528096864
74,0.6482772299671313,0.6477752950891339,0.6434319392496883,0.6454315830378394,0.6682372370913683,0.6453101471802594,0.6463302083839316,0.6490746587652402,0.6667881025242467,0.6472085944204271
75,0.6488933274873744,0.6450812750686088,0.6507892044624154,0.6508988161933064,0.6584579659310502,0.6539111089459411,0.6543820334193988,0.6482681346519219,0.6587340251051461,0.6484224030139166
76,0.6600418923562814,0.6450686478260158,0.6384902387537024,0.660491907902273,0.6752851462141419,0.6652047979839304,0.6659248228575169,0.6592809569785139,0.6798671226824199,0.6604100868939109
77,0.6637627389282863,0.6581349113167082,0.6505893955760109,0.6634183377948935,0.6824699823103054,0.6643028225238341,0.6651638253573162,0.6629017360948043,0.6831431299801186,0.6575322093332707
78,0.666413953035807,0.6467225609756098,0.6494145692786715,0.6756048910223145,0.6857080306175403,0.6718831084587442,0.6732615464452517,0.6664423326414115,0.6892189932537623,0.6691951543850545
79,0.6611140011610461,0.6475772585740243,0.6515202919201744,0.6598964105579807,0.6798302158490338,0.6680538906354843,0.6702327369778119,0.6612308597018977,0.6847458138254963,0.6566658373479897
80,0.650786817812216,0.6511296057141946,0.6520423781508585,0.6589818402130068,0.6661724143428835,0.6499178903397587,0.6481003172781046,0.6491207091723665,0.6649367835334258,0.649686707801215
81,0.6800706491495487,0.677969724097328,0.6750260095327962,0.6848773721097159,0.696636100425024,0.683054688571129,0.6841676546256643,0.6724411861959949,0.6985716935633464,0.6814013694321454
82,0.6466841468334006,0.6384267849939492,0.6407704719645018,0.6580153287615974,0.666865671641791,0.6507220653489311,0.6527148043565953,0.6467204517950786,0.6709560306575232,0.6361516740621218
83,0.6554663991975928,0.6457693392678034,0.6458751253761283,0.6611553410230692,0.6732071213640923,0.6566261283851554,0.661029964894684,0.6563283600802408,0.6728858450351053,0.6570727808425276
84,0.6943574620739975,0.692544766363664,0.6959345453439941,0.6936430243516858,0.7040935761408202,0.6828200528987931,0.6839829142978749,0.694577873711732,0.6939090383972274,0.6968883957072933
85,0.659136104462903,0.6594968675207659,0.6523783964522033,0.6579526256511333,0.6650710967196959,0.6571695058426017,0.6575038716035478,0.6602139940870055,0.667895607489793,0.6673280656060819
86,0.6553178706516496,0.644791287644804,0.6463778907909322,0.6582837607994787,0.6635893617201317,0.6559059715511478,0.6563036800731107,0.6556690388146593,0.664731715985344,0.6563417585486178
87,0.6612117017835516,0.6549756651647021,0.6577852667052815,0.6624792194799041,0.6585375027268556,0.6648788523887255,0.6646456592220376,0.6612530747647382,0.6616291927755252,0.6563221676433197
88,0.6349453978159126,0.6236328141650256,0.6244980946778855,0.6405548025199697,0.6514326146816365,0.6356103424464847,0.6365566098053759,0.6354313188920999,0.6529841521529713,0.6394465614690161
89,0.6551812543746847,0.6369784968990607,0.6331776081259258,0.6516123256230365,0.6671414386404702,0.657553757752348,0.659914052707828,0.6535493952761545,0.6688017840574284,0.6465051356762652
90,0.6638433129944822,0.657767202872741,0.6564388520713514,0.667321110559659,0.6827066242372931,0.6694012203310659,0.672065220564622,0.6633652526785975,0.6871952821650659,0.6615807374536536
91,0.6743911659867224,0.6723845687269947,0.6701079324985667,0.6631160004320623,0.6648857942884681,0.677747958089952,0.6777645758726413,0.6715910696035828,0.6692895067011209,0.677324204631376
92,0.6335842437350454,0.6315704323095395,0.6338396955014944,0.6477916194790487,0.6523556910396036,0.6370626452881921,0.640213217074396,0.629220276058209,0.654544061172183,0.6293607745297559
93,0.6526301478222178,0.6377861274534039,0.6405670638255797,0.6572980010217366,0.6777162538521119,0.6535241673670507,0.6541174337931148,0.6528485028262553,0.6749476771971458,0.6499274896590366
94,0.65919785829495,0.6562214203761286,0.6539849349008131,0.6608939290643343,0.6749696536357439,0.6638620529107567,0.665125791915396,0.659206172367349,0.6775303879346182,0.6592976271637373
95,0.6429024081115335,0.6211676372912355,0.6245046606022685,0.6421764451075709,0.6598803163754793,0.6501981357590926,0.6526206863358521,0.6424732476616771,0.6668591872423032,0.648060355200462
96,0.6689690271920896,0.6595010744349119,0.6642067762105569,0.6792367472896773,0.6901992147738839,0.6727820593605093,0.6732990806714815,0.6661173315237587,0.6914756111353465,0.6663677637212608
97,0.6544980391847427,0.6420466650359417,0.6493218025297278,0.6639943818894842,0.6658881270071726,0.662581963655875,0.6661879699841399,0.654675577789526,0.6721453765002012,0.6484775078314251
98,0.673197729997117,0.659442665736006,0.6364012260443379,0.6640744730892372,0.684414973521691,0.6778826457065688,0.6798173072546014,0.6729435685780617,0.6864861994142907,0.6747606330516062
99,0.6755079304140978,0.6588830423883832,0.6637233425923835,0.6814962022838991,0.6834835106102692,0.678138855641622,0.6809767921531432,0.6759257168236189,0.68154889606528,0.6651272554820352
100,0.6456492986953611,0.6436164133043777,0.6437592867756315,0.6525725389024052,0.6664598403082801,0.6484414545335794,0.6505723103048512,0.6457962542657937,0.6675783354832389,0.6460820012083014
101,0.6461502960086575,0.6325752753198803,0.6339638105544593,0.6526831752498568,0.670332293589662,0.6477417404035903,0.6502562225475842,0.6453386593672417,0.6717805079890509,0.6537176141065631
102,0.6544233715134408,0.6378644022985824,0.6237937496598005,0.650002721596255,0.663486287042869,0.6520244788143171,0.6474210931485759,0.6547305230908003,0.6634551830856681,0.656709512367711
103,0.6498229911161579,0.6458597733395676,0.6438187904021849,0.6507692650234899,0.6642471741663513,0.6539754636742146,0.6541832728460208,0.6502423203378384,0.6664440139825886,0.6569107682259776
104,0.6495716233383944,0.6463917206333467,0.6456403185325195,0.6527980045239055,0.6726520620952499,0.6542543302450965,0.6558888234747312,0.649947324388808,0.675812598766771,0.6473716419297865
105,0.6598693984438606,0.6592818593095576,0.6619006051653084,0.6663365256292964,0.664263351826827,0.6623748331808529,0.662886831569317,0.6599407424815974,0.6647837436314955,0.6557482310875349
106,0.6769199376715886,0.6761779327743563,0.6795317949098464,0.6741633894783705,0.689463530459301,0.6814350374712473,0.6810491949246865,0.6769459078429918,0.6932551754841582,0.6767715366921422
107,0.6667108007017312,0.6604589387971269,0.6656308960312469,0.6781801330641157,0.6864221641124094,0.6722054880672602,0.6743073714872067,0.6678031180695773,0.6914617192413359,0.6646337426765085
108,0.6707749077490774,0.6664814412850011,0.6571217712177122,0.6742609073149555,0.6844280442804428,0.6758063815932277,0.6771782070761884,0.671334925113957,0.68937703494682,0.6719209897981333
109,0.6654193380626183,0.6647245719672038,0.6572568521814031,0.6666829185051559,0.6788311677758546,0.6670079552749405,0.6680561988574958,0.6656590526803344,0.680846395748519,0.6664107002104613
110,0.6644733142117991,0.6635935629524291,0.6659636690849784,0.6653972538905895,0.6771112021660359,0.6716720094482875,0.6733752721604923,0.6645697253087164,0.6811122626881021,0.6687716422826934
111,0.6635095079205675,0.6643193819041757,0.6675386309890181,0.6528637144060384,0.6717337782241083,0.6625660047296641,0.6597314457870356,0.6625336097703197,0.6705837571673847,0.6661658945868023
112,0.6689819872079795,0.6670270229548211,0.6726885090289968,0.6735774715795659,0.6804556309750713,0.671355065203143,0.6732535275992738,0.6679348194577328,0.6829417126842903,0.6667520472506197
113,0.6569155124009245,0.6577220765925765,0.65588791859906,0.6517969319539018,0.6715732654992167,0.6600331932186565,0.6636161995315724,0.6574661475702254,0.6739464255246544,0.6574428812954661
114,0.6629572770894728,0.6471232623084875,0.6513122367426288,0.6618039590822828,0.663886874546773,0.6694798882940151,0.6711462206656073,0.6626834122784009,0.6719716723496829,0.6691288784657399
115,0.6568953712402273,0.6477755839689187,0.6523812556724997,0.6616164832890149,0.6813528016177571,0.6587344553604128,0.6605337324650097,0.6573332484117,0.6836218015062975,0.6605217903603331
116,0.6864134362203155,0.6850429018780474,0.6765414358216145,0.6810808116885814,0.6920118613517622,0.6959324201975231,0.6987565515694695,0.687534782500353,0.6969790100588914,0.6849806048624897
117,0.6568091286307054,0.654941908713693,0.6496514522821577,0.660149377593361,0.6715684647302904,0.6586058091286308,0.6598340248962655,0.6569211618257261,0.674091286307054,0.6566514522821577
118,0.6793276022117286,0.6794769342535416,0.6711224119142754,0.6712273479436575,0.6862897041611171,0.6835210073858821,0.6846591597045647,0.6786374460184849,0.690349921297978,0.6787383460467369
119,0.666454380036392,0.6444718828524392,0.6461311844727493,0.6707564335846113,0.6769950610865609,0.6669266094792479,0.667992375010831,0.6642578632700806,0.6778875314097565,0.6656572220778095
120,0.6470352395020046,0.64731799957797,0.6474066258704368,0.6458999788985018,0.6616079341633256,0.6487444608567208,0.6523401561510868,0.6468200042202996,0.660721671238658,0.6434226630090737
121,0.6675404852019606,0.6632243903952348,0.6661017869330521,0.6651517031705653,0.6832692188372526,0.6716122727554756,0.6742414841471738,0.6680756344232798,0.6853710367934479,0.6723490724080163
122,0.6473346359990897,0.6317026469226483,0.6372821369996312,0.6531848608266434,0.6693897089405246,0.6473307123070524,0.6453296293680502,0.6422063705063917,0.6694917249334934,0.6555273049728872
123,0.6584534843193183,0.658403693086843,0.6541714383264455,0.6630485037734641,0.6693506511981905,0.6604522466515396,0.6620953573232233,0.6559496966291336,0.6718544388883751,0.6590509791090214
124,0.6544269488900362,0.6459997266846852,0.6432362051686963,0.6568981748610647,0.6662668164839504,0.6553038355249172,0.6591909866682863,0.653906890582769,0.6677852348993288,0.6529388988429652
125,0.6585010968015851,0.6383252547410133,0.6421729054627795,0.6544367393150298,0.6781948768751769,0.6477497877158223,0.6533399377299746,0.6585497452589867,0.6699511746391169,0.6507261887913954
126,0.6387423886464976,0.6368365536750251,0.6388302887919324,0.6324974828594716,0.6504450943727925,0.6396173946396894,0.6421984625465471,0.6386744658068434,0.6523149701938598,0.6387503795688099
127,0.6478168110226181,0.6453433518346947,0.6382927181701502,0.6442553697863985,0.6681569754099057,0.6533247201421176,0.6513782522588377,0.6471793215411946,0.669491453391019,0.6536987139712195
128,0.6287726793157722,0.6195625853987582,0.619385301900825,0.6257848037774357,0.6415327671792034,0.6320113461438677,0.6344933151149316,0.6287078194994552,0.644438486950205,0.6267058131691371
129,0.6473266015560337,0.6469210395629863,0.6407424267505379,0.6477569938751863,0.6588313193179937,0.6486426088395961,0.6503807316669425,0.6459940407217348,0.658500248303261,0.6466561827512002
130,0.639155331301534,0.63957520432614,0.6419207019118701,0.6461556281083273,0.6605688555564403,0.6399371638301107,0.6418555492011554,0.6390974177808987,0.6600476338707225,0.635412670030477
131,0.6396924120773493,0.6400693580609899,0.6444607787704022,0.6398130347921143,0.6497191752421878,0.6435900335481926,0.6437860454596857,0.6394964001658562,0.6521919408948698,0.6383957178936258
132,0.6724744499318943,0.671037128030284,0.6602989963816257,0.674814276283353,0.6848170339358386,0.6739953370603424,0.6766192851830496,0.6721234759791755,0.6863044949735516,0.6765357199562119
133,0.6674765884048611,0.6646451440137988,0.6608567580552427,0.6685752990934652,0.6803736403947482,0.6710562587128939,0.6732064237163987,0.6627548890656627,0.6827915915159057,0.6683350791938063
134,0.6569917336727953,0.6561377076652862,0.6566734881322612,0.6601298764079344,0.6668331748819671,0.6607744243381298,0.6650364975265474,0.6564720669040751,0.6708454857474339,0.654389371404631
135,0.6379748495729018,0.6321832013509747,0.6347900578754939,0.6301378846752906,0.6589034807272965,0.6430164117193776,0.6424507730395291,0.6382289770957323,0.6622399291722001,0.6377453150361517
136,0.6500988421349901,0.6496717029087828,0.6479631460039537,0.64570036712793,0.6652358090934765,0.6547444224795256,0.6548150240045185,0.6502894662524711,0.6689141485456086,0.6436105619881389
137,0.6569175143038779,0.6583399554990464,0.6579823585505403,0.6630959949141767,0.6779481881754609,0.6579545454545455,0.6600365543547362,0.6576684678957406,0.6797043865225684,0.6561943738080102
138,0.6287691320685547,0.6284400229959757,0.6269611151381842,0.6387298889361028,0.6502778680397597,0.6353388157072513,0.6376800726539522,0.6276984860982662,0.6551436831887752,0.6327267728147574
139,0.6572413629872743,0.6472729998185419,0.6457582188700681,0.6549139651758171,0.6712294183083368,0.6626456596003187,0.6661170326072378,0.6561131667600255,0.6743931014350971,0.6583143328257766
140,0.6682333151931925,0.6670459605204572,0.6670706970761391,0.6603423539306387,0.6823908705618497,0.6677633206352348,0.6695690892000198,0.6664770197397715,0.682943320305414,0.6705915335015419
141,0.6506789693593314,0.6525732855816422,0.6460157182650219,0.6577878365831012,0.668324711500199,0.6525567051333068,0.6530624088075342,0.6486851704470089,0.6708034885263298,0.6504053919617987
142,0.6320505004514481,0.6320968028213577,0.6359476165855089,0.6353919881465933,0.6456942654514867,0.6355231781946706,0.6372826682512367,0.6321431051912674,0.646705200527847,0.6380543744163972
143,0.6502003357405296,0.6494995565691118,0.6406942860762701,0.6562935512479412,0.6647187381223869,0.6480425693652604,0.6519305080451032,0.650354744710503,0.6650988217407829,0.6513405865957177
144,0.639294997385121,0.6155503344703503,0.6160342822352142,0.6448447854628336,0.6543676285778961,0.6402941153512914,0.6412151772263549,0.6398491956319812,0.6562721972009086,0.6517761663531414
145,0.6265462192211421,0.6263533965888585,0.6282743465859479,0.6349249083182956,0.6446679084929274,0.6310830083241167,0.6321817335118458,0.6267026602246929,0.6477821759124512,0.617472641015193
146,0.6625570203627357,0.6508394337936764,0.6537825466744001,0.6671891900365244,0.6657078362829778,0.6669070274168012,0.6671735143354286,0.6623532362484912,0.6691564905240387,0.6610913423102849
147,0.6707442243946762,0.660118456697683,0.664282949975602,0.6651158486311858,0.6791994077165115,0.6730998973599637,0.6749171307903283,0.6704076996853494,0.6827918089885749,0.6702310242129529
148,0.6416328256574391,0.6320163894984726,0.6304744059900409,0.6405829645453154,0.6571984747851065,0.6461166074904674,0.6471518871982561,0.6387675797056015,0.6599543602044313,0.6410714415905396
149,0.6689065026223432,0.6494538428171458,0.6334792381403053,0.6705390591111637,0.6869592649552427,0.6782207500295753,0.6804211522536378,0.6681651484679996,0.6943018257817737,0.6654915414645688
150,0.6600208979371713,0.6576951597681003,0.6540127410004045,0.6630376162869085,0.6758460293919374,0.6629280706485102,0.6639055548065256,0.658529391937441,0.6784329917756505,0.6565365039773493
151,0.6589017705399389,0.6592089620119844,0.6560532677991526,0.6613313758188448,0.6639006135850442,0.6621771497418794,0.6641240255647137,0.6585227680744281,0.6664698513512435,0.6600108514390125
152,0.6575136537729472,0.6593937180991152,0.6564143599623987,0.6651387906991197,0.6722861426828984,0.6606173136832946,0.6612310536905973,0.6543167675323768,0.6751916966415215,0.6641404920796463
153,0.6427304732202916,0.6280542670195944,0.6250709786758218,0.645936525408182,0.6575639244874247,0.6447484515728874,0.6445999423434756,0.6433594534860357,0.6570747176140682,0.6371308016877637
154,0.6671628972230175,0.6615066868430739,0.6652529548893705,0.6736002617479858,0.678418060611018,0.6713017872479653,0.671326326121631,0.666058647908061,0.6834321704633757,0.6662631385219419
155,0.6722333378169345,0.6663528145806712,0.6598459882978008,0.6761298675095837,0.6796354832201223,0.6779457260071289,0.6798960925415294,0.6712455444212791,0.6836455040688681,0.66086740870267
156,0.6325762137598253,0.6288709042882032,0.6350611396134916,0.6307616960120753,0.6513476407254859,0.6346396255349215,0.6334433284357411,0.6334674149545166,0.6526723992581352,0.634230154715739
157,0.64822598639242,0.6475385364780566,0.649765874200594,0.6524646061501234,0.66390377272513,0.651600383400638,0.652896717524866,0.6423689131220439,0.6663707358463883,0.6552968997973004
158,0.6622171727715062,0.6626587766768904,0.6576646379650892,0.6557737703338525,0.664935044080099,0.6658905143481123,0.6682430587895235,0.661795641770912,0.6675605800266569,0.6582828834326273
159,0.6527822600887856,0.6427382975824207,0.6357817508982552,0.6531838751550879,0.6652108120513207,0.6618688009638761,0.6633605140672849,0.6523160997439704,0.6714573606718446,0.6523878167200958
160,0.6540803897685749,0.6546453298288352,0.650847009423681,0.658055003525867,0.6664048977498558,0.6555949099301237,0.655795243284826,0.6546333098275531,0.6671581511635362,0.6559875633053401
161,0.6328194460029867,0.6312182237222591,0.6337732738305898,0.6296299493305941,0.6480504795034916,0.6355514505951713,0.6370016141701698,0.6322885825514247,0.6516068330326545,0.6304197705634058
162,0.6337412116218359,0.6120754048621967,0.6120600035423036,0.6424506580213925,0.658552737969644,0.6413109603493019,0.6429203982781324,0.6293749374321379,0.664659361307264,0.6296444605302675
163,0.6682343898689701,0.669398287094649,0.6700168362491765,0.6628504501866628,0.6752580338189005,0.6708879291413513,0.6710562916331162,0.6667520679306054,0.6755361979357295,0.667312056218432
164,0.6420949798300503,0.6311973117962625,0.6320605351142402,0.6464237289562998,0.6505335141189648,0.647611187374201,0.6490091880647797,0.6364019167768504,0.6547106728088866,0.6334964334139008
165,0.6443797090206888,0.6381491537172895,0.6411736550665555,0.6423661255848883,0.6606864338942209,0.645361743565198,0.6483491091543775,0.6441651468513002,0.662015068866204,0.6328098566559661
166,0.6604770202570246,0.6589606755692575,0.6610592631067473,0.6607325369033058,0.6691352646482248,0.6628604460231556,0.6657926042591693,0.6584957190489754,0.6695960323710269,0.6618425682355109
167,0.674002193700478,0.6577622618034182,0.6515535983236199,0.6748821295265536,0.6863090170912186,0.6728766943880558,0.672639316351254,0.673597013948006,0.6867346604675528,0.6802149499050488
168,0.6500837348106641,0.6478732945481098,0.6509806100338907,0.6465517925599041,0.6505202669989603,0.6528934147135158,0.6534569380838618,0.6472581810100562,0.6522584588032668,0.6468295857706381
169,0.6400699422147842,0.6290062837475133,0.631611354952793,0.6478812087530392,0.6592566863494269,0.6386845179828855,0.6399870535855253,0.6385976822760429,0.6585225299188481,0.6366044080962455
170,0.608680933381695,0.6082335872324991,0.6067343731108693,0.6114053117317535,0.6243017772941604,0.6130012493451014,0.6133236609841616,0.6061580623060493,0.6278483053238222,0.6004271954217547
171,0.6622738347093552,0.6561218333040563,0.6566602766300321,0.6727944826743449,0.6639120771692393,0.6651493511948859,0.6650042388091619,0.6631788777466338,0.6659207380874188,0.6671618308600582
172,0.6582198630663897,0.655423494114932,0.657227479036849,0.667712900992384,0.6729517655204247,0.6658127548272944,0.6673282560196938,0.6600430802369412,0.6792137856758212,0.6639203015616586
173,0.6426552458847383,0.6329255300869445,0.6337503006976185,0.6400907247671741,0.6663459225402935,0.6458039795181965,0.6468607168631224,0.6426509502044744,0.6690350183855115,0.6308249424378845
174,0.6372872868830612,0.6370692231276803,0.6310603552016282,0.6558953940089002,0.6525921319366484,0.6409055299353078,0.6440068811229476,0.6372065225292165,0.6547566166196888,0.6435949829183392
175,0.6345849699329139,0.6271159929090341,0.6333814174980014,0.6456515693976155,0.6512652507907818,0.6394904237199763,0.6401769265528868,0.6347544231638221,0.6559143522541625,0.6405549376064514
176,0.6602577403625262,0.6501867468986676,0.6522061330052912,0.6679165863852619,0.671510723125491,0.6610988424656519,0.6633220198307421,0.6554816143231907,0.6733189073824309,0.6595315024232633
177,0.6671155214493929,0.6645065530247967,0.6656771458956565,0.6630681774710604,0.6810784756279504,0.6658684192405683,0.6658072117701965,0.6660673435192765,0.6797166094121787,0.6606045767885971
178,0.6320577883277401,0.62938119014488,0.6266964066464762,0.6395268887615617,0.640263567160514,0.6387329131538021,0.6394204796594909,0.6320045837767045,0.6462634034542032,0.6324261275272162
179,0.6514193394152985,0.6516082762024477,0.6511262946025772,0.6453617946681267,0.6620036553484534,0.6551325256607003,0.6557957323421221,0.6520324200103337,0.6638004827527705,0.6545040216544693
180,0.6520815906312335,0.6384965574930828,0.638050157647513,0.6571649186024066,0.669479119747764,0.660671771443279,0.6626504085966154,0.6501672994015829,0.6759378418377195,0.6526607039444051
181,0.6531625698147739,0.651304786848001,0.6535767252532265,0.6539711590041337,0.6674450159351235,0.6535293932031176,0.6546732510807485,0.6527484143763214,0.6676580101606134,0.6499992111324981
182,0.6557994931097149,0.656744819043428,0.6524134334074925,0.66006568385367,0.6799582752691327,0.6599760408771973,0.6623149076269874,0.6548011963262679,0.6836417866660147,0.6517085136379565
183,0.6650626262626262,0.6653010101010101,0.6526585858585858,0.6722424242424242,0.676840404040404,0.6692444444444444,0.6674909090909091,0.6651555555555556,0.6814949494949495,0.6682707070707071
184,0.6166960952867742,0.6126574043957065,0.616506358130818,0.6307714945092391,0.6374394002756997,0.6222371946780664,0.6246844167712157,0.6154453789322057,0.6414277527376361,0.6139313538714124
185,0.6440285306241683,0.6416834366581193,0.6473514232854036,0.6529179785127722,0.6538592619039891,0.6476435457171605,0.6483008211886138,0.6415170891622578,0.6583871595962218,0.6491650167158947
186,0.6501779881547146,0.649587268248612,0.6501586835826197,0.6525408677791248,0.6592588588681343,0.6544095503579068,0.6572511833702694,0.6496915129379243,0.6626178544126391,0.6507262380022084
187,0.656577027617517,0.6482228953585686,0.6498263258852196,0.657999007576487,0.6656051191278523,0.6502966161320664,0.6497337490649742,0.6568214304229649,0.6625908178606608,0.6584507824592847
188,0.6371674876847291,0.6348029556650246,0.6382101806239737,0.6408374384236453,0.6572249589490968,0.6408210180623973,0.6416584564860427,0.6363382594417077,0.6601231527093596,0.6377668308702792
189,0.6482444985500054,0.6324108679807081,0.6351441465192377,0.6336941519470248,0.664562752973652,0.6518462230355287,0.651784191182172,0.6476203030256037,0.6672533846129988,0.650826574445978
190,0.6456950290597137,0.6392968308463167,0.6352267838615256,0.6497482053834279,0.6615154914845338,0.6462053665572886,0.648702224396663,0.6389594176247796,0.6600899206235397,0.6468928459961704
191,0.632286524932955,0.6019627657507093,0.5961366551362276,0.6357184499980567,0.6561389871351393,0.6378094756889113,0.6404368611294649,0.6318317851451669,0.6598079987562673,0.6357534299817327
192,0.643433808173062,0.639443907608865,0.6311874629843209,0.6529643714348057,0.660188273432873,0.6459119104766061,0.6458807393784483,0.6432545743586546,0.6624559708238521,0.6454287584551603
193,0.6498621929298981,0.630257639304973,0.6250049930097863,0.6548272418613941,0.6712921909326942,0.6497703215498303,0.6538845616137408,0.6493708807669263,0.6707090073896544,0.651372079089275
194,0.657322273044422,0.6554926738506861,0.6571478409179006,0.6597798278936352,0.668059539499186,0.662904101093108,0.6641987750988448,0.6576168695247694,0.6726180324056128,0.6644003411117141
195,0.6361122596650817,0.6310471366549514,0.6331963682723452,0.6501361036455103,0.654064158224795,0.6425039625111985,0.6438563848115223,0.6239232306526084,0.6596461305216732,0.6267314451106057
196,0.64490060326329,0.6400218632333293,0.6451597230657111,0.6396453297704361,0.6617190979391878,0.6456698651767278,0.6482772581885906,0.6436940766832665,0.6614923681120694,0.6436616867079639
197,0.6556213323237364,0.64776110413189,0.6526484709769571,0.6699220430570135,0.6754977714295548,0.6615756595363885,0.6637439983479323,0.6558794678965393,0.6812283811457778,0.6592352303429762
198,0.6531363278171789,0.6528723404255319,0.6407565011820331,0.6575413711583924,0.6664854215918046,0.6518124507486209,0.6522379826635146,0.6511426319936958,0.6651063829787234,0.6515445232466509
199,0.6461272821146538,0.6309131844227953,0.6313236899794324,0.6378917788856255,0.6516373670088957,0.6508840681523864,0.6506132191253269,0.6430379103997562,0.6580784954336547,0.6433933997477719
200,0.6295658085067701,0.6212700871860944,0.6178356032281778,0.6559745792855958,0.6590731240761672,0.6236374702595031,0.6246887622420185,0.6298108464876572,0.6571286291310637,0.643082419710539
201,0.6523500412861662,0.6451924098857885,0.6449757597063368,0.6557142506765209,0.6639306065387477,0.6563192360832918,0.6571858368010988,0.6505064708912089,0.6664731803428796,0.6546473507362018
202,0.6507075432571874,0.648252293501883,0.6497577929295443,0.6528641815557656,0.6648252293501883,0.6580318187096668,0.659052074520148,0.6501186151064218,0.6695781283697474,0.6502264470213507
203,0.6641036870548183,0.6584061875092961,0.6627030689649474,0.662521277826439,0.681848981143301,0.6585714521806674,0.6630418615412583,0.6647027714885388,0.6779074187310978,0.6555181873770844
204,0.6448888588608878,0.6403996726947879,0.6364885255500754,0.6429745737900592,0.6706228558130457,0.6470809029419934,0.6489501460111554,0.6449789428642209,0.6711858808338776,0.6391610176489576
205,0.6297161079698438,0.6285844103392568,0.6275074044157243,0.6343060043080236,0.6430398492191707,0.6316723882606354,0.6304439283791061,0.6298465266558966,0.6434437264404954,0.6317270799676898
206,0.6347361540197505,0.6364209395889591,0.6403546998902749,0.6344132043609877,0.6602803047399671,0.6303276966296507,0.6288413500073928,0.6350591036785134,0.6574087764487989,0.6319424449234649
207,0.6312114530406161,0.6154411529735084,0.6214209248074649,0.6423641069887834,0.6414134151407663,0.6332566388649219,0.6352219346179657,0.6315310133256639,0.646662192822676,0.6233662480426932
208,0.648921843560372,0.6405445442590744,0.6367935738390608,0.6573347909438028,0.6484544575946258,0.652351981241187,0.6537937481185735,0.6481296639574124,0.6499358334521603,0.6505458117464391
209,0.6241678349857703,0.6203228758279674,0.6199241082297238,0.6342251735688441,0.645524988036972,0.6266276014338843,0.6271145176591083,0.6226735058807726,0.6482198174903666,0.6230596808180192
210,0.6897883058366233,0.6830688245701187,0.675364516606967,0.6874700412232768,0.6919758412424504,0.6941198002457709,0.6946950087588569,0.6897360141536155,0.6945381337098334,0.684655005621356
211,0.6455088353549346,0.6288264013244586,0.6340338547825793,0.6512906713518262,0.6629894921782613,0.6486130351049093,0.6506064803865257,0.6444149744906579,0.6654897455823225,0.6429156671284252
212,0.6748172412724963,0.6566071926400893,0.6552365021838119,0.6824644549763034,0.682115974351826,0.6768732769569124,0.679560449772326,0.674480376668835,0.6845475947092897,0.6737950314406963
213,0.6555546222337615,0.6504421399880874,0.6518548497945844,0.656360248636926,0.6655084991676466,0.6573224185591887,0.6588343998656017,0.6556806206759626,0.6645081478992624,0.6686660964918979
214,0.6837528424684388,0.6814278993178076,0.6775464596565514,0.6879244099427586,0.7037638202775818,0.6860817062651925,0.6859562455892732,0.6797302595467734,0.7019446404767505,0.6829295067827178
215,0.6547189795826385,0.641971274470035,0.6442210904283289,0.6590495936058653,0.6657351902765883,0.661115367858055,0.6629032015744956,0.652461651717973,0.6704301317588378,0.6537424317543307
216,0.6616528182905189,0.6631493568311463,0.6651980533575014,0.6638309863445618,0.6771056259186766,0.6634044919004135,0.6628104460674927,0.6592918669032696,0.6783546453622538,0.655704743989094
217,0.6560551945367661,0.6561544058071663,0.6517105676538189,0.6599451030970451,0.6683119202341385,0.6616647651173173,0.664045835606925,0.6542239198372936,0.6731732724837541,0.6645625609735932
218,0.6615617451246096,0.6611861485889353,0.654742090378837,0.6501870618040417,0.6808828727979732,0.6680021210157309,0.6702851587815943,0.6615948859954045,0.6861559535733224,0.661826872090968
219,0.6617254003548728,0.6610590780794945,0.6631478861112983,0.6681565333273439,0.668897723274113,0.6632601876183845,0.6607446338596531,0.657982016785332,0.6687030673284969,0.6605948985168715
220,0.6716779375125733,0.6699524922238901,0.670509586666873,0.6752294145865895,0.6845684839293728,0.6666872997941845,0.671778524009223,0.6706333854319804,0.6819145479023847,0.6658439207068909
221,0.6527862387380166,0.6355886690820481,0.6328954118439193,0.6611465580813748,0.659880085927731,0.6588140049376383,0.6597678668761422,0.6545737279168937,0.6655631793260445,0.6534996312802591
222,0.6625924734641364,0.6534342319160589,0.6549990002868742,0.6666000191249467,0.6750845409578121,0.6692601253553329,0.6726504568254327,0.6613319656098685,0.680700320777516,0.6638182086879417
223,0.6597488345858425,0.6566424459596211,0.6553982315565952,0.6663348761591931,0.681016606114899,0.6643192488262911,0.6659201380248511,0.6598400769753977,0.6851722822210057,0.6571857529156091
224,0.6668889933150419,0.6650547984659462,0.6691476299473995,0.6735587927662994,0.6661386408767754,0.6575436947657233,0.660264669769134,0.6668510967272506,0.6654261850263002,0.6674953387197017
225,0.6652072869030662,0.6526613689182098,0.6527325886498239,0.6680035984706499,0.6821725766549217,0.6688882225054352,0.6687832671114776,0.6653722168078566,0.684803958317715,0.6597121223480021
226,0.6335758628658862,0.6295314903213981,0.6292167066455217,0.6398954440043672,0.6509168572635337,0.6375126511160875,0.6391383693408669,0.633902600352239,0.6543834623016663,0.6337432162125547
227,0.663397436421788,0.6632788279850471,0.659143892483497,0.660313617066527,0.6829800983223041,0.6617205585230387,0.6617614579839838,0.660681712215033,0.681401379129823,0.6602318181446368
228,0.6767483716910356,0.6770156727522209,0.6754608715796602,0.6786150241016456,0.6937620842354744,0.6818493669419867,0.6837828446178932,0.6768241069917048,0.695793572300482,0.6720527830495487
229,0.6625052062376021,0.6365199037110768,0.6422591188575221,0.6635464537580211,0.6645488750997127,0.6684526708881312,0.6698009981857586,0.6636241061154761,0.6689468222537538,0.6586720035014154
230,0.6463226905465173,0.6457561692218732,0.6469243752637255,0.649295950739994,0.668018503758576,0.6496007001422164,0.6513432415959491,0.645787425570819,0.6704096144529358,0.6552776345195118
231,0.6770607848945398,0.6700617494930161,0.662269009045959,0.6802697837628455,0.6815913596281359,0.6814774306742315,0.6830040786565498,0.6775354888691412,0.6864523283280546,0.6765291164429862
232,0.6496275979118207,0.6421833445723248,0.6433577560406422,0.6556928648820664,0.6683083171062502,0.6541926489418931,0.6579204582477781,0.6491995059894985,0.6709677908183753,0.6449072214940029
233,0.6672384219554031,0.6562591022363183,0.6554216964950322,0.6691721414932522,0.6898928767921292,0.6702482280979967,0.6678695103401404,0.6644227968542671,0.6933395902780025,0.6673516942295867
234,0.6803256226323849,0.6661481421778028,0.6700370758442814,0.6896751833642298,0.6834206496332715,0.6801805432417184,0.6811880390102362,0.6790682679132748,0.684637704521641,0.6806963810751995
235,0.6496123611154097,0.6442890965924917,0.6348031630095015,0.6497709758286652,0.6754201355575501,0.6512797499303643,0.6549317569867847,0.6495079075237535,0.6782133019714648,0.6435617901024419
236,0.6599370267096095,0.6555094423909675,0.6527354473337225,0.6662847920224225,0.6703341042878038,0.664757293445446,0.6662919972043894,0.6577898824834821,0.6751471658416733,0.6586040680457385
237,0.6514948945286235,0.6449703679379525,0.6475856515144407,0.6498021923034824,0.664063110819221,0.6533752404184454,0.654649653641069,0.6507873215430564,0.667573611045957,0.6491180747760004
238,0.6598369354401938,0.6467105311308395,0.6484231481413714,0.657981600345451,0.669684483250752,0.6560567359276309,0.6554931824669004,0.6601187121705591,0.6694575980912371,0.6600199073430284
239,0.6422366992399565,0.6408651922967027,0.6398324802233597,0.6461022262496633,0.654755781963051,0.6402488305454189,0.6407304907219188,0.6422897634966896,0.6542741217865511,0.6429877625660242
240,0.6590958944976265,0.6572883854381455,0.6558801077485983,0.6558801077485983,0.6774122787775623,0.6656634698909353,0.6664356096833349,0.6572839982802341,0.68094832805412,0.6571041248058682
241,0.6287078140381508,0.6258381470681105,0.626706476717621,0.6398892995783726,0.6419231412173332,0.633806348557737,0.6351993907762031,0.6264510856442356,0.6475974665205521,0.6184271624658705
242,0.6335363250264039,0.6269896556631687,0.6276413264121405,0.639573642539868,0.6550789120843726,0.6338209628248055,0.6374463495202355,0.6348171951192108,0.6539328704223875,0.6340157150026591
243,0.6327473312433033,0.6147823326322474,0.6193618794396603,0.6462161196872892,0.6432398111036153,0.6410809952775903,0.6447557442755665,0.6261597682447716,0.6507162982658042,0.6407714591848883
244,0.6536696493190342,0.6527033028488717,0.6381423119942101,0.6515642476478716,0.6619761168497927,0.6581271794196987,0.6594101585630634,0.6513504177906442,0.6651177709059807,0.6498124876636621
245,0.6578973497604607,0.6525356412950842,0.6487253531032543,0.6630977105173883,0.6675823493881199,0.658886121614801,0.6577773732593064,0.6546414357463779,0.6668955873470299,0.6572602331681243
246,0.6504584766471836,0.647765836020867,0.6458162569614144,0.660688978941482,0.6673995143288316,0.652752774990233,0.6510751411433956,0.6497575474372036,0.6688703166055109,0.6434032219762373
247,0.6694253301097266,0.6681272084805654,0.6613613539148224,0.6770094848428492,0.6815547703180213,0.673059326762135,0.6744429979542496,0.6695406360424029,0.683927840803422,0.6648130928026781
248,0.6430247269466064,0.6382322795554274,0.6345288427660869,0.6459914800935268,0.6579786041446463,0.6457032125812754,0.6453669004836489,0.6425642996700939,0.6605569968931169,0.642800518881522
249,0.6596059379634207,0.6560646317350469,0.6587331623826,0.6703225407810183,0.6707318956994562,0.6596252471576866,0.6599341942659417,0.6598106154226396,0.6708014087988137,0.6606872528423134
250,0.6627152483154479,0.6604046367133378,0.6608349182034887,0.6607832844246706,0.670516251731883,0.6670653941808731,0.667478464411418,0.6622548471209866,0.6753956438301937,0.6564159272996394
251,0.6392831852710185,0.6320731942835072,0.6352677996652504,0.6455999742500322,0.6591348010814987,0.6431859147676066,0.6422605252993434,0.6390176387279516,0.6624098751126561,0.6481830178962277
252,0.6527280656282656,0.6409699423201929,0.6379172734977331,0.6524812190927567,0.6743847350102441,0.6539293854344088,0.6552541285083063,0.6507450651263443,0.6761949429373092,0.6476265705610822
253,0.6513140224795918,0.6504513010002686,0.6503495649767634,0.6634409564813986,0.673101809273442,0.6546021307592763,0.6540486867914086,0.6451447500142431,0.6769677781666354,0.6387720055018842
254,0.6627580265996844,0.646902070653399,0.644740443757447,0.6646459279296686,0.6709577174508099,0.6665700576433838,0.665112871542202,0.6609828357968635,0.6758123208707694,0.6627338743438638
255,0.6628176899312134,0.656920477238978,0.6598776179015823,0.6632700087050029,0.6720859576356529,0.6583542424087255,0.661989861232014,0.6619386553330944,0.6678358680253299,0.668441804495878
256,0.6578693159506793,0.6416280530903951,0.6425076572685149,0.6663237257519831,0.6616194141207885,0.6584387025838373,0.6592947459357574,0.6577947066677138,0.6638655462184874,0.6658328752061572
257,0.6341243126676056,0.6309094670836417,0.6321428855626378,0.63295853326649,0.65812027023801,0.6365473831634398,0.6370487080936125,0.6341123763597444,0.6606030222731505,0.6367582579356553
258,0.6407467251428242,0.6390155231115471,0.6386610388860952,0.6479559450302136,0.6566779057401713,0.6401985111662531,0.6371153227867407,0.6353016825634981,0.6579721853540308,0.6391474242186921
259,0.6518291926749618,0.6479310487371337,0.6484808399818114,0.6567814476458187,0.6670249266256045,0.6572774998966557,0.6595014674879087,0.650754412798148,0.6715803397957918,0.6518291926749618
260,0.6240242165773208,0.624546125571304,0.6153866227268999,0.6401735720197133,0.6529454306867577,0.6264548213207279,0.6280876508876181,0.623554498482736,0.6540861746307494,0.6425370741781797
261,0.6438205096677015,0.6375687805477852,0.6340644308505733,0.6451922781347023,0.6606698226307215,0.6476053610402386,0.6477129507239249,0.6448003442869878,0.6650041498877993,0.6381182564323261
262,0.6430386029257131,0.6267360380897903,0.6262523448606543,0.6364898172060197,0.6571582391884048,0.6456000740260942,0.6446747478486167,0.6432867585824003,0.6608174836175207,0.6506346896371881
263,0.6498509570128648,0.6413594289300283,0.6412613743332287,0.6590053341700659,0.6706777533730781,0.6520709130844053,0.6528239723878255,0.6469328522121117,0.6742783181675557,0.6587621587700031
264,0.6523307282387502,0.6524930517614081,0.6473620448012922,0.6581783341647465,0.6625412737249685,0.6537995581632895,0.6525009699820257,0.6516933114790444,0.6636814974938832,0.6526316206222138
265,0.626260976425477,0.6214154047180157,0.624219302953232,0.633486556066298,0.6465610440923691,0.6297920993069976,0.6316276609810921,0.6218820729402431,0.6485832730553547,0.6290532079551376
266,0.6652129275308213,0.6652808064009774,0.6635244406356856,0.6643305022187905,0.6767523354573763,0.6676395971389056,0.6696165692322051,0.6637789863987714,0.6788396107146797,0.6593159506860008
267,0.6580274788624135,0.6577272290545734,0.6599130476556495,0.6768831667947732,0.6713905969766846,0.6599010376633359,0.6634479887266206,0.6585479118626697,0.6730880092236741,0.6544485011529593
268,0.6189089781468305,0.6183835373364458,0.6151016857174851,0.6219927127389249,0.6392461216438545,0.6233278492243288,0.6256449570602879,0.6188314540928394,0.6434668756944864,0.6146279276097611
269,0.6545158561693027,0.6351365370190083,0.6381808896053115,0.6643471599342452,0.6722712546084236,0.6591522096493608,0.6611152784206075,0.6544599964888201,0.6764687105989754,0.6557048693681472
270,0.6408202864168048,0.6369278144810954,0.6409695436656009,0.6449327164033717,0.662380103223171,0.6432908866666143,0.6440450285552684,0.6405256997415493,0.6642104684320919,0.6395633832690479
271,0.6519800459234825,0.6430985414443259,0.6431187542446881,0.6572555868180201,0.6638368746159568,0.6557921800717958,0.6588564406067074,0.646122376378513,0.6672973060379678,0.6508966398240678
272,0.6701403896332581,0.6684995757895916,0.6697962189245866,0.6703324849125166,0.681073812611055,0.6683795162400551,0.671052842209736,0.6704845603419296,0.6794970305271415,0.663024860330724
273,0.6462953619543199,0.6315882614294428,0.6354890694539622,0.647511540517949,0.6655245381910191,0.6501924047201283,0.6520825645930132,0.6410202345003125,0.6690262287921803,0.6411595490726167
274,0.6504069546491006,0.6501852672916139,0.652509025842412,0.6542627311882442,0.6680865214086648,0.6509849252596909,0.6515945654927793,0.649900240689131,0.6684190524448949,0.6488472257410691
275,0.6555579661857459,0.6548451084008741,0.6532179330223621,0.6616869934448077,0.6709696415565095,0.6587038385842025,0.6599590881619117,0.6535201227355143,0.6725270808473709,0.6555502177315625
276,0.6419137361737346,0.6410602363935755,0.6329045718276103,0.6439612735251266,0.6602639814471563,0.6435302130300966,0.6449182278240928,0.639366168648108,0.6618589052787668,0.6499831886406938
277,0.6552902126422393,0.6376117522592734,0.6384718509485313,0.6682603393553702,0.6741073952335188,0.6583268051977419,0.660265055765084,0.6534650266913256,0.677192444053205,0.6549348667048933
278,0.6575941303106191,0.6568545611645651,0.6538816396467642,0.6598421276159513,0.6760760364951744,0.6615043275778745,0.6627637918662039,0.6567959814302242,0.6800008786960151,0.6538303823792159
279,0.6539424380772039,0.6453169757123027,0.6479487446943377,0.6709646877582623,0.6693840216318573,0.6534890998226766,0.6571238295448163,0.6511461835337917,0.6699216085885534,0.653838130160233
280,0.6334860561069777,0.6324089877214204,0.6277941639463785,0.6374504962799715,0.6522477588692439,0.6384115726855457,0.6386104160798025,0.6320734394936122,0.6556032411473264,0.6362864339094269
281,0.6537143618856444,0.6493311482608286,0.6561725684534078,0.6511150142709281,0.6611360286045855,0.660336229338519,0.662272998149484,0.6539770410563623,0.6664523413731456,0.6516756578741022
282,0.6499771449650759,0.649467918748346,0.6425552730976191,0.6598449065349361,0.6597887713614383,0.6554583436916094,0.656909838892052,0.6497646332368343,0.6674712708201349,0.640859188926936
283,0.6557768423697933,0.645767889677703,0.6455951184268393,0.6564286611798705,0.6755277376390023,0.6589259910787209,0.6605751712006032,0.655761135892442,0.6783784632782559,0.6521722058176792
284,0.6795255021198235,0.6590081795212196,0.6603314633206286,0.6791657744850328,0.6896407006123935,0.6855038328122992,0.6865915806603572,0.6785234037086206,0.695045180077941,0.674258061753244
285,0.6609691144272427,0.6600451870370658,0.6528789266914082,0.6688069690523145,0.6743117129147969,0.6611670988679949,0.6623550055125079,0.6595832233419774,0.6744204102548176,0.65697060513362
286,0.667399438727783,0.6617909686197806,0.6623820052725572,0.6603622757037163,0.6797601836890892,0.6695807466621312,0.6704566714856706,0.6663151628539842,0.6814695127136662,0.6690067182583553
287,0.6463508207080205,0.6355108550107572,0.6384408804369085,0.6530007372079377,0.6600343027366964,0.6444325755638136,0.6476070832142266,0.6462680728782704,0.6596581762378323,0.6543698376638031
288,0.6417567452549153,0.6378724688368063,0.6368820557262127,0.6453392551783904,0.6593520531728039,0.6436215074397047,0.646298717879278,0.6416329436160911,0.6612013401527402,0.6421165437677481
289,0.6566627329895407,0.6563757901032994,0.6501115439952149,0.6497761037197497,0.6668310189301476,0.6586996233369437,0.6575841833847944,0.6564606605344412,0.6685203446547794,0.658998690570491
290,0.6609137777511729,0.6511452152376106,0.6575914937557522,0.6814348675201843,0.6807389837103327,0.6660057017576678,0.668003561727887,0.6599447782525085,0.6833354534094566,0.6706486684674843
291,0.6525765329716064,0.6349731787773222,0.6380637851835866,0.6610352375373801,0.6772744088540864,0.658306871782224,0.6603107562351636,0.6508924993063477,0.6803727225082468,0.6533626722569905
292,0.6645757894326987,0.6644901296577502,0.6582797959739906,0.660452439356773,0.6769925631740841,0.6680138613090371,0.671346805279757,0.6643694272475957,0.6795156329089281,0.6689366507027995
293,0.6493125266167792,0.644270548153556,0.644099440287157,0.651495102512624,0.6676857090709983,0.6539134270243961,0.6553735474843341,0.6480881547727687,0.6712371478980349,0.6510768388392042
294,0.6526582516807744,0.6530897223682249,0.6608326599775636,0.6506185720673722,0.6651081422441183,0.6592793655027418,0.6618995693138047,0.6527759255046246,0.6696738866095033,0.6547057762157668
295,0.6400805161606343,0.6363072778343296,0.633816022103676,0.6468998982067551,0.6648017327812517,0.6434863803699763,0.6435169948797232,0.6395524158675004,0.6669370948360975,0.6429200119396588
296,0.6334428028776485,0.6178155252394467,0.6081947814753522,0.6314963600661962,0.6607358754276601,0.6388362501393379,0.6401653190194044,0.6331598398257634,0.6641314320502817,0.6347975956715227
297,0.6447912589138315,0.6422213523495073,0.6458294330888235,0.6465442415371786,0.6573855030038974,0.6523307861191007,0.6539986724985959,0.6445104413091206,0.6640315196487228,0.6415405823986929
298,0.630947583894781,0.6160907127429806,0.6042116630669546,0.6374552722349376,0.6476258018761484,0.6351181457722188,0.6353599174752587,0.6312014441829729,0.6510106057187067,0.6301255601044454
299,0.6562715842165069,0.6560822001232853,0.6584253641002028,0.6569548523175415,0.673316152606445,0.6571776571330962,0.6578386447525753,0.6563978402786546,0.6737543354103693,0.6569437120767637
300,0.6372316790909021,0.6341507783531889,0.6237701555158186,0.6365930501691399,0.6503719529659475,0.6411989193624548,0.6404480465695951,0.6369955799137658,0.6544591780652254,0.6346539405339712
301,0.638259723429009,0.6354321605820067,0.6297549445532598,0.6418862200491878,0.653277469331252,0.6434693607057126,0.6440289825191817,0.6364151804780348,0.6581447064194513,0.639334786386463
302,0.6436974541367505,0.6435643564356436,0.643172457649051,0.6461080013901316,0.6452502606496646,0.6414717648015735,0.6428988679301089,0.6432094292326918,0.643490413268362,0.6483299935669444
303,0.661789758492835,0.6626874770351071,0.6664411931723285,0.6544743962320874,0.6619985302468517,0.6621237932992617,0.6629338277048469,0.6628336172629188,0.6628252663927581,0.6556101145739386
304,0.6574301963979845,0.6441263532502952,0.6427211348178204,0.6632048958142783,0.6728584969983203,0.6590640746345601,0.6606439060083482,0.6552475346315667,0.6752199291570352,0.6618703540485258
305,0.6753777817794384,0.6757041672294002,0.6748750731553594,0.684148921802548,0.6864973964195141,0.6823931931751677,0.683946337730158,0.6745674454898783,0.691089302060355,0.6776587283722745
306,0.6568659307207538,0.6528170880826357,0.6536764517259955,0.6560920758976289,0.6736042822817173,0.6629840868085543,0.6646173052750391,0.6583238561057573,0.6787006079677119,0.6588924897603188
307,0.6505884888023659,0.6489054999925696,0.6470999093489471,0.658349556404274,0.6648288775616353,0.6537204083755629,0.6545897668336033,0.649826871349809,0.6661514912841242,0.6530553863072328
308,0.6787915057554024,0.677529151043079,0.6763088748211664,0.6741535210345698,0.7028978053729557,0.682494412911551,0.6867116127282759,0.6785203332616441,0.7058432997017102,0.6774262925109638
309,0.6681365600251254,0.6680686534984593,0.6657386108022307,0.6724783335738356,0.6786493391846123,0.6737430926329907,0.6761962159088015,0.6686755680805372,0.6828595438379071,0.6694352723476135
310,0.6476376054640418,0.6314343109682603,0.6364162314182402,0.6545600642828445,0.6695620731217357,0.6500281237444757,0.6526396143029329,0.6476978706307754,0.6718119726797911,0.6583005222981116
311,0.6696205590912753,0.6599693869330541,0.6578506404575848,0.6665350841859341,0.6778699750261822,0.673713042777733,0.6740191734471924,0.6695480544590349,0.681132683477,0.6746072665753645
312,0.6518157121941724,0.6472922996200164,0.6394345099565854,0.6579216844528321,0.6669600467151308,0.6589710823184922,0.6600966461582729,0.6537833331922852,0.672283202017552,0.6603039868656009
313,0.6146377399086359,0.6117572771636601,0.6162280359843465,0.6262336487940254,0.6246121704423205,0.6176195450505932,0.6188512449523691,0.6142050858292146,0.6280032429567034,0.6085571960897426
314,0.6637904492741038,0.6518066487199122,0.6537131624444427,0.6567249015165271,0.6749374363508617,0.6683534510661477,0.6705165349606461,0.6652825034933015,0.6775741882514545,0.6589906134790126
315,0.6529248043390347,0.6411732521350239,0.6407054103131369,0.6607750315198515,0.6717653495729953,0.6538684175052136,0.6563107104059123,0.6523855968155038,0.6728596236648666,0.6578093901404318
316,0.6655911723425879,0.6410134383015793,0.6472163518157033,0.6714069079000435,0.6716650265378225,0.6701405133334409,0.6702776388597609,0.6638327391227192,0.6744398018939455,0.6700840498814268
317,0.6327757531680093,0.6284911343172673,0.6165108024569365,0.6273172119937707,0.6582344524462644,0.63843982956387,0.6401947841484913,0.6313488644179005,0.6629380469410825,0.6338508604811105
318,0.6734074860592381,0.6740126376441412,0.6753974323752385,0.6741165900636338,0.675549648418067,0.6709460412691105,0.6691937004833788,0.6725498785984244,0.6758689308493655,0.6719447270135213
319,0.6403645796013128,0.6318949827311942,0.6355959529371301,0.6384943894294846,0.662140472061795,0.6468350076670631,0.6496725375829404,0.6391106206738417,0.6664612562518809,0.6468923315037476
320,0.6630171854990435,0.6597207949281434,0.6592464941265751,0.661285987573319,0.6884713285165452,0.6672384626330018,0.668210779276217,0.6622187791497368,0.6917677190874453,0.6603611010102607
321,0.6545182593912446,0.6526097688560499,0.6495570013404387,0.6556707097786642,0.6617272043678687,0.6579020498904763,0.659651158989113,0.6539052538660215,0.6640239317357047,0.6547798084153399
322,0.632343546847639,0.6136187706205518,0.6200106719575527,0.6341622889094312,0.6437520197806987,0.6357179897639393,0.6387692677684336,0.6276463824318536,0.6464876483364522,0.6366348762579006
323,0.6386924342105263,0.6391940789473685,0.6325657894736842,0.6406825657894737,0.6582894736842105,0.6389638157894737,0.6387582236842105,0.6388569078947368,0.6599259868421052,0.6408552631578948
324,0.6711998007295868,0.65936410239928,0.6562786250341491,0.6681986918861588,0.6849518697671428,0.6756874025744452,0.6778649139441079,0.669669114692979,0.6888569270573867,0.6674795506773588
325,0.6559689272771013,0.6548436663329686,0.6442312915667513,0.6502921798244593,0.6810234442297395,0.6610714036272205,0.6625846855865714,0.6552666092395564,0.6839724039453977,0.6521896025888763
326,0.6481807460848754,0.6475303931600215,0.6459261892787153,0.6572640086020014,0.66695860286849,0.6494597735037547,0.6516449593312638,0.6445864622535162,0.6691698028129932,0.6509295711139245
327,0.6502079777273254,0.6419220124952356,0.6450416784051174,0.6475896127139851,0.666663904678256,0.6513928707555143,0.6527351971231129,0.650075402283612,0.6655038695457633,0.6558258621546824
328,0.6291033051949516,0.6280171085369796,0.6271188351762345,0.6394804296678268,0.6463960070057805,0.6325949200574293,0.6355866589492832,0.6287387339983312,0.6486586035043936,0.6294490840618493
329,0.6636319697005713,0.6565364837132647,0.6406379994770496,0.65968607129557,0.6814202064861695,0.6672450814931026,0.6688377031384947,0.6607874365130302,0.6835912429579976,0.6626573803354806
330,0.631034241727901,0.6279106342452229,0.63034835868625,0.6265650802526845,0.6473862176826765,0.6352412822954802,0.636630523105958,0.6304968938672445,0.6522616665647307,0.62426278494727
331,0.649468378847156,0.6413482254664811,0.6469483312462568,0.6436154905148208,0.6673614946060092,0.6561457271970693,0.6574835302444602,0.6480100179670061,0.6726971509461845,0.6577363127970195
332,0.6626362170205562,0.6488118044355737,0.653418456905078,0.667412166195903,0.6802608951340563,0.6643559151377986,0.6636074454909159,0.6626451273734952,0.6817578344278217,0.6640262320790526
333,0.6401418439716312,0.6415714818962299,0.6466442702500933,0.6372825681224338,0.6650615901455768,0.6458977230309817,0.6498842851810377,0.638715938783128,0.6684061216871967,0.6459649122807017
334,0.667322699890471,0.6624880202628697,0.666334371577218,0.6713359118291348,0.6780274507119387,0.6707968236582694,0.6731243154435925,0.6672628012048193,0.6815614731653888,0.6681356106243155
335,0.6557723035383183,0.6529184076286175,0.6568489229533551,0.6615313629489118,0.6626421607580768,0.6603863867456188,0.6588227252142558,0.6533969051464117,0.6672904223595054,0.6625396255756923
336,0.6738214683866858,0.6724080267558529,0.6683468705207836,0.6781573498964804,0.6854037267080745,0.6786192068800765,0.6822423952858735,0.6737060041407867,0.6897515527950311,0.6690277114190157
337,0.6446442240489899,0.6446359037507904,0.6464705295037774,0.6468532632209538,0.6650747162778314,0.6499234532565648,0.6520035278064366,0.6440826039205245,0.6680117815422505,0.6459921123573069
338,0.6520336564190997,0.6327005411191057,0.6303703098055539,0.6630046976274009,0.6764360468573467,0.6533269905452815,0.654516263304989,0.6500639234108343,0.6781679253136706,0.6591469941130998
339,0.655126246088918,0.652219311649567,0.6504038419559048,0.655410026922797,0.6709961434912319,0.6535327075602124,0.6521792912755585,0.6552863275849523,0.6698974023139053,0.6535836425816779
340,0.6542386185243328,0.6468595420751755,0.6493439175379876,0.6645463700719766,0.659599834128136,0.6577708006279435,0.6616954474097331,0.6528760996415983,0.6633171410799443,0.6508286188205326
341,0.6748337925134026,0.6730363183962449,0.6705441872512775,0.6752929725826328,0.6796728440122134,0.6827418937057009,0.6850417186678284,0.6705912826429934,0.6857167526157566,0.6729421276128131
342,0.6421814641251345,0.6408990880881514,0.6416154771705401,0.6535209929706794,0.6523098600468621,0.6384886960927111,0.6338578937369388,0.6424703945285289,0.6514391108859476,0.6424347729719461
343,0.6386905425213657,0.6305428642453647,0.6356517714021207,0.6471082385413899,0.6667723878997762,0.6461910354108984,0.649002648745489,0.6369761441466153,0.6714526954628447,0.64164787971781
344,0.6725223072020395,0.6668499043977055,0.6704230401529637,0.6698852772466539,0.6939133205863608,0.6766650732950924,0.677182919056724,0.6725302740599107,0.6955544933078394,0.6731437221159975
345,0.6446158091617097,0.636459802538787,0.6381768565646655,0.6535690194395045,0.65558502483596,0.6480959097320169,0.6475363340896547,0.644761452137119,0.655684675292819,0.6393803274667321
346,0.6406674880258947,0.6280955887177319,0.6336980848721668,0.6511070124151607,0.6587689817818635,0.6435179447550867,0.6467620707000751,0.6407403897325237,0.6605113325702955,0.6446588564638298
347,0.6762839251972174,0.6713354855656388,0.6754408263216316,0.6791140259454146,0.6916461187794979,0.6752586491776609,0.6794190667446215,0.6737588652482269,0.688951591719837,0.684011625443792
348,0.6193053087969226,0.6148351290117521,0.6147780802268912,0.6215057619272709,0.641521735587032,0.6220110511646102,0.6230868282505583,0.618351779107105,0.6440563316001369,0.6179442877866701
349,0.6401341253113624,0.624173213259245,0.6277907645142747,0.6444452960337229,0.6463843648208469,0.6420923548572524,0.6422609695343936,0.6349722168997892,0.6486683272657597,0.636340295075685
350,0.6489648559158115,0.6488419171884733,0.6490468150673704,0.6463134773628824,0.6647542864636266,0.6473871422483034,0.646985542405665,0.6494525128675868,0.6643362947906764,0.6500631085467004
351,0.6430374592833876,0.6317385993485342,0.6342874592833876,0.6431677524429967,0.6581351791530945,0.6487785016286645,0.6504071661237785,0.6434609120521173,0.6618403908794789,0.6396335504885994
352,0.6549155419486355,0.6541577308103275,0.6577042869376094,0.6466932910979926,0.6641759940587607,0.6536348411248949,0.6545139020453322,0.6539682780257504,0.6628877151236369,0.6549837449510832
353,0.6636384838772778,0.6555244586888157,0.6608322424351856,0.6721738214538286,0.6703381031914414,0.6655607216479333,0.6634240659654824,0.6610617072179841,0.6706014234339969,0.6579056260250681
354,0.6497370178660878,0.6500083486391718,0.6499499081649691,0.6496159625980965,0.6580981799966605,0.6472950409083319,0.6514860577725831,0.6489063282684923,0.6595758891300718,0.64666471865086
355,0.6512396694214876,0.64980044345898,0.6483088087079217,0.6601572263656521,0.6644789356984478,0.6513606127796815,0.6530376940133038,0.6512557952025801,0.664511187260633,0.652336222535779
356,0.656972506871087,0.6521385983860629,0.6568495736852735,0.6531264543434929,0.6711712898325475,0.6649807258326528,0.6668071617361678,0.655980260442735,0.677317949123223,0.6537762440399357
357,0.6544987834741459,0.6467823088007181,0.6523610050314564,0.6606089715829009,0.6666955378304108,0.6578452138172141,0.6566562468012063,0.6540657160179841,0.6692860686136329,0.6572861631010779
358,0.6642845432731717,0.6517280951458336,0.6553795251650596,0.6714607210456504,0.6637181990252917,0.6653501646869457,0.6657898266688526,0.6617807055457025,0.6644931964171275,0.6697989477920027
359,0.6442278634028408,0.6415954891762498,0.6392971322231236,0.6521130568942756,0.6599386044440203,0.6433570326541649,0.6470471282467274,0.6441523118766999,0.6604396303542174,0.6375475179335465
360,0.6665569734941407,0.6650013248655903,0.6643047019907173,0.6735616660825862,0.6739975895993777,0.6650996213448668,0.6661766088569402,0.666544152214235,0.6725188686502611,0.6671894899694853
361,0.6598427550058622,0.6438193981470839,0.6533675103642229,0.6767971677509828,0.6732645194908695,0.6654712368866718,0.6689272550326827,0.6593331647470823,0.6743986451795827,0.6600879713709894
362,0.6509602448407984,0.6466999205368874,0.6439147777786519,0.6559325901040888,0.6647286059337703,0.6568531033885904,0.6562079573259483,0.6513457589514016,0.6676238955807494,0.6475378236548311
363,0.6655755696600842,0.6626131069786718,0.664447377913536,0.6725020530019877,0.6666768996983814,0.6677743923497855,0.6692863227856359,0.6655563827256191,0.6689025840963337,0.6621756448728674
364,0.6382257517795749,0.6372653463109131,0.6307886623730893,0.6450212257679209,0.6575226381289042,0.6377980081674818,0.6383468112924313,0.6379352089487192,0.657167530224525,0.6413571578454635
365,0.6540078970177522,0.6448147732015024,0.6339483483676287,0.6524589900805753,0.6686382459632114,0.6575551346666239,0.6585984398574685,0.6546499309813489,0.6738948990401592,0.6587348720747328
366,0.6803649434182919,0.6730084614590858,0.6670192274619062,0.6812076497093523,0.6971158807140646,0.681534413373233,0.6848966394936883,0.6804079386372235,0.6964279572111581,0.6813624324975063
367,0.6395781293366639,0.6385512073272274,0.6401173625153642,0.6526703937195194,0.6454541850045596,0.6422584354307918,0.6415843939574164,0.6343126759446494,0.649664961738234,0.6458586098885849
368,0.6654753337484132,0.6657826006096822,0.6712608453073073,0.6738523987030104,0.6832482958818155,0.6688876131025059,0.6700843366674483,0.6656289671790476,0.6857145167420009,0.6624269230458232
369,0.6516859888383223,0.6487100462671987,0.6383245367600845,0.653321621396497,0.6780908533307083,0.6505804223869635,0.6501185076367382,0.6518828705351396,0.6772048856950302,0.6519207323999121
370,0.6647044788889986,0.6439801559877579,0.6401545068614868,0.6637048737947149,0.6820679896008162,0.666140125711653,0.6690114193569618,0.6640504162964426,0.6849228288412809,0.66167686839767
371,0.6604365382697996,0.6583884476054372,0.6633570407790222,0.6562614244408256,0.6769749742430788,0.6542756489082389,0.6547160091727874,0.659701219714846,0.6698045797467513,0.6577943766825085
372,0.6376861664488308,0.6360253411143764,0.6389723695273932,0.6341022802007975,0.6574454092123775,0.6396799893440781,0.641270052696864,0.6375155051989244,0.6600594400646015,0.6282040609052538
373,0.6591478800072563,0.6571194155383676,0.6587438362715834,0.6631759486781997,0.6718257829378103,0.6628955918003859,0.664338605142075,0.658269703316457,0.6747035638306644,0.6592385837030196
374,0.6607392788060829,0.6497507430530438,0.6468257088490148,0.6656025413200396,0.6788910031609241,0.6647690638317948,0.6674660711758323,0.6611678120429634,0.682075516205633,0.6523415999622576
375,0.6776070203572542,0.6753975678203928,0.6694552095861731,0.6786493830460154,0.6845115595349459,0.6783286560648581,0.6792462915942804,0.677990110918081,0.685678649383046,0.6700521181344381
376,0.6569850498338871,0.6518521594684386,0.6433637873754153,0.6627574750830565,0.6743355481727574,0.6558720930232558,0.6594601328903654,0.6568687707641196,0.671843853820598,0.6551661129568106
377,0.6325027549410561,0.6161078826989702,0.6208725433457273,0.638694435415461,0.6572377652869499,0.6366966076567542,0.6381553390361274,0.6318764517944774,0.659790545200853,0.6314959131737714
378,0.6720231431099141,0.6688484032350247,0.6657950159324184,0.6800598150743382,0.6811324152293564,0.6747985938760012,0.6760669239863145,0.6717060605823357,0.6829801060073438,0.6714202948476047
379,0.6705484536755288,0.6634347900571866,0.6626557133650403,0.660322562224162,0.6832380222057252,0.6738809440288462,0.6750719932126512,0.6692717468449434,0.6862727502630913,0.6680929344678213
380,0.6587955272548296,0.6585378983634798,0.6553309954472745,0.6565307001353513,0.678979020548788,0.6600759812969116,0.6576611910914236,0.6565076288913498,0.6792635658914729,0.6569959702227144
381,0.6551164115923153,0.6535534028003908,0.6529998371865842,0.6534760664278737,0.6675594268967763,0.6572859003581896,0.6579208726799088,0.6546727450341908,0.6687642461738847,0.6557106805600782
382,0.6545295670985672,0.6466113895496993,0.6472272905744046,0.649483028077388,0.6734800717524694,0.6604691626055693,0.6616932658921711,0.6540714907114427,0.6796621782879492,0.6560000307950512
383,0.6452662509854512,0.6305776535512077,0.6371497169067584,0.6428581667025013,0.6608901311545904,0.6471941517953128,0.6484125277718054,0.6402279079767792,0.6635347237153301,0.6478105067010679
384,0.6392253662452339,0.6334978928356412,0.6393056391731888,0.645185631145896,0.6550752558699579,0.6425526791089705,0.6420148504916717,0.635641180012041,0.6580373269114991,0.6353722657033916
385,0.6697645553812649,0.657824802400134,0.6544667468741909,0.6738269649574342,0.6842742488159237,0.6637680276563666,0.6656945311667148,0.6698597383610252,0.6818147206189178,0.6688964866058511
386,0.6668681934975778,0.6622184922080712,0.6621508746529629,0.6729776384767754,0.6832873268791714,0.6707581916679262,0.6721821378284424,0.6668125084521944,0.6861909042455869,0.6617769893482464
387,0.6584850113320405,0.6586524607272756,0.6602685420998933,0.6557707734604391,0.6588471693263861,0.662546632709487,0.6638472861515456,0.658605730663489,0.662398654174163,0.6652920239569461
388,0.6345774799311926,0.6355092459862385,0.631065438646789,0.6320151232798165,0.6596634891055045,0.6433755017201835,0.6454630160550459,0.6342997419724771,0.6658543577981652,0.64453125
389,0.620036760279635,0.6187726240258125,0.6216339864035123,0.6199404451364866,0.642261479561124,0.6200608390654221,0.6222600348339767,0.6200046552319188,0.642775160324582,0.6201732067324285
390,0.6442004777400817,0.6424305892127674,0.647995568787648,0.6452866440490203,0.6652790279027903,0.6448279443328948,0.6477359274388977,0.6441788409610192,0.6653569203074153,0.6437331233123312
391,0.6552197918698636,0.6552240325001908,0.6485153553224151,0.6447878412647255,0.6795270849059004,0.6559661428074669,0.6571535192991086,0.6553724545616461,0.6794677160813183,0.6461872492727319
392,0.6521749300233126,0.6300201938295765,0.633723695392844,0.6622484542754001,0.6757681841926756,0.6492121287726985,0.6536251432670341,0.6520033994245928,0.6728677577052324,0.6619989552227169
393,0.6408623889199017,0.6384408804936558,0.6437666903034052,0.6441061541014771,0.6587106410585235,0.6424993587906036,0.6451848946153498,0.6419411294337743,0.6606342692475974,0.6439628249422912
394,0.6511656985259969,0.6231324888002915,0.6295379361098608,0.6574925513900499,0.6685886581070171,0.6568637958259205,0.6590858751491508,0.6514050543373416,0.6729042076608149,0.6556741617187891
395,0.6633369954897652,0.6591737018619175,0.6557440441771712,0.6689603330634902,0.6830620446397595,0.6589857754134382,0.6670015612351105,0.6621227015149763,0.6842691106742222,0.6702107667399098
396,0.667999327941592,0.661297836430148,0.6571318380033756,0.6700956919528642,0.6810395521647155,0.6732574212813405,0.6722951558335434,0.6676136580597368,0.6842165555479185,0.6675716544092377
397,0.6681996252767842,0.6603280044772124,0.6638440762099423,0.6711357682231469,0.6729850516258283,0.6630978741351762,0.6644361713344851,0.6669343261065285,0.6667153320193688,0.6664801161479751
398,0.6591328309103092,0.6438832129977489,0.6446248014274636,0.6613161877084541,0.6649526060998472,0.6651257688803897,0.6675500478079851,0.6591930614426719,0.6702378353146669,0.6556469888498226
399,0.6505819076848278,0.64747105654988,0.6474786532559482,0.6436916952809262,0.6601765474490261,0.6520252818377952,0.651683430064724,0.6506350846273056,0.662159287732839,0.6502172657935519
400,0.6567562409344225,0.6385296587525765,0.6474616382929995,0.6708527368501412,0.668928925872204,0.6632414688144133,0.6630506145507291,0.6568974730895488,0.6737613558286892,0.6518932742957477
401,0.640479228131728,0.6435810541424128,0.6484331393030859,0.6408898811896978,0.6561119527948329,0.6415357626983494,0.6425723626505063,0.6387130212901683,0.6563671158599793,0.6342436807272147
402,0.6426554253768824,0.6413792535629894,0.6364515836880542,0.6450760351400084,0.6714063413389101,0.6439315971907753,0.6412145862321644,0.6414945206945668,0.6684340960175206,0.6422931572490675
403,0.6640057883000428,0.6599017886796034,0.659395707801553,0.6707232212047888,0.6774287928389556,0.6630924704654363,0.6637487941041578,0.6607597539181731,0.6754123768404738,0.6654212332558397
404,0.6211897152125173,0.6209909523128051,0.6224498719966925,0.6257533113899092,0.6462735931561958,0.6275342269713304,0.6290289239771661,0.6154017395728982,0.6515209337085976,0.6219648905213948
405,0.673538562818875,0.6704076114642193,0.6720730111209511,0.6748434524322672,0.6906667084649326,0.6695063363558704,0.6748669639568329,0.6730722509149901,0.6869675619332742,0.6634913046544981
406,0.625945910377048,0.6155655721523985,0.6187569915114826,0.6283477002039877,0.6433177600842271,0.6298529314996381,0.6273688885964335,0.6260117128380601,0.644781864841745,0.629836480884385
407,0.643893652880929,0.6433750671383327,0.644699312873891,0.647296871816717,0.6584557257422259,0.6465745559609579,0.6459355842424018,0.6405552571629656,0.6582890374678199,0.6495332728316634
408,0.652159714886995,0.6482894026011724,0.649708517105974,0.6596624765160739,0.6646132509816886,0.6535828609670943,0.655195491086187,0.6516073890712056,0.6674353536901009,0.6517807468090081
409,0.6334844800156987,0.6301239776573899,0.6309124166882757,0.6322229775662814,0.6523579583283691,0.639827033997491,0.6401634346506689,0.6344376151997029,0.6564928830236813,0.6383202394051315
410,0.6465531017290421,0.637720125283646,0.6397416024801048,0.6499009236472881,0.6567883281664483,0.6485426188117229,0.6479992968774969,0.6449071558694749,0.6592252868420212,0.6568043082233372
411,0.6574783746579882,0.6578692452798124,0.6603631697907992,0.6580476862158625,0.6802848257226858,0.6581326580901722,0.6607752833812008,0.6531618034430603,0.6816018897744847,0.6604523902588243
412,0.6688565043639038,0.6592005939858928,0.6601068592267992,0.6664871121075581,0.6873494107456124,0.6679138429285834,0.668292363350488,0.6686344875779788,0.685995472313415,0.6658647371830801
413,0.6748255917953611,0.6714566811758392,0.6721908353705802,0.6759212330809135,0.6734318168266651,0.6801249180132372,0.681086399141375,0.6753398723987836,0.6769423409456801,0.6712107208872459
414,0.6465774249398252,0.6414340610616106,0.643786157679152,0.6525484565685571,0.6678011908280901,0.6535872640513491,0.6547612009627972,0.6471094970651577,0.673620201849584,0.6486550399054094
415,0.6774969162838091,0.6733718872343089,0.667231269776006,0.6786588962977529,0.6889826418062532,0.6795348504621105,0.6793650226139187,0.6773449650512166,0.6878832299469064,0.6777248431326981
416,0.671081719201155,0.6634759985563041,0.6639233938883542,0.6661002165543792,0.6933499759384023,0.6684762993262753,0.6666791987487969,0.6715817492781521,0.6928236284889316,0.6688485021655438
417,0.6680702277614705,0.6653625190324454,0.6649347795375704,0.6716373396957949,0.6846343415951152,0.6749807713438084,0.6747767121352441,0.6661983769444488,0.6898221545513052,0.6673246268071013
418,0.6384980589006206,0.6327489429044781,0.6389307880616206,0.6366558690437922,0.6641115040017145,0.6396313971794301,0.6415271630276205,0.6386175745736588,0.662891619890705,0.6403196426069253
419,0.6371211623167444,0.6194735717572809,0.624305601209651,0.6497189533889948,0.6580024324502005,0.6328150680428637,0.6357077115245546,0.636849976990336,0.6549125632765762,0.6388222339096706
420,0.6523160306196569,0.6486202795360755,0.6528987300345629,0.6512903200057472,0.6725149466391015,0.6547865164951827,0.655401144645152,0.6528468458400849,0.6744945282130285,0.6544632380526665
421,0.6788599381206262,0.6747976575339295,0.6718348545989028,0.6843611841952981,0.6896000987600979,0.6827717638707785,0.6844769186849475,0.6772936646940366,0.6933190336941678,0.6719158687416574
422,0.651456827214972,0.6430812443276062,0.6491291897474416,0.658615779426032,0.6572231089412575,0.654304760116421,0.6581776359027321,0.6500485087472225,0.6577629643538948,0.6494382374111977
423,0.6569931051222343,0.6566366042916632,0.6600195696200611,0.6699105713873951,0.6783831549564994,0.6628867465127393,0.665298815962135,0.6547479084020419,0.6825701434346959,0.6609828803750085
424,0.6356672011402102,0.6367322752306369,0.627336385254727,0.6320730602096066,0.6550476765892842,0.6396796257135996,0.6402140992571592,0.6350242836892618,0.6558687518880859,0.6282387934840704
425,0.6475058821613788,0.6468342166752151,0.6415911551832222,0.6492359296257398,0.6610002523833948,0.6487393042359704,0.6488858494329515,0.6473145592653201,0.6630844507404603,0.6467324491773115
426,0.6662131418120176,0.6627931183179432,0.664952937502788,0.6743617195283341,0.6794843199357631,0.6696852091418715,0.671224219714205,0.6669491903466119,0.6827407770888165,0.6606444513836226
427,0.6868164536166351,0.6852635614037833,0.6897344828125733,0.6852831192402171,0.693802512790825,0.688279379781891,0.6896093126593964,0.6856508065651745,0.6939824448860169,0.683718492325505
428,0.6781650814507338,0.6782136084690845,0.6759962970152151,0.6736595344392516,0.6860003284905858,0.6773475878339033,0.6794603795559404,0.6759664342346916,0.6840592477565586,0.6749249697639347
429,0.6688461870153899,0.6618725058996009,0.6518529842964775,0.6700143472022956,0.6827700292432046,0.6695517871282859,0.6710570673691307,0.6685482669677227,0.6828405892544943,0.6724682675949228
430,0.6358331296483816,0.6344102447711163,0.638355913265128,0.6344844442892559,0.6439034184154475,0.6386483466601488,0.6398006215300813,0.6361953978840044,0.6443835329445861,0.6327342085966688
431,0.6532149086280856,0.6517575148096353,0.6547901510032841,0.6537373705630019,0.668342735029305,0.6577520780628839,0.6588912807781148,0.6533995380336576,0.6722631636837888,0.6566089470624283
432,0.6563349485876374,0.6480405895959613,0.646432370371621,0.65812045182096,0.6706400796933831,0.6591081770138619,0.6586100933695781,0.6562209802961487,0.6732064767757948,0.6566726324142705
433,0.6418228355617606,0.638650235372031,0.6440288890082156,0.6403551164330845,0.652007374393671,0.6434426963074334,0.64462403121588,0.6413037641625946,0.653582487604933,0.6433174032110831
434,0.6626699671668987,0.653464665738401,0.6551492960651849,0.6707922919567497,0.6766111426263043,0.6685317930998917,0.6707922919567497,0.6632286455915974,0.6813126364464615,0.6637873240162963
435,0.638941129988147,0.6311260371394706,0.6328644804425129,0.6483919399446859,0.6629395495851442,0.6476570525483999,0.6494508099565389,0.6392967206637693,0.6692453575661794,0.6419517977084156
436,0.6349382017933597,0.6334679699491074,0.6363559253574602,0.6411180224573875,0.6513127070037967,0.6406898780192261,0.641457306729138,0.6345746829307699,0.6555052912189999,0.6282090637369739
437,0.640711058970511,0.638688494617922,0.6403530155634612,0.6515171137130625,0.6537110818243455,0.6398464222322102,0.6387418202317379,0.6374086798863403,0.6522560543616543,0.6437201471786941
438,0.6663459742958976,0.6663825088697827,0.6565465897004977,0.6597250976285002,0.663297367075042,0.6736569484700132,0.6748585300111227,0.6682335939466271,0.6693052747805895,0.6679940895178248
439,0.6627725277178361,0.6554803184760771,0.6519375614918438,0.6639217534373424,0.6791179899298063,0.6693867764631959,0.6715529429273012,0.6612181792626767,0.684880654149201,0.6622103165744806
440,0.6501366813442242,0.6426887757607503,0.646875153459593,0.646740109017695,0.6670622513954593,0.6548918826013652,0.6558985775318786,0.6466910019479137,0.6679625476747802,0.6451523137614379
441,0.654774972557629,0.6570697911198078,0.6639462924959035,0.6640337899107527,0.6641451502569242,0.6563896975771171,0.653526145818419,0.6545363432444041,0.6643599166388265,0.6621406640258356
442,0.6600791760642241,0.6553120514802139,0.6595547529296721,0.654480071920887,0.6714903080295885,0.6633597779284892,0.6644795987571566,0.655418513319559,0.6736432030030125,0.6620191473589577
443,0.6545841800844145,0.652884164452087,0.6528372674691262,0.6598874472408942,0.6715960606534312,0.6582851336564014,0.6607315929341879,0.6523761138033454,0.673237455057058,0.661126309207441
444,0.6530764097174812,0.6495746492486365,0.6461265849972768,0.653805144097635,0.6697605915788989,0.6565896765186441,0.6584613732424077,0.6540275998557873,0.6724914277824229,0.6464564331903991
445,0.6408661975672285,0.6387466785110378,0.641594782242794,0.6388479790541646,0.6562015413267254,0.636783006444273,0.6347492032322666,0.6402817713568818,0.653817082388511,0.6421051811331635
446,0.6613680761232592,0.6550389123448233,0.6581070010712711,0.6626599029554477,0.6770905539101393,0.6637548049656563,0.6645661352322138,0.6613444451446215,0.6792488499590397,0.6652829415842209
447,0.6488141884924726,0.6436626108475975,0.652315941431223,0.6549804083316147,0.6775500103114044,0.654798927613941,0.6571251804495772,0.6490080428954423,0.6816333264590637,0.6551990101051763
448,0.6518014430850165,0.6464642808304576,0.6509849819413274,0.6574804733061448,0.6706564669353346,0.6536032883676408,0.6546409581955807,0.6454065011221313,0.6728685537778422,0.6581239894785106
449,0.6488769005988793,0.6477048311738356,0.6476044827641572,0.6522245235457509,0.6648443395469069,0.6514618756321949,0.652288746527945,0.6488046497439108,0.6661528828091132,0.649133792527656
450,0.6219253998245495,0.606603009649774,0.6126636412713409,0.6209595789189554,0.6369778662527836,0.6251602672245091,0.6278173291045279,0.6189182805857345,0.6398711114110264,0.6239245225723733
451,0.6577455848012878,0.6502490043604102,0.6548625752869784,0.6594572536217098,0.671170660560581,0.6637043082666425,0.6652232726503283,0.6558827752461704,0.6749642930014282,0.6600051387849797
452,0.6368104329207961,0.6376417251950496,0.6417535806394057,0.6303952896141182,0.6394300173557607,0.6355939076414008,0.6380999497169552,0.6346855687661189,0.6417089747124946,0.6377187717960779
453,0.6375106783492217,0.631833198515237,0.6371856029392865,0.6650211299016457,0.6590185746577258,0.6397937661120225,0.6439214678288743,0.6363237751082955,0.6612260634879835,0.6243186646204556
454,0.6455121834723859,0.6389447410386189,0.6379432542158744,0.647515157117875,0.6614666389331855,0.6500728003882688,0.6502885052423983,0.6450884775089171,0.6662737756823592,0.6456970733473542
455,0.6475895534164431,0.6426029667034875,0.6394942401767398,0.6466624585766135,0.6618668139498185,0.651080953132397,0.6519883225501025,0.6479722266056493,0.6651333438535585,0.64785781915733
456,0.6450685002505053,0.6448741426671043,0.6322711331479018,0.6442306031131766,0.6525231933382859,0.6500526925003887,0.6521258400566661,0.6449907572171449,0.6571186704213673,0.6427966760534181
457,0.6709920605718678,0.658363382147325,0.6554402662284037,0.6726355467248837,0.6769854702741597,0.6767810565735358,0.6747205664712471,0.6710738260521173,0.6805913279531647,0.6760451672512898
458,0.6582914572864321,0.6503230437903805,0.6424755355725998,0.6525862394680167,0.6761703253107644,0.6623720104280802,0.6642384856613897,0.6593115955718442,0.6792685230664601,0.647311746703442
459,0.6456978300997409,0.6466801872816433,0.6464227146331609,0.6434914875581293,0.6591695912918789,0.6448778787422659,0.6457493246294375,0.6430795313205574,0.6577356666957148,0.6447946952712177
460,0.6523195858109204,0.6501223804586269,0.652517087415621,0.651776456397994,0.6650231711704087,0.6483977682318669,0.6502176044466076,0.6507677874882734,0.66318217406945,0.6471633832024886
461,0.6174714574056669,0.5959431767406745,0.589880282883688,0.6165046299862872,0.6494306888741661,0.6257029721276366,0.6240543580420012,0.617567754957398,0.65510068872009,0.6241506555937322
462,0.6591846602499206,0.6555355766760853,0.6572127952131276,0.6633021562079751,0.6665508227436878,0.6631057252081413,0.663400371707892,0.6583460509813995,0.6683715870113779,0.6627733035161149
463,0.6832094149636743,0.6830904533288015,0.6851552874198071,0.6825423800824234,0.6920508136126099,0.6871818838424608,0.6885924289416663,0.6791604707481838,0.6962909461698602,0.6752092450184816
464,0.6412890910111728,0.6414374744339373,0.6388467800797261,0.6460935056185183,0.6608596613649671,0.6442407180153517,0.6442968630942355,0.6371423758993239,0.6650143972023709,0.6411848215789601
465,0.6415955775923131,0.6406447291429276,0.6422538572880416,0.6502417541806536,0.6586492562594315,0.6440362169320316,0.6433740876474393,0.6416956669027748,0.6606279449354809,0.6413107080163839
466,0.6501229172357279,0.6432980840519764,0.6453193897061693,0.6503921645139892,0.6716978187068327,0.6544737971670503,0.6535138720880321,0.6483396417840559,0.6730167401568659,0.6497092909821672
467,0.6535269709543569,0.6475075643875856,0.6449673748164081,0.6574476110981805,0.668507267430195,0.6565647648017208,0.6580254741285906,0.6451118405740106,0.6708267454272575,0.658478936089954
468,0.6675679934674699,0.6461940132799462,0.6453953541677112,0.6653654134045799,0.6826708879800013,0.6726715326375807,0.6732445615970317,0.6670701745589468,0.6858153843949889,0.6676897621213532
469,0.6366344902908723,0.6351447936910747,0.6390075649282858,0.63934083936975,0.6566389874881547,0.6326271662838695,0.6387144440339859,0.6339923868874576,0.6530733524999598,0.6359840028268097
470,0.6240375693845327,0.6251159800107434,0.6267193527908453,0.6191216447186365,0.6429199290283724,0.6186658636237853,0.612944183093777,0.6213842722966484,0.6374180000976674,0.6208796575130631
471,0.6279114726715952,0.6255993071236351,0.6264035386185778,0.6435475888521142,0.6550465526307649,0.630277769185561,0.6309350737727737,0.6279424046521699,0.6561214389557364,0.626542732531164
472,0.6485512464424099,0.6447107636388575,0.6467270171107224,0.6470253403284985,0.6582381785138703,0.6514350375475774,0.6491307478654459,0.6473065185337585,0.662442135582759,0.6563487981346227
473,0.6337993010484274,0.6217519874035101,0.6164100003840394,0.6254464457160414,0.6512769307577095,0.6430431276162679,0.6457083605361189,0.6334191021160567,0.6576519835631168,0.6298436959944699
474,0.6466108814453141,0.644506458830673,0.6440032273358676,0.6431631218652005,0.6672849621120751,0.6459995175631951,0.6461575572061918,0.6465235437478686,0.6660040092162065,0.6460619016327991
475,0.6605614973262032,0.6534354237562794,0.6575311942959001,0.6678739264300761,0.6702479338842975,0.6637254901960784,0.6668206125425377,0.66027386161076,0.6718684167882029,0.6645802949278885
476,0.6480360794142866,0.6323708858254733,0.6291389090429391,0.6367159158366862,0.6620440604181782,0.6503034100652991,0.6533210210408285,0.6479124068333223,0.6625552404194974,0.6540383220104214
477,0.664868190638459,0.6570787385426033,0.656376701847382,0.6637401990944516,0.6804313187246597,0.6694748134475523,0.6702320665120608,0.6646473251613106,0.6840755990976067,0.6609005001025446
478,0.6724305626367765,0.672108966263756,0.6628689533999012,0.6703872490960004,0.6890319949172086,0.669336178023202,0.670426468165881,0.673846371059464,0.6863258790954514,0.6674340531339958
479,0.6400272906297003,0.6368873176102092,0.6401590919663209,0.6501992526088911,0.6505791505791506,0.6430974864709804,0.6447333736490363,0.6398567241940736,0.6542075638461181,0.6399885255306942
480,0.6483487372696768,0.6450226643904162,0.6404713898863837,0.6496585624300936,0.6616162359451345,0.6488049685053277,0.6492759168776123,0.6485106257726496,0.6637060693471478,0.6483781715429446
481,0.6683156538931686,0.661608952113739,0.6600953295103082,0.6702107586161633,0.6827381391876481,0.6655345261827996,0.6669866194121074,0.6676757484022873,0.6821392532795156,0.6669045802466097
482,0.6518614427718001,0.6301330011718526,0.6343287251391063,0.6537872145145825,0.6692097780035893,0.6426177384064443,0.6452482606593515,0.6515664309303526,0.6623589474633079,0.6476001606175581
483,0.6594714870825457,0.6539540012602394,0.6564075299306869,0.6427536231884058,0.66674543163201,0.6643509766855703,0.667021109010712,0.6580734089477001,0.6693683049779459,0.6452229048519219
484,0.6612169673909812,0.6605555720697958,0.6478850212538272,0.6615142237151095,0.67722422044529,0.6680018429892096,0.6682842364971314,0.6608751226182337,0.6828423649713148,0.6588166225736453
485,0.6498862188239578,0.6445202985618059,0.6489987256508283,0.6546331694884399,0.6742217367558712,0.6584744219916258,0.6552521390861096,0.6494902603313308,0.6780720917531403,0.6518341525578009
486,0.633839981354465,0.6320794765931944,0.6343643870280349,0.6436122394619431,0.6549993340880336,0.6363205034294467,0.6386928148098822,0.6338649530532063,0.6568389158953186,0.637186188985816
487,0.6630061291010897,0.6438278554032477,0.6477422392924678,0.6696466017703022,0.6845168458306661,0.6669389076514433,0.6643710129571992,0.6631201760001177,0.6866727001155185,0.6573479313364089
488,0.6408897142946699,0.636442710047487,0.6357335402071873,0.6379394110364066,0.6570987509207453,0.64129327503252,0.6431896186938737,0.6366072687949598,0.6573024903223784,0.6435461626467316
489,0.676128421728901,0.6702725228549352,0.6728857557104782,0.6742574859137199,0.6911349765156316,0.6779559483604352,0.6760198987697837,0.6760633079534306,0.6928452983513192,0.6732807792816649
490,0.6424387850538937,0.63338111957805,0.6344045629475169,0.6516536085003296,0.6552644087027184,0.6435963876665491,0.6430214194814554,0.64333573542264,0.6581085846583156,0.6458962604069242
491,0.6523791254026489,0.6430552558169277,0.6412927926847789,0.6598166398900159,0.6774732433318147,0.6561478390843185,0.6575626054080842,0.6527348152411098,0.6806944344531568,0.6520194390491492
492,0.6412226421363013,0.6397649404045018,0.6361227625731966,0.6405000207649819,0.6513974832841896,0.6396860334731509,0.6412641721001703,0.6412143361435275,0.6479920262469372,0.6401345570829353
493,0.6460858440898132,0.646471273228256,0.6441299962277148,0.6456430106116022,0.6579439405619065,0.6457332174312378,0.6474307457643798,0.6451837758934575,0.659608666415181,0.6437486673992554
494,0.6580378763901872,0.6525912132074222,0.6565216431257959,0.6634698188616474,0.6726261012932145,0.656160985698829,0.6612985139441938,0.6579495521223585,0.6723611284897286,0.6603784694876457
495,0.6892408011178388,0.6878551467163484,0.6873816177612172,0.6885111007607514,0.6951327433628318,0.6788775034932464,0.6780158360503028,0.6826890234435646,0.6911193913988511,0.6843735444806707
496,0.6420670493565044,0.6410491642857767,0.6372703205682682,0.6500397543096292,0.6572130044647148,0.6478117655282081,0.6494456239679169,0.6419141481656225,0.6613369680130708,0.6513372301293981
497,0.6444988215513489,0.6358668728326302,0.6267845615720655,0.6419842973593743,0.6732244456787714,0.6463528140152823,0.6472160088871541,0.644288652365154,0.6743128218215664,0.6420893819524718
498,0.6367468525179856,0.6261080421377184,0.632423079393628,0.6422710046248715,0.6568441675231244,0.6388906731757451,0.6385614722507709,0.6361928314491264,0.6579762975334018,0.6382322713257965
499,0.6348063258128573,0.6355958561619255,0.6380122975333158,0.638642326801764,0.6492411736089512,0.6376932953720762,0.6400299862031565,0.6334266414654959,0.6520483926278601,0.6406440653635428
500,0.6790046559429452,0.6560597331007957,0.6566125290023201,0.6806864012208225,0.6841121786387206,0.6806241143586789,0.6824615767919152,0.678724365063299,0.6843301826562233,0.6779224217132002
501,0.6686901882027173,0.6671154928720313,0.6675110685106577,0.671588540478038,0.6835242746512088,0.673132806913445,0.6752704368067918,0.6685000076072238,0.6859205501544267,0.6679066441492841
502,0.6431581663369743,0.640990797282188,0.6419153693988131,0.6443708609271523,0.6625698804506751,0.6469510621828503,0.6486453943407586,0.6427453341360626,0.6655457125655801,0.6368882772856282
503,0.6429447852760736,0.639058034523492,0.6401287962504287,0.6393781198795869,0.662119422322143,0.6448729184925504,0.6428076058377472,0.6429295431162596,0.6640475555386198,0.6433029760317037
504,0.6521757262847087,0.6496776238416562,0.6410239300698134,0.6489060896981425,0.6680484773669416,0.6538355673069705,0.6541775446030144,0.6485724533117582,0.6699085002210341,0.6517086353437705
505,0.6865800116967735,0.6760693898732301,0.6740348102569171,0.685801599657334,0.6958591774367592,0.6887175558685678,0.6895906952990503,0.6848131399247123,0.697588981968847,0.6869424469320681
506,0.6714707016810775,0.6704501623220083,0.6721657934492623,0.6749943749799107,0.6798881424576516,0.6620005785734949,0.6655604127157597,0.6691202468580245,0.6784256372344187,0.66229388319244
507,0.6471217330944194,0.6399704586178507,0.6432232392206241,0.6467221980079746,0.6704118036385943,0.6502251925032689,0.6518314042649361,0.6464477698677902,0.6730350138021212,0.6492364440570165
508,0.6519575230296827,0.6396366427840328,0.6334868645513476,0.6585380416240191,0.6708546571136131,0.6479614466052542,0.6509126577959741,0.6512111907198909,0.6694046400545889,0.6507633913340157
509,0.668704496875691,0.6669109879040513,0.6652362272433194,0.6580294332020278,0.688306157714136,0.6736878311644705,0.6747688502706642,0.6684301473298009,0.6922043781273801,0.6655351454052594
510,0.6340584935897436,0.6358573717948718,0.6353605769230769,0.6396233974358975,0.6500240384615384,0.6386057692307693,0.6428044871794871,0.6340544871794872,0.6546955128205129,0.6360376602564103
511,0.6433847714609537,0.6261977792044131,0.61672650609094,0.6510450103431058,0.6678713809036942,0.6481441852723685,0.6497055583295686,0.627553082721069,0.6713745630929453,0.6433134396969192
512,0.6672426939844514,0.6631483415386146,0.6664718948397899,0.6579475193528602,0.6823064299567357,0.672476668821589,0.6739270973196081,0.6671308037860327,0.6869809538017803,0.6628416795133191
513,0.6363031759736775,0.626583903110634,0.6301698053034015,0.6311654571052979,0.6627929588749135,0.646668066802013,0.6474692553613516,0.6372949385107227,0.6699103135525323,0.6476792756633141
514,0.6867940957308751,0.6832734701395692,0.688627667679736,0.6856219492795486,0.7004579743634826,0.692596220664942,0.6966233809727141,0.6868275856294845,0.7048284061320005,0.6869866626478789
515,0.6786451956947898,0.6641079757550267,0.6678033062692934,0.6810674397818853,0.6902907443987952,0.6745630572100254,0.672257231055798,0.6785738427681931,0.6873239648192517,0.6696246836061018
516,0.6649400558127933,0.6567863991394228,0.6510998861917903,0.6597056576711411,0.6807991518949846,0.6678515192616498,0.6689116505308451,0.6606878381117192,0.6825218652074272,0.6646243549568932
517,0.6331428716327583,0.6304549949707968,0.6305183882882959,0.6384552316391822,0.6445494425614281,0.6318876839462763,0.6347699667819017,0.6322426865242712,0.6456398076224125,0.6353405066393935
518,0.6437927176815476,0.6339650990927724,0.6354390377344624,0.6553433337960657,0.6556618025330513,0.6479695576550902,0.6498232090216477,0.6430782044895926,0.6597365691934575,0.6459403401899381
519,0.6536410389385885,0.6373698085483384,0.6428367690911448,0.6512640995721509,0.6707550023769394,0.6568909633086996,0.6567440252387744,0.6540559229007303,0.6708155062880851,0.652396387052163
520,0.6684145781265814,0.6610842501109476,0.651488255125001,0.6749663264273312,0.6782908618098864,0.6761964823768482,0.6756281191849828,0.662586908960674,0.6834528453195681,0.6710150343742944
521,0.6556748945477269,0.6559053272926105,0.6594438369004842,0.6574519606311514,0.6746133416653648,0.6626230276519294,0.664974222777691,0.6570535853772848,0.6789329792219966,0.6524410248398688
522,0.6326559925008693,0.6280862097639891,0.6256973737923527,0.6343493445820293,0.650103566622821,0.6336689799065632,0.6358083488305287,0.6296926263588395,0.6505344642506161,0.6309172827746783
523,0.6691908713692946,0.6627111736810907,0.658298755186722,0.6782157676348548,0.6810536455245999,0.6717842323651452,0.6735847658565501,0.6663752222880853,0.6827800829875519,0.6735995850622407
524,0.6488503183421874,0.6424348108195791,0.6432783162334239,0.6459467131676061,0.6714951944523297,0.6511050731984266,0.6516971491139137,0.6485583356989334,0.673668843018776,0.6456466198953729
525,0.6665032315578338,0.6657937746081272,0.6626699353688433,0.6657677735680856,0.6879280885521135,0.6683455909664958,0.6704925339870738,0.6663769407919173,0.6875343585171978,0.6680261496174132
526,0.6514653004629738,0.6412775257925784,0.6433769672471465,0.6588015949488065,0.6535451575756152,0.6578928814833964,0.6596868072039044,0.6492836047723124,0.6586605876869326,0.650004308555224
527,0.6523424100360999,0.6356972508534932,0.640238324703115,0.657557294304056,0.6635521651774776,0.659623646253614,0.6627435926754766,0.6498146000424705,0.6676440320815433,0.6542290792074356
528,0.631770158597327,0.6319874152095721,0.6343691914030753,0.6335122347658859,0.6505467624741504,0.6364170361370165,0.6381550890349783,0.6310419466192457,0.6537975651166346,0.628253820095432
529,0.6352824835739525,0.6291602160016,0.6284379884295439,0.6452936688419915,0.6509974147956652,0.635597300720746,0.6362936021748309,0.6342639575107963,0.6535900265927895,0.6436381010229706
530,0.6571100633345169,0.6587243916335681,0.6607681064878657,0.661610364730849,0.6744259019182018,0.6541456446165661,0.6513876617424836,0.6582743614939349,0.6720477609968374,0.66220489996119
531,0.6336255387537438,0.6229454306377383,0.6215172766454817,0.638476148732559,0.6510702023522537,0.6392651033676675,0.6403535685586967,0.634100372561911,0.656424866681277,0.6339250493096646
532,0.6579125049474983,0.6595771926148402,0.6509278014481619,0.6586342576424298,0.6724950136977796,0.6660613256967242,0.6666356235400029,0.6582306969958014,0.679937603315406,0.6581453283974762
533,0.6670170284628646,0.6666036308623298,0.6639297399992964,0.6606621398163459,0.6746121099109876,0.6733455300284981,0.6744186046511628,0.6668631038243676,0.6790363438060726,0.6670170284628646
534,0.6788555801661615,0.6689082752940612,0.6738139598109693,0.6806467347412022,0.6860681758210124,0.677176372752061,0.6780719500395813,0.675617108724682,0.6873875530749486,0.6833414628295444
535,0.6376670027728762,0.633421036047391,0.6341300100831863,0.6470569700025208,0.649585644063524,0.640778611041089,0.6436302621628435,0.6375015754978574,0.6516574237459037,0.6366626228888329
536,0.6510135396186241,0.6400710894370369,0.6353232079537747,0.6618958900346003,0.663012028538803,0.6521940707288384,0.6526491118113211,0.6426553793583062,0.6633983841748732,0.6568518025636843
537,0.6609395295136383,0.6634434983403088,0.663576995237408,0.6615095973444941,0.6753138981093953,0.6577211718862751,0.6579376533410305,0.6600014432096983,0.6737263674411892,0.6672824361379709
538,0.6620989143546442,0.66221552070768,0.6635906714917571,0.662042621632489,0.6852352231604343,0.6641093687173301,0.6640209087253719,0.6591314837153197,0.6895858464012867,0.6536630478488138
539,0.669945995236261,0.6666522549150624,0.6718404854926068,0.6651861867291351,0.6951128440150616,0.6775514696056159,0.6802634992256958,0.668212654566036,0.7011972235105455,0.6577850972007138
540,0.641103921377834,0.6397254386818462,0.6413958353605138,0.644781226687425,0.65391975608965,0.6386753592163731,0.6406052349907561,0.6400781680775842,0.6527926437676365,0.6417120755084168
541,0.658006767820107,0.6486893196313566,0.6486230448952859,0.6591217427916478,0.6806493364729365,0.6598702574578571,0.6605719899574283,0.6570165452929343,0.6826999547772389,0.6551062734885462
542,0.6331294527294802,0.6148260142487343,0.619900121412045,0.6450415778984262,0.6422086301819654,0.6361762078207683,0.6365350987713712,0.6326942020021533,0.6453012011392879,0.6330760008857734
543,0.6452992159846505,0.6454025935360085,0.6496741539581197,0.65203943233319,0.650509444573092,0.6472923351748321,0.6487644315061696,0.6446706804723941,0.6538836878494161,0.6479291408911972
544,0.6448368717468762,0.6399438451307817,0.642587393067665,0.6570940676157168,0.65990181107663,0.649278360671888,0.6513225949460618,0.6447629837610627,0.6629804771521929,0.6474393708027519
545,0.6450290840735452,0.6366870779582254,0.6336818581536252,0.647731764971642,0.6614468620664617,0.6498051649442118,0.6516123306790587,0.6449564747359844,0.6652306153237973,0.6412049922953426
546,0.6544114741791458,0.6591331147022799,0.6364139239005887,0.6493579359121261,0.6774823185428108,0.6592516496108104,0.6602552451697025,0.6552846813386543,0.6825081986645067,0.6533841716385476
547,0.6573716891572139,0.6540267878909555,0.6495848450518406,0.6573358381254213,0.6696399122366742,0.6619391106076032,0.663358811466594,0.6574577316335164,0.6742862059570074,0.655270818694162
548,0.6574193763604066,0.6482499228581674,0.6521945808905086,0.662585794227289,0.6775471399144352,0.6634280996422287,0.6647541051964406,0.655105121383716,0.6821673102102428,0.6567271847817928
549,0.6699730869715761,0.6622375586263338,0.6606991091944978,0.6728414492114955,0.6851962605055243,0.6684425068462967,0.6665145267399036,0.6705357423903806,0.6851018288268438,0.6654088891686865
550,0.6529043280182233,0.6486375072246966,0.6465933430795907,0.6553479753850339,0.6610597354911094,0.6567844150545677,0.6554499711012137,0.6527130860503859,0.6636436269676673,0.6520798626457689
551,0.6546254322494406,0.6485121901606951,0.6497326591694998,0.6639133467003748,0.6733211286432453,0.6578255310493127,0.659271205649028,0.6544401824891756,0.67572574317845,0.6564416063696858
552,0.652252872032726,0.6433279332460442,0.6457875620455235,0.6530332956066961,0.6697513740633068,0.6540911209249684,0.6544461951576751,0.6505551733575967,0.6719262037386358,0.6468601821234918
553,0.6474627954859392,0.6452691843241506,0.6466418202194479,0.6462769423232297,0.6610458095511134,0.6504209127159947,0.6530793088170137,0.6476582657874846,0.6648075269097449,0.6510246987585464
554,0.6673119214656621,0.6607018922828641,0.6602587151207031,0.6678930688764204,0.6813639822394661,0.6742229766453998,0.6750257126372385,0.6673913588815212,0.6853024056994256,0.6745449072254601
555,0.6450835783687037,0.6326027550498594,0.6358108540015341,0.6453672334441319,0.6595100357964715,0.6507926361544362,0.6536771286116083,0.6445682050626438,0.6630177703912042,0.6464738877524929
556,0.6455875753911211,0.6452795460941124,0.6416060115149718,0.6419634776127349,0.6587187502376769,0.6517747811470859,0.6541097192750284,0.6467474387934379,0.6632517245837801,0.6437698222556871
557,0.6235725534650528,0.6104944423733842,0.616318348156207,0.6423870786132181,0.6466018974292649,0.6205141470317481,0.6224770048919287,0.6208565059608494,0.6449433586171742,0.6360268105081367
558,0.6671406821185399,0.6676546282198916,0.6544504640971938,0.6718009753383156,0.6667001568888099,0.6694592359592244,0.670711255033194,0.6674652796562357,0.6671252250929354,0.676121213994791
559,0.6753025510284374,0.669432510268637,0.6653132524432274,0.6683584344459658,0.6846072738145823,0.6822781423602915,0.6820420817399242,0.6709393638953149,0.689430779157421,0.6739648741796893
560,0.6564382114590231,0.6509712105445716,0.6536475577838741,0.6545501844669378,0.6708684135843345,0.6613691546053669,0.6635528016901586,0.6531706240343077,0.6744552707091729,0.6614282786239082
561,0.6353294876038268,0.6349827415007802,0.6307351017384589,0.6392106797799738,0.6565795073053099,0.6392737245259823,0.642772707929453,0.6348605923053887,0.6605040427443378,0.6459604078995067
562,0.6374257871996518,0.6319938764725995,0.6350167853035342,0.634748686705418,0.6476174194150011,0.6417658760995928,0.6431257965248205,0.6379114730658046,0.6506014733766435,0.6388478754157471
563,0.6465479808944855,0.6275884528426191,0.6315637773818258,0.6536601434410888,0.6714779822420531,0.651810981178972,0.6543414137481846,0.6465928998158325,0.6741581445490888,0.6503960351565424
564,0.6652785565854141,0.6646683378962298,0.6548347461820101,0.667579245967609,0.6772108058185177,0.6703087376719332,0.6732113995448098,0.6655176963419863,0.6804515618299963,0.6674720453870766
565,0.628680552297853,0.6200958546387078,0.6233209801254085,0.6297868680708668,0.6453847476974559,0.6329142624822129,0.633492830448312,0.6278947944520024,0.6489734327844756,0.6311316476677457
566,0.6611156381954219,0.6631491221571968,0.6604600340765983,0.655722646121935,0.6783391362323135,0.6640269649603674,0.6673309134009927,0.6536632343136528,0.6818801392695755,0.661182309800726
567,0.6486689136018767,0.649700821071699,0.6419912102270197,0.6475701919793322,0.668557259728883,0.6528485100443943,0.6552983623108788,0.6487654229335867,0.6712224020430283,0.6520541640064735
568,0.6496985566784004,0.6495339192335735,0.6527325895902095,0.6538772118256725,0.6664131772674888,0.6526620306852837,0.6527639491035099,0.6488204903059904,0.6688043401566408,0.6454571825045275
569,0.6547015247128914,0.656629953357112,0.6579469290165798,0.6485634774428722,0.6716732646101987,0.6592560655352173,0.6607768588562694,0.6542076588405911,0.6743072159291341,0.6555951867675303
570,0.6372553356187106,0.6318330937373291,0.6116554240849276,0.6373401157433005,0.6476316856500424,0.6365218032363891,0.6379593792620443,0.6368388071805079,0.6478012458992223,0.6362748350473663
571,0.6373635939193948,0.6257349508186343,0.6270287807927577,0.6418741938291828,0.6689219666215607,0.630985447380291,0.6328371673432567,0.6367621805980898,0.6613963867720722,0.6472196503889404
572,0.6549710132387297,0.6496365838885524,0.6466081162931556,0.6555853595223674,0.6729774162845029,0.6642727351388769,0.6647486371895821,0.653318335208099,0.6777970061434628,0.6532750713853076
573,0.6535122303812856,0.6523335468927111,0.6595452828018991,0.6436926059172375,0.6597916974685,0.6573111231580504,0.6598574080462603,0.6536231169812561,0.661861580667948,0.6575698585579813
574,0.6872738996449387,0.6821657064379982,0.6815250887653246,0.691071548201246,0.6853855429758157,0.6861894553493669,0.685000334963489,0.6874120720841428,0.6833925102163864,0.6845020767736317
575,0.6509018094867864,0.6504873952045299,0.6487490556488701,0.6523174193359103,0.6743363870409353,0.6556107292957891,0.6558821156399217,0.6510191657437085,0.6795954143042607,0.6561828410482847
576,0.6468134229415261,0.6390870022402049,0.6445617885063777,0.6446379859491915,0.6614928602996083,0.6525549002575474,0.6556332769472256,0.6429159237415992,0.6668114418080129,0.6564371599689114
577,0.6485155335124337,0.6481328404246363,0.6531499468056607,0.6541296411104223,0.6648986246010424,0.6507849035230726,0.6500348250709895,0.6478534744705441,0.6681515158473208,0.6527328113399615
578,0.6679154899945785,0.6652614032674397,0.6669080698801615,0.6707718699173835,0.6873032698672148,0.6661434016005437,0.6693800927312009,0.6679640403615384,0.6837429096234919,0.6696552114773068
579,0.656322259215409,0.6577167875787651,0.6520751058808573,0.6575737590286772,0.6789088510834412,0.6591311810185222,0.6612209870559163,0.656286502077887,0.6824845648356364,0.6522777296601483
580,0.6335103149191423,0.631439225063835,0.6212621083775788,0.6344668260851943,0.6562558262067848,0.6355449276537105,0.6363150002026506,0.6332266039800591,0.6575041543387509,0.6375876464151097
581,0.6800045487282514,0.6764300064440317,0.6734657518668739,0.6661915772715211,0.6920435161669384,0.6746597930328646,0.6800727796520223,0.6760319927220348,0.6903453242864183,0.6788976915204125
582,0.6633275026392239,0.6571937151795828,0.6604725173957603,0.6738998096676504,0.6842409438018694,0.6662556926325198,0.6686444792059981,0.6574865341789125,0.6863446171391584,0.6584343430451635
583,0.6584531018766513,0.6546444168036099,0.6523564820279092,0.6704556803428271,0.6847915891159674,0.662892784834261,0.6634920058469445,0.6582624406453429,0.6873246597604932,0.6625114623716442
584,0.6652468836717614,0.6593137470818835,0.6504823151125402,0.6618332378980751,0.6885874113553275,0.665189622516848,0.6626877505175528,0.6652336695590891,0.6875038541161961,0.6675725675020923
585,0.6503600547521275,0.6486118550258883,0.650278224126644,0.6581860382074629,0.6605888829375707,0.6543102422186514,0.6556641671130156,0.6503005415699578,0.6637430815925728,0.6534026661905612
586,0.6693261518842915,0.6518591227893553,0.6583022920232222,0.6781519514077654,0.660517131447364,0.6710543977985839,0.6735209235209235,0.6679670458740227,0.6613728648612369,0.6708530487600255
587,0.6594174519642638,0.6577775058132419,0.64764410720842,0.6505854036633623,0.6805694937380166,0.6685513808999306,0.6705421613021662,0.6557336923265206,0.6876922449312609,0.6574511483702525
588,0.6383655600729904,0.6386576815955437,0.6412187469987515,0.6344239203508659,0.65725741908634,0.6419470499727887,0.6444921087172264,0.6383695617376829,0.6610029772385312,0.6319228799180459
589,0.6293011383862637,0.6195835763355021,0.6199319846397382,0.6402684258761333,0.6465852199138068,0.6338834649963265,0.634474244294814,0.6292859901991229,0.6507812677517818,0.6358830256988994
590,0.6496630162937925,0.6479729867864226,0.6454038693498156,0.6575100686233756,0.6548387316601133,0.6521605800617406,0.6535984680700272,0.6493393211260503,0.6573465173807268,0.6442249374757228
591,0.6497775602811638,0.6394341133552807,0.6397321825785213,0.6438740101432512,0.6664916807545155,0.6531364000355904,0.6531008096805766,0.6488032743126613,0.6688584393629327,0.6532743126612688
592,0.664022771612243,0.647935523075447,0.6529048197780407,0.6691879617488087,0.6791345508043625,0.6665493971279624,0.6660376755045255,0.662431637189369,0.6835641411072376,0.6663095276169764
593,0.6613888487533914,0.6618343527749683,0.6658759973671113,0.6621795180529467,0.6714026553645106,0.6684085472555347,0.6708407584003596,0.660983480229254,0.6768129204193357,0.6617099327329062
594,0.6241583048551701,0.6198106818411814,0.6213831435221585,0.6264313682751964,0.640933824273515,0.6280349678112424,0.6294517402168751,0.6247343551739438,0.6433937148239544,0.6241427359276356
595,0.6575605410859557,0.657418647915747,0.6522710790187299,0.6614192470202435,0.6755455004099136,0.6610408652330201,0.6617660969918648,0.6577221416409157,0.6781468751970738,0.6522631960648294
596,0.6570153994674804,0.6540102455506595,0.6432625383429612,0.66854553664575,0.6681484826308332,0.6480544353269078,0.6485604845616056,0.6555206078819115,0.6667626862650452,0.6532550643850334
597,0.6429701668316439,0.6236642269314971,0.6267458075330737,0.6530783292269676,0.6604914633353324,0.646293794209663,0.6477677506990456,0.6428545624011041,0.6641980303895146,0.6457302226107816
598,0.6565197233705521,0.6429393810609281,0.6456438589035274,0.6661592551095313,0.674720859251246,0.6602634934126647,0.6616775489703667,0.6543600046362478,0.6766139937410656,0.6612409689757756
599,0.6663014469521917,0.6657941183993997,0.6725002344795832,0.6696310570339612,0.6807070198923952,0.6672947877320282,0.6684714489132937,0.6666638244899004,0.6822588484068178,0.6703856549654249
600,0.6649206605594912,0.6638053703148196,0.661624785595065,0.6639130535108567,0.6793579004853435,0.669089538577505,0.669127996861804,0.6636746121482029,0.6831575789740868,0.6734660913307335
601,0.6589405980348336,0.6548989007492481,0.6587852938279836,0.6570655838301805,0.6656186789293859,0.6630883567299752,0.6621868347487481,0.6588459003477299,0.6705581102887143,0.6595996939370753
602,0.6499569416770795,0.6296182162034379,0.6354395326061261,0.6541403532471041,0.6663317685995069,0.6515484110634562,0.6495812367025767,0.647141265070413,0.6665512816183176,0.650218668737969
603,0.6394900010743282,0.6327063861135411,0.6323035130530872,0.6420875730926838,0.654664886351428,0.644228555642525,0.6453105575763156,0.6387494820203509,0.6585094464140461,0.6336809552312108
604,0.6505575282912421,0.6497112799920353,0.6346986692330667,0.6519513490193476,0.6646948528191684,0.6519513490193476,0.652432549032622,0.6502754455248398,0.6657402183652474,0.6528141904224605
605,0.6639326457384672,0.6588802716053356,0.6540209818339796,0.6594635472815331,0.6813866675248194,0.669600476274759,0.6706946209914882,0.663807945421487,0.6855460264847383,0.6655336369048577
606,0.6486986339426748,0.6348475587976156,0.629072970162641,0.6609066302596383,0.6622639562480652,0.6522626068596556,0.6514132859195289,0.6479128136335854,0.6658199915861663,0.6495876427772
607,0.6478023815034848,0.6384281048273024,0.6415571500827268,0.6550849128582328,0.6664952121321228,0.6502156040771888,0.651304340371542,0.6474637587977609,0.6697357028350007,0.650965717665818
608,0.6073995208943306,0.5913406086416467,0.5938530903928828,0.6179414587719086,0.6250151232850195,0.6134569006541325,0.6140295690468701,0.6074317839023722,0.6294432211387229,0.6086416467039304
609,0.6513904618094879,0.6433119416131874,0.6405855459083092,0.6390419864938551,0.6693175621827944,0.6513569061700432,0.6529759657732478,0.6498469023950337,0.6720859024369783,0.6487731219328048
610,0.6552117238838052,0.6486673217466069,0.6477806608118897,0.6530200208806731,0.6709681876804029,0.6622934962844684,0.6634373272738439,0.654862433212553,0.6771786525824479,0.6517725541976295
611,0.6358767667844523,0.633755047955578,0.6349775996971226,0.6428729177183241,0.6576381877839474,0.6405066885411408,0.6408537354871278,0.636066065118627,0.6630253028773346,0.6403883770822817
612,0.6320988257520236,0.6286746144199606,0.6267528216152831,0.6426931157473005,0.655486067002166,0.6409586163091806,0.6428641227341574,0.630470187781958,0.6628230810573118,0.6291021318871028
613,0.6466212965405925,0.6376856579702948,0.6382870578740707,0.6554793351233064,0.6685937330250027,0.6556190151009575,0.657683174770692,0.6466639765337637,0.6725358123942701,0.6389776977635684
614,0.6650613447032937,0.6634132141542308,0.65852019280987,0.6643207561708576,0.6763499687497324,0.66878141079975,0.6700142980676205,0.6639097937482341,0.680630827318727,0.6634260567299377
615,0.6642264386176803,0.6646627965870573,0.6658861573226321,0.6681419721821794,0.6811392059843379,0.6668095219542604,0.6680796353294113,0.6639030661939456,0.6847001986987182,0.6672497759769354
616,0.6327375795417202,0.6304260149971619,0.6336300899232217,0.6345860843067547,0.6512487676634899,0.6357213276372001,0.6377378782899651,0.6327114390702955,0.6548038717772533,0.634985660084247
617,0.6519029711971569,0.6496756064300178,0.6462002562089343,0.6573990660771106,0.6748047439976859,0.6567792057523039,0.6586883755527088,0.6510351667424273,0.6792925327492871,0.658952849291293
618,0.6540736045017194,0.6481425197123901,0.6488936746674077,0.6503786168328181,0.6613116120740561,0.6604432248428219,0.6610771475216228,0.6532356108235785,0.6664177289937129,0.6476909583521484
619,0.6359852257636123,0.6205262284196548,0.6157412018592298,0.6435839973439575,0.6574286188579017,0.640363545816733,0.6409113545816733,0.6352589641434263,0.6597775564409031,0.6333291832669322
620,0.6343090671853073,0.6357944147648473,0.633377647570513,0.6291390728476821,0.6517803655103933,0.6386173957999951,0.6397662834305785,0.6333735444004037,0.6553090918043281,0.6365904297660372
621,0.65434950882989,0.6545130991996042,0.6561210728336246,0.6515046324004692,0.6786765938091021,0.6548562399751023,0.6553190810211231,0.6532761964042039,0.6768252296250189,0.6428104027515102
622,0.656820047427946,0.6457497263772346,0.6489799951355952,0.6544296485467591,0.6682399975677976,0.6625851270825732,0.6629803599659492,0.6545968624589565,0.6725419554906968,0.661342423689651
623,0.6555962154223945,0.636151704103169,0.6366893773422893,0.6539791832181749,0.6839283851345387,0.656450875123384,0.6620603317524135,0.651202542311674,0.6819943664684498,0.6587901549622425
624,0.6341866597007372,0.6344478820581056,0.6259826450396323,0.6394641676394478,0.6482967485979706,0.627562223981845,0.6277663039485392,0.6330805462812549,0.6427294471065542,0.6283826254479555
625,0.6568587238012514,0.6535693030288408,0.6513495472019817,0.6576428766748701,0.6719023950843668,0.6578600267014106,0.6574337692419051,0.6558091653396387,0.6728916340941626,0.6531671733500619
626,0.6596920989952206,0.645898070886635,0.6427946117324164,0.6559222045207187,0.6781866649841475,0.6568922819691784,0.6590217202706753,0.658729908355285,0.6737858258277205,0.6514188368534789
627,0.6707275629880188,0.6710634464009104,0.6684791199064268,0.6764296778680492,0.6796620617709355,0.675015015964341,0.6771409603894667,0.6653415736730629,0.682191066291531,0.6732407612303607
628,0.668511856808991,0.6673473131744981,0.6612254827671471,0.6700273587990844,0.6834036579432246,0.6736246819439903,0.6751800655654019,0.66739517113208,0.6849749942171635,0.6643960724569478
629,0.6326345439195853,0.6293246964329391,0.6366347648390838,0.6501818640871685,0.6482724884214512,0.6399169973884159,0.6387177201107753,0.631364256803137,0.6565885295440379,0.632247934797188
630,0.639684118588966,0.6374156921733224,0.6407758746178854,0.646998883982726,0.6563798987497371,0.6443867565950151,0.6456645155029356,0.6393889401070729,0.6613130185841137,0.6300362301259967
631,0.6644306255335531,0.65364238964865,0.6573500610970691,0.6677156391757755,0.6897524313285683,0.6682429152508328,0.6692807284779297,0.6622503808104987,0.6925729398570496,0.6654516998376324
632,0.6459474043390627,0.6378493548540685,0.6383254773127648,0.6492167785554445,0.6584059420082845,0.6514862956085639,0.6509546255296862,0.6466933295243537,0.6642701836245616,0.6458363090987002
633,0.6461405955838078,0.6427373684250642,0.644311313348425,0.6539455331214414,0.6622382792551772,0.6486863466947157,0.6498906241663427,0.6457747391367312,0.6646773222356878,0.6500201983246824
634,0.64640989565967,0.6435675772386815,0.6379845969925912,0.6412416743247968,0.6634597399217651,0.652464562510674,0.6532859478054374,0.6464708896172019,0.6686076299374608,0.6444499564909769
635,0.6491585639491398,0.6442707554225879,0.6449850411368736,0.6634255796559462,0.6518474195961107,0.6560134629768137,0.6577786088257292,0.647471952131638,0.6576290201944652,0.6557703814510097
636,0.6382099758648431,0.637815768302494,0.6350442477876106,0.6435317779565567,0.659243765084473,0.6412469831053902,0.6433065164923571,0.6381979082864039,0.6604987932421561,0.6472767497988737
637,0.649530043638805,0.6474530043638805,0.6487873447465593,0.64607250755287,0.6662806310842565,0.6506713662302787,0.6530043638804968,0.650226586102719,0.66675897952333,0.6508643840214837
638,0.6455056596083663,0.6453481909631523,0.6484651438522389,0.6499564645510291,0.6562737360825506,0.6487245039737676,0.6531984660701384,0.6462050056503456,0.6600344578447174,0.6401239370866448
639,0.6758718935890295,0.6690678547503168,0.6704359266164637,0.6757548608925156,0.6894678644357813,0.6771753956915825,0.6781842982477381,0.6756983623493709,0.6896050751834185,0.6758476799276819
640,0.6882283192511858,0.68554276470773,0.6825195527216761,0.6897399252442127,0.7001601909727675,0.6907214875773471,0.6901011401828062,0.6844944561359425,0.7023039231083331,0.6849616798065145
641,0.6649596294770871,0.6647498115524195,0.6617657344015915,0.6704382086211854,0.6843483599232222,0.6657911301415105,0.6696921893334784,0.664827521894889,0.6857393750534259,0.6644311991482946
642,0.6481995841995842,0.6256590436590437,0.6254968814968815,0.6482079002079002,0.6744365904365904,0.6508274428274429,0.6523742203742203,0.6421205821205821,0.6778711018711019,0.6504698544698545
643,0.6529024313647709,0.6449232244095139,0.6282168889770418,0.6473281433364738,0.6711211384935786,0.6552040462141122,0.6564684881241633,0.6422042610865936,0.6733772995487678,0.6531668898034744
644,0.6405923530936876,0.6325512056002074,0.6251239152648355,0.643497689456908,0.654158215010142,0.6434748127926306,0.6444280071375192,0.6373438667663073,0.6571169302566762,0.6427656362000336
645,0.6475794138148505,0.6424718690875295,0.6471769509078236,0.6538984963653866,0.6562302917648621,0.6535914628074485,0.6548030006306635,0.647268231154778,0.6602964118564743,0.6576368373883892
646,0.6338876797284011,0.6345137354095413,0.6333624652308003,0.6349128984277179,0.6579803191623459,0.6352154219783359,0.6365599710921941,0.6327532164135833,0.6603752972714056,0.6362238338137295
647,0.6322884168839125,0.6290902745131558,0.6294392922774478,0.6381255609214069,0.6460105132697979,0.63605994558172,0.6375058763195008,0.6325697679388008,0.6476701283530635,0.6316758550935225
648,0.6477999006871806,0.6395945794422464,0.6449606753271717,0.6484886831440516,0.6598295663874161,0.6533822422271701,0.6530298419003988,0.6492655656826154,0.6628890419516571,0.6549199891076263
649,0.651820975958907,0.6458043871836975,0.648179024041093,0.6545829649277926,0.6655130310302724,0.6544313923624269,0.65760599553703,0.6519978106185003,0.6672392741358258,0.6546924340027789
650,0.6746576611976483,0.6590476049258235,0.6600447802136699,0.6785166183524737,0.6898377087951602,0.6796435376368799,0.6818677204350502,0.6716735492767699,0.6926624209488363,0.6728264173604881
651,0.6636278265783547,0.6607067173047677,0.6632538581080519,0.6596720712035967,0.6796419875177635,0.66813206904289,0.6701764300138784,0.6643425218771555,0.6836559157656796,0.6599380043380343
652,0.6578133903689884,0.6432630535411804,0.6378457071042176,0.6611816684490309,0.679642798598047,0.6507138563856776,0.6515647076272179,0.65005034853677,0.6741161685153817,0.6599600334095717
653,0.6596771818893306,0.6576779722745272,0.6609557461778677,0.6628154760521034,0.6701381624319067,0.6590727696802039,0.6585225995924092,0.6600491278641777,0.6722148607914701,0.6639390628511209
654,0.6620114742409923,0.6550639208078396,0.6524316437016034,0.6638312689648311,0.6763086769802186,0.6633255401349716,0.6643038352484704,0.6606476645276824,0.6764247458919895,0.6645566996634001
655,0.6370286691037097,0.6365844164635798,0.6266289263471433,0.6371598294069862,0.6649319658813972,0.6409761711345789,0.6399015028432169,0.635890536149472,0.668308285946385,0.6366478811264554
656,0.655487446469057,0.6516836006381728,0.6546141573599799,0.6622470400537409,0.6700646569821144,0.6580737257536317,0.6593584683852548,0.6517003946595012,0.6717860441682761,0.6480896800738937
657,0.641475582637826,0.6268374389926935,0.6341186068674733,0.6593120974961735,0.6571028388251942,0.644453749963901,0.6450457735293268,0.6340283593727438,0.659203800502498,0.6458868801802062
658,0.6664109880851131,0.6656598494543315,0.6673648149178517,0.6670826411464998,0.676310915753245,0.6709217941482724,0.6715735758173104,0.6664388080344014,0.6810085129044822,0.6662997082879604
659,0.6533379853996687,0.6434037789092694,0.6438945463468498,0.6482961168026501,0.6644300963131097,0.6584181952027482,0.6594917489724557,0.6538325869578554,0.6672750138028342,0.6502016747438808
660,0.6377022722446379,0.6363134423444468,0.6335655128477383,0.6411467402845614,0.6530473561265662,0.6401953705669994,0.6422170312168188,0.6376130813336165,0.6556041622425144,0.6411849649607135
661,0.6445692420726429,0.6365527726654397,0.6352433674991089,0.649595903016724,0.6633737551557829,0.649028494111314,0.6509998763339565,0.6445401441800578,0.6686186502942525,0.6386041740926913
662,0.6473683806776774,0.6389530289896208,0.6416993333691324,0.6513957823515423,0.6558067460895848,0.6400270027693181,0.6342889142892212,0.6461716670374433,0.6483042721142708,0.646417146758517
663,0.6759000321440052,0.6770652523304403,0.6747428479588556,0.678117968498875,0.6893442622950819,0.676808100289296,0.674799099967856,0.6757473481195757,0.6894406943105111,0.6669800707168113
664,0.6322381965709936,0.6309146900572654,0.6302875382778844,0.6418401065725506,0.6492102212764485,0.6330513312918462,0.6342277815262711,0.6301015553364129,0.6510354492136814,0.6358194494904933
665,0.644850235620683,0.6433211219417726,0.6464963527209348,0.6513298044025563,0.6596249435155896,0.6431395649086566,0.6438335162352333,0.6447291975986057,0.6607384933187012,0.6446081595765283
666,0.6625763341524957,0.655676466478725,0.6551586681899251,0.6571024665280392,0.6641297290188956,0.6655762766193525,0.6698583862775235,0.6624283917842672,0.6676392507540951,0.658828460824039
667,0.6707589018103345,0.6639931263237822,0.668592894537026,0.6670982695919754,0.6876473644247293,0.673644247292491,0.6760580266155137,0.6701194900691364,0.68906206290213,0.670926747392399
668,0.660089224433768,0.6598972121449815,0.6507378174330817,0.6591822727718404,0.6774356963100958,0.6632349576755892,0.6645994705363271,0.6601137366408472,0.6809327711867177,0.6596153217635716
669,0.6632912985849371,0.6555088228542656,0.6479151702740528,0.6661754796478263,0.6795634112568217,0.6654572111931402,0.6679896628581161,0.661006908705858,0.6827030589350375,0.6544869563929595
670,0.6394065945146544,0.6242395469212154,0.62506302097338,0.6449146275880613,0.6573003495563323,0.6403098951331003,0.6430912207582683,0.639847741328314,0.6585859774132832,0.6397511091691315
671,0.6761438374617664,0.677403762341717,0.6709258466853675,0.6651452479437076,0.6965562053281351,0.6805416884578203,0.6790836621816511,0.6747095833531435,0.6998367644495158,0.6762389261319514
672,0.6716291097155522,0.6716586627262653,0.6741337273734762,0.662445511636498,0.6918729220539342,0.6754192833394902,0.6772515700036942,0.6714148503878833,0.694311045437754,0.6717620982637607
673,0.6630857242674353,0.6595615529062404,0.6592296606838727,0.6628062360801782,0.6875758766758374,0.6707541814053015,0.6724136425171405,0.6639067208175029,0.6924756539586882,0.6646753133324599
674,0.6793985888223715,0.6791069562470128,0.6768994596696452,0.6798522394951516,0.6853446529977398,0.6848423968957332,0.6862519543433001,0.677916123230965,0.6896948389135067,0.6820718874298259
675,0.6457177042726465,0.6277779922034814,0.6267165849704736,0.6551854567910764,0.6658690030491335,0.649365085491528,0.6495580686248021,0.6458064765139527,0.6673125168860241,0.6467829711683198
676,0.6487763060579573,0.6360561083843206,0.6428091171922276,0.6586767968802528,0.6657365696228065,0.6543905062865596,0.6544409332347206,0.6486838566529953,0.6697707254756942,0.6564412021784441
677,0.6732277258935256,0.6613902352523939,0.6566103164282618,0.665460850376325,0.6793395594435907,0.6774007959963747,0.6784568703944517,0.6724671947038657,0.6826338810734129,0.6782716633171769
678,0.661548747774672,0.6623220744488033,0.6590636302854058,0.6658664883719057,0.6816955187330331,0.6632484553605232,0.6655201024657843,0.6618387452774712,0.682323846655765,0.6562804598071517
679,0.670001091877273,0.6670320256003225,0.6572555244790486,0.6730331510738193,0.6781313780331091,0.6725124096051603,0.6736546812138315,0.668791627821033,0.6803655269147748,0.6751665112841316
680,0.6497771384100182,0.6398879010132931,0.6424191684550622,0.6638838446965231,0.665723337185262,0.6558419608675486,0.6565022915045319,0.6465580265547249,0.6707544277527533,0.6515773255036986
681,0.6513814943027132,0.6434664240373611,0.6401397487933694,0.6589873543691046,0.6660245520006255,0.6579637619863379,0.6603592524932294,0.6513957108635849,0.6712704629623047,0.6586816983103617
682,0.6648500335436407,0.6551487603928752,0.6595169715745912,0.6682496249896354,0.6815389370057966,0.6663349992085208,0.6681064049508906,0.6642771533886614,0.6829635994964685,0.6596338089746199
683,0.6556716769389429,0.6556676167507126,0.6525209708722096,0.6607712733562328,0.6744297465630507,0.6611448106734228,0.6617538389079718,0.6567354462552883,0.6777347397825363,0.6529513508246242
684,0.6537565857928551,0.6477488562604258,0.621711232596165,0.6425751895221894,0.6726344823030043,0.649445885014947,0.6472905346259931,0.6520884602044692,0.6686458453763192,0.6608543775909624
685,0.6612679186576286,0.6558943057165082,0.6555014049180068,0.6675662375184545,0.6738447129046085,0.66197037766101,0.6637483529916023,0.6603908370771355,0.6740034607019828,0.6509651866080358
686,0.6331165429289906,0.6326936893785176,0.6354590767572745,0.6319303077475752,0.6593222368578613,0.6343925877140463,0.6354478505568195,0.6328882768530715,0.6608115794515627,0.6319864387498503
687,0.6412301314155056,0.6381959443956549,0.6435878569224561,0.6396240298117776,0.6565395235495637,0.6385875800083866,0.6393629394032897,0.6394657932005728,0.6540552087536493,0.6439201538059861
688,0.6398112643115499,0.6404333578091431,0.6401070136792582,0.640395964210927,0.6566519811808218,0.6421500639090588,0.6430203149220853,0.6398452584917462,0.6581953169617362,0.6385262843001278
689,0.6643883197457621,0.6536846139719092,0.6555530713766698,0.6700416011242684,0.6788968116451208,0.6694666911535728,0.6715267852152319,0.6654662759408162,0.6814040579062098,0.6576091730079768
690,0.6642218430573329,0.6632225855885745,0.6499083684850783,0.6687836706320994,0.6825599949444682,0.661097682354614,0.6578984786008816,0.661840213596221,0.6803797968308135,0.6624208098330094
691,0.6502984095241071,0.6518646689372871,0.6512123863387808,0.6551182701621723,0.6682654751117083,0.6474002437271505,0.647314314283036,0.6501812330094053,0.6643908383589039,0.6517513983064088
692,0.6460164456859582,0.643195499075422,0.6413069992524688,0.6487941141755518,0.6670732187118857,0.6508872014793249,0.6511626077035055,0.6453712082464492,0.6707007121218083,0.645701695715466
693,0.6710445215599855,0.6641421177503651,0.6644756283931542,0.6831311161208068,0.6859342941817168,0.6705759179985984,0.6734973023632818,0.6685073076825654,0.6867279650784806,0.6797073549650869
694,0.6467383460816857,0.6329340453167845,0.6377002453456487,0.6390965507288209,0.661473517102035,0.6492856111993073,0.6489175927262231,0.6432024823206812,0.6626425169577139,0.6482320681194977
695,0.6658317082921974,0.6355733063535709,0.6405422605886049,0.658822953468069,0.6787640440270559,0.6575337994957613,0.6609525052830836,0.6662315092076598,0.6713391698827522,0.6643385742609802
696,0.6654205070542757,0.6648049507144558,0.6671974130218892,0.6658513964921496,0.683070559171379,0.6710959365074154,0.6734514654344597,0.661755894977881,0.6870757790891407,0.6662002117513809
697,0.6631868260574213,0.6595365070937215,0.6588142514698878,0.6747194915320408,0.6791779559775437,0.66759063332058,0.6698159614588782,0.6629447728213257,0.6826603993097579,0.6601962973663046
698,0.6543213626664034,0.6292004283012993,0.6350022402284273,0.6597130988814046,0.6634569382532294,0.6501294776091067,0.6553997099094037,0.6539948208956358,0.6631152084931237,0.6577842242354746
699,0.6750998771337388,0.6696868069454212,0.6704015949431646,0.6737166657651322,0.68959655047176,0.676792186014883,0.6775726572340409,0.6767458213880024,0.6891483590785803,0.6801690763393582
700,0.6321906668334792,0.6256599524584011,0.62525543183619,0.6440802368739313,0.6542057633762876,0.6358313524333792,0.6380499603820009,0.6319946619959131,0.6575503565619918,0.6266775094874683
701,0.6776476472304422,0.6603425999249781,0.6646271829283541,0.6791980994456717,0.6963697745175677,0.6808569166006752,0.6833993248030675,0.6775142749968741,0.6986371024882257,0.6716208894260826
702,0.6541466532898884,0.6507551072953752,0.6500625926682233,0.6511324389832465,0.6689158594728011,0.6588211270231638,0.6577290847265012,0.6543641739099554,0.6732218799108609,0.6559312102137029
703,0.6400801707147197,0.6386427290644774,0.6343229946207081,0.6408100057794046,0.6579333442005898,0.6422474474296469,0.642432684755709,0.6395429824691394,0.6582815903735867,0.6565218357759962
704,0.6464404107842455,0.6445008538686819,0.647869964686155,0.6476110995201335,0.6536847717736514,0.6485074684532227,0.6489479256013786,0.6461738182998354,0.655856148240876,0.6409462874098801
705,0.6038711729381385,0.6042611678644181,0.604253595147403,0.612852415318092,0.623673827932724,0.6047874716969701,0.604885917018167,0.6038257366360477,0.6230831560055432,0.604454272148304
706,0.6527194281569244,0.6372634951338935,0.6194311793507828,0.6548917971347398,0.6736837333010941,0.6576044248322553,0.6597050111829776,0.6457489572628906,0.6756407543976304,0.6456318382397389
707,0.6302383892818383,0.6228846225814902,0.6213764454923094,0.6484338160996969,0.6468844728864938,0.6369372403727406,0.6381198308446541,0.6268253433628981,0.6516148347741477,0.6187867220538154
708,0.6425926068510975,0.6347890696582151,0.6354319856479592,0.6498456231665345,0.6562439846932098,0.6439015376086605,0.6442788176505463,0.6423462198849681,0.6579532942707331,0.6410372891274052
709,0.6804569007607137,0.673456129022097,0.6749996062558077,0.6711291008457625,0.7025183878537792,0.6850361457168507,0.6861937536421338,0.6775156316444333,0.7056919660435008,0.6792126691131306
710,0.6669675476347333,0.6598191291848835,0.6626425619657936,0.6750913337725339,0.6746635409269416,0.6611709545769556,0.6643622892050753,0.6662445777256821,0.6682723158137903,0.666077738515901
711,0.6701498619473737,0.6599788762848874,0.6602699510994312,0.6659958085226706,0.6766657795815176,0.6700708559262832,0.6708692325604604,0.6706530055553708,0.677846711686238,0.6610433784637902
712,0.6513251825715927,0.642541232460819,0.6328013456962337,0.6688766718634611,0.6732255682284402,0.6537540001641093,0.6540001641092968,0.6490768852055468,0.6753836054812505,0.6553376548781489
713,0.6603169923182354,0.6524639020814076,0.6504558059477895,0.6606715965957989,0.6772065151563447,0.6610381538265387,0.6597552035189495,0.6531810792719854,0.6770790169891308,0.6595759092213049
714,0.6425625771122416,0.6433949667889195,0.6503033785725151,0.6427315902445621,0.645376645765376,0.6461287542042017,0.6470076224922676,0.6400780840671321,0.6474217046664525,0.6324217891730187
715,0.6674684660567217,0.659437349416563,0.6590397304064375,0.6711100262979701,0.68050328330945,0.669125868069225,0.6704092720028975,0.6674881501661338,0.6806843771160418,0.6670196683621247
716,0.624233894765515,0.6186611885413357,0.6197923760233652,0.6359013937440414,0.6458815695888379,0.6293034306381562,0.6294169277099317,0.6240144670934157,0.6498993659296923,0.6132549446890937
717,0.6431778856298798,0.6361510867271576,0.6376155307026798,0.6327495252162904,0.6506520362945769,0.6505845115003165,0.651605824013505,0.6431230217345432,0.6561553070267989,0.6393627347541675
718,0.6458185352723467,0.6396612957493738,0.6303263673408351,0.6553815095891435,0.6751878574899997,0.6486597629817937,0.6487793936221915,0.6453923511159295,0.6781487158398445,0.6531384350816853
719,0.6407948756191568,0.6349192643122356,0.6347426427298631,0.6444175805198169,0.657825121083907,0.6425885659112496,0.6436247458611676,0.6408694491761584,0.6589005502743522,0.6442880580260772
720,0.6578175843293921,0.6487684848094333,0.6479268017655208,0.6488611102161796,0.6747156802732047,0.6618931022262315,0.6635281420148845,0.6569477109442959,0.6780501949160733,0.6624488546667097
721,0.6738687942472124,0.6676138263020659,0.6618640101624658,0.6655820760253467,0.6907579505694101,0.6824080883718512,0.6840201169277855,0.6683455535498057,0.695490034394895,0.6702807306872293
722,0.6616287148925197,0.6552357689800655,0.6549026911258031,0.6606473887412523,0.6754747254793814,0.6655038787453351,0.6659336566218026,0.6558410394894238,0.6790991855709241,0.6521377867871955
723,0.6505032603810703,0.649964809931231,0.6498630555155133,0.6555104255878438,0.6604370352155073,0.6523984363738118,0.6543996065495925,0.6497273829612231,0.6624212463220018,0.6403702164825195
724,0.6473819267409097,0.6477467127331276,0.6462120958003489,0.6356416879109084,0.671910640010734,0.6447319871192808,0.6450506507446666,0.6460569569300952,0.6678015564202334,0.6465265664832953
725,0.6614629969995445,0.6597074948552398,0.6545941530389431,0.6607207377036304,0.672054919333302,0.6623309298270418,0.6630378434421981,0.6610977582983804,0.6735944200951977,0.6612352137235497
726,0.6525172830107427,0.6477303312032359,0.649026076391292,0.652840258072454,0.6707115448204797,0.6590767527164509,0.6618143508585753,0.6513945601771749,0.6752024361547512,0.6460808514237817
727,0.642615770810659,0.6184083488396588,0.6250526629919602,0.622301021662044,0.66111364673665,0.6430326861636766,0.6464996664677176,0.6298757153389741,0.6622810097250992,0.6349357511498086
728,0.653863599670954,0.6506423316137862,0.6547400305982025,0.6549783583064894,0.6742982786589069,0.6564544524997501,0.6570925557187118,0.6538866636427237,0.6767123077041354,0.6490816695240365
729,0.6749760709307988,0.6691491326761935,0.6666008967103827,0.6799801850514685,0.6821212070326275,0.6777971822471495,0.678964249130997,0.6758912528756864,0.6842538328491545,0.6791489647529009
730,0.641801137756439,0.6320845625216605,0.6339737791941032,0.6589182015671623,0.6631784485600534,0.6453006263577424,0.6471264464975529,0.6419279308217036,0.6657396684783987,0.6384453479624355
731,0.6492654600800715,0.6472678092843199,0.6479088773450683,0.6439549349832908,0.6617807629950699,0.6536578102769414,0.6529381596797141,0.6492654600800715,0.6650812295271813,0.6363448367137611
732,0.6636333905649578,0.657816204725697,0.6499345924290737,0.6662742212411087,0.6771645818003433,0.6670345842531273,0.6668465374867141,0.6634371678521789,0.6775570272259014,0.6592429073665277
733,0.6623604318538341,0.6541520212739185,0.6377310057295293,0.6599109112719891,0.6828877498804601,0.667997684699724,0.6694237754494283,0.6630650884595704,0.6871156895148774,0.6640717407534792
734,0.6550333771865712,0.6564058211112735,0.6594308824245968,0.6484919358768211,0.673796878299144,0.6613880361870422,0.6617859637155061,0.6519189852035927,0.677402588965226,0.6522641264272605
735,0.6577582221917855,0.6567609443750106,0.6598640620452327,0.6613535585269393,0.6731582461606944,0.6612593949562567,0.6648033693437655,0.6561660018147888,0.675135681145029,0.6549846770189526
736,0.6548372746987378,0.653375646413053,0.6554449625457752,0.6512427812244315,0.6774170486229714,0.658392050013107,0.6565491273920262,0.6549206828346056,0.6771787396633488,0.6545513039471907
737,0.6562805725231632,0.656132591234575,0.6581919975007604,0.65419239211753,0.6716870689017322,0.6599061140935735,0.6623478053552784,0.6566011986484376,0.6764553548673512,0.6603665003247368
738,0.6385240055277352,0.6267367044593369,0.6271602003061058,0.6356375469931795,0.6552298022200098,0.6420642822116884,0.643921720136113,0.6387729022096081,0.6576741905285526,0.6306856174866636
739,0.6758671516534722,0.6582427945383512,0.6502785504283257,0.6765962167859322,0.691074499362068,0.6808834367496375,0.6815808033980775,0.673719579361117,0.6960590859742133,0.6780067993248223
740,0.6577437930002992,0.6350770266227939,0.6410858510320072,0.6660335028417589,0.6712683218665869,0.6619727789410709,0.6633712234519892,0.6590861501645229,0.6757253963505833,0.6570707448399641
741,0.6479076138295863,0.6413659550349519,0.6413935071478053,0.650040934567668,0.6697839914352289,0.6506864412116632,0.6530323068203288,0.6482461112160716,0.6723109137855029,0.6524497764342843
742,0.6218139585639235,0.6109950582256379,0.6147559511746458,0.6302477122858434,0.6404586340748593,0.622359580338909,0.6250565108266949,0.6210890610628712,0.6412848613341232,0.6144480646016182
743,0.6597996271776736,0.6424012519465775,0.6338900097424764,0.6628873017943033,0.6761738916974156,0.6618746979448744,0.6652653865922045,0.6572566106921761,0.6787360862861219,0.6612264780564143
744,0.663179220943668,0.6541928488896627,0.6403551813102455,0.6517355450386996,0.6859795185108976,0.6698744836100603,0.6716155684642049,0.6619604615457668,0.6910603206761741,0.6647778534006553
745,0.6423772040569051,0.6344082832716211,0.6237830555579091,0.6415044780166241,0.653282043026241,0.6423094195100872,0.64583421594462,0.6424365155353708,0.6542394997500445,0.6353869226663051
746,0.6602439806403346,0.6330786142876773,0.6344412721193337,0.6724430126570683,0.6667709971449074,0.6629158587416217,0.6651144327221095,0.6587171931538849,0.6693894376841687,0.6558010290547659
747,0.6578249442815718,0.6560235814767181,0.6505076567904587,0.6534912887532652,0.6732863088438527,0.6603772077678279,0.6616313716718724,0.6566466692761797,0.6755869407187877,0.6590391666600097
748,0.634641291564204,0.627018069068748,0.6200114045404327,0.6385616023379308,0.6537296411133683,0.6395381161124772,0.641797640685698,0.6347767204818419,0.6566164154103853,0.6369008161374247
749,0.6463833973170371,0.6319892402914523,0.633651946062173,0.6424050908394487,0.6629582234293524,0.652381325463773,0.6542964839431372,0.6458262603048585,0.6676677722354252,0.6536348837411751
750,0.6674620813350489,0.6546184738955824,0.6485748820524818,0.6592661909775023,0.6841579911880532,0.6672281358443483,0.66665107030062,0.6675400631652825,0.6832222092252506,0.6735758568253597
751,0.657687063918518,0.6548039137059909,0.6570053733258481,0.6608308605341247,0.6639505974817548,0.6641109952682653,0.6660117090384152,0.6525142353035528,0.6682572780495629,0.6536530595877776
752,0.6461212766290482,0.6383810477874998,0.6416054909449497,0.6526523392865529,0.660001252210935,0.6523392865528198,0.6529888709753158,0.6444973155728082,0.6644309483932569,0.6475456665675333
753,0.6543678526048284,0.6498173443456162,0.6425309720457433,0.6424475857687421,0.6725698856416773,0.6511277001270648,0.6507782719186785,0.6510721092757307,0.6702033036848792,0.6521124523506988
754,0.6347773615266639,0.6300672985861431,0.6296482538405451,0.635364024170501,0.6513463907676061,0.6355903083331238,0.6348611704757834,0.6341990797777387,0.6531650449635013,0.6246029551035459
755,0.6514712845311372,0.6442526371348956,0.6453043862985415,0.6579292572555169,0.6585502161713226,0.6528762040781477,0.6559189027655957,0.6508968975340169,0.6606537144986144,0.6531633975767078
756,0.668595246982705,0.6674837211231388,0.6673012318029116,0.6651403923520385,0.6821865538550869,0.6753183194392601,0.6746879017875659,0.668649164281863,0.6858446352287337,0.6722284434490482
757,0.6265291346970024,0.626312767338515,0.6352670472513023,0.6272406504335669,0.637151939816587,0.6305693790256811,0.6333155801141754,0.62616713546261,0.638957775077809,0.6290381638733086
758,0.6416799878206592,0.6363629443556368,0.6404354114333561,0.6418740960645505,0.653246555530182,0.6452386389586664,0.6456573037984319,0.6416990180406485,0.6562761665524853,0.6440473471873335
759,0.6537024180563967,0.647583420729996,0.6464460331762655,0.636250166176753,0.6625060931476092,0.6565532725741887,0.6569373255144094,0.6461690719212987,0.664891652757057,0.6465900530288483
760,0.6876747868863506,0.6863270325819603,0.6926488426159911,0.7000741264867415,0.6996361063378146,0.693950267866168,0.6966794703325584,0.6875063175983018,0.7030981502072172,0.6914906162606557
761,0.6573050563749486,0.6557575087641727,0.6628991251618609,0.6540915263872659,0.6656981334680858,0.6600290559959574,0.6602817168303698,0.6515728136942173,0.6685010895998484,0.6570129172851593
762,0.6590459703483709,0.656488973945636,0.6527567121155572,0.6625400026999341,0.6742688340255223,0.6638105599186843,0.6647158319370439,0.6586886261305974,0.6772784664374369,0.6441883918716101
763,0.6650234620294655,0.6662051892488701,0.6726529344788325,0.6770348135113687,0.6808905220301557,0.6636735327605838,0.6632077424697236,0.6652606700479592,0.6793378877272884,0.6596064934616844
764,0.6653425091095007,0.6545653003091956,0.6587041380261802,0.6691283283153308,0.6639020312766285,0.6744682405070482,0.6752229697377925,0.6635287243452926,0.669680173344262,0.6678420424758365
765,0.6652816070856732,0.6648285988768521,0.669702342364859,0.662173033514797,0.6698585520920388,0.6710145040731686,0.6716081010364515,0.6613060695289495,0.6741465091031219,0.6592831535619723
766,0.6679251734602288,0.6602494692900597,0.6519005827123908,0.6719927623986665,0.6710738149852541,0.6717220647109946,0.6726837538645657,0.6678396899799114,0.6760389804670247,0.6667996409693827
767,0.6707738369415016,0.6681722026033403,0.6671656686626747,0.6583073169899517,0.6921541532319976,0.6669908047153557,0.668884453315591,0.6699165771022059,0.6899022467884743,0.6738275585580975
768,0.6179151519492846,0.6139216704571909,0.6085089808563601,0.6375064916459232,0.6390555326731254,0.617718164072993,0.6191149871957881,0.61813004781433,0.6381332712523057,0.6290897369316452
769,0.6374015541910054,0.6300643964608124,0.6235349992146773,0.644091755607578,0.6581602507049206,0.6383925566367247,0.6413393865507879,0.6362609664704606,0.6586464028481036,0.6406101583360134
770,0.6383702947292087,0.6397170362806254,0.6435722689635269,0.6451631999171236,0.6598737614787519,0.6502171805743631,0.6516231195566112,0.6401610170118617,0.6687385767457692,0.6533472447295787
771,0.638912714945064,0.6355552832577707,0.6375280807090634,0.6408283298615366,0.6493158518155455,0.6437446391373606,0.6482538904546011,0.6389413062124739,0.6537842584650574,0.6322632030388433
772,0.6407520243078564,0.6407479837732128,0.6372690834451215,0.6600132529536308,0.6550918817577942,0.6451764097425371,0.6459602734633847,0.6406025245260453,0.6583404716112036,0.6425823865013819
773,0.623670867382101,0.617336976141249,0.621439237307604,0.6418561911325522,0.6381641560828328,0.627785435331955,0.629935020183125,0.6221899511010469,0.6402070821436776,0.6265506547208821
774,0.6492903485857356,0.6485423271605417,0.6518173432449402,0.665165456138039,0.6565380173168898,0.6502205306688784,0.6508639066097188,0.649251590998938,0.659103769562892,0.6527320222933639
775,0.6728617769113162,0.6645984840518043,0.6632435143465001,0.6770965628261028,0.6808742992582046,0.6782128960758459,0.6795799998382126,0.6695653580760239,0.6858411732824242,0.6794465252105258
776,0.6536292090576021,0.6489473175734425,0.6465060455852736,0.6547216504039061,0.6681430726584969,0.6504782217730248,0.6480703918668856,0.6541568507962932,0.6662034319007736,0.647862307800923
777,0.6476651094941215,0.6429458347081604,0.6420384488477502,0.6521455985273431,0.6620704027230259,0.6496448604622892,0.6524321414306306,0.6478214056231874,0.6633294548738343,0.6433322334716843
778,0.6639261330920457,0.6635107345562228,0.6582915192892983,0.668865674097228,0.6694003454799704,0.6636505716870938,0.6612157604672205,0.6616599490005758,0.6681664884428724,0.6624660689314799
779,0.6439388370212453,0.6448536679000547,0.6452702426752269,0.643853071626357,0.6623783969222475,0.6236614472297778,0.6292729544953319,0.6287175214617691,0.6460176268306828,0.641864131278231
780,0.6645860822180715,0.6597965968092945,0.6645989341467177,0.6711277138989324,0.6768682420275203,0.6637849786657984,0.6646417739088712,0.6628425038984184,0.6763713007865381,0.6686601435988827
781,0.6341992830883758,0.634864222441321,0.6375125153814994,0.6388156436536506,0.6428282087145271,0.629697567239126,0.6330069780417154,0.6349559382141411,0.6417658343460283,0.6345890751228609
782,0.6664079046180588,0.6664922835469527,0.6627289833182858,0.6743648376127513,0.6794275733463839,0.6706859163129784,0.6710234320285539,0.6672770075856657,0.6825580316083467,0.6658003763300229
783,0.6547093620488116,0.654521625163827,0.6519287308278134,0.6539407034819879,0.670674081683256,0.6586447522227339,0.6613864191845843,0.6524883992773901,0.6741596117742906,0.6541709468314972
784,0.6696793195337057,0.6701701990743414,0.6736269810495747,0.6758380015015139,0.687140606050606,0.6663009132834479,0.6703847010584848,0.6698979465560057,0.6845500820882593,0.6675755500738382
785,0.6253741562283297,0.6255760469791,0.6253346558640486,0.6353765262501865,0.6576196202698313,0.630074699577785,0.6314177119633436,0.6261773303020461,0.6585325175776621,0.6216435662684445
786,0.6380789909015715,0.637057008334924,0.640377457530063,0.6398803842972578,0.6587771203155819,0.6434036393713813,0.645479417191576,0.6373353693452949,0.6626662212890501,0.6376813323153273
787,0.6632976752801704,0.6647988638819425,0.6594115649408786,0.6671606310394863,0.6829134636164367,0.6671683492328115,0.6682488962983545,0.6630699885770739,0.6858386588867278,0.6591221326911797
788,0.6708995253028979,0.6619882439634638,0.6601845663462033,0.6715078916251093,0.6884736003290319,0.6583723201891933,0.6612170753860127,0.6687830959847822,0.6807276403955238,0.6676006374993574
789,0.6515073026280183,0.6471040769462721,0.6522186226679141,0.6587364791204373,0.6678058096291084,0.6402962802600958,0.6428090956184231,0.6494351964248436,0.6554736850243936,0.6570354964163387
790,0.6540517947021021,0.6489315383409673,0.6456138212090075,0.6565161357738728,0.6646754558595587,0.6620456643271391,0.6633692680123304,0.6545568540030303,0.6683763214267054,0.6395182779219423
791,0.6316967862172487,0.6080171694087685,0.6125245608561092,0.6370474688614726,0.6503377381243517,0.6358499953618985,0.6377389676429168,0.632004587504111,0.6522014116694635,0.6343531534874307
792,0.6528583011482028,0.6534293510954569,0.6521564764038674,0.6504040941229806,0.6766113634580344,0.6550335219396518,0.6564894813471548,0.6519298000889269,0.6783724640587266,0.6565374321060845
793,0.6638263245973623,0.6604678120154146,0.662053029954094,0.657285861237775,0.6672347350805276,0.6692690341301645,0.6707813243670643,0.6622142385580274,0.6697680131423395,0.6753719312790751
794,0.6590002023881806,0.6491762801052419,0.6537462052216151,0.6590082979154017,0.6752964986844768,0.663096539162113,0.6659461647439789,0.6596235579842137,0.6789556769884638,0.6544181339809755
795,0.6631168911548311,0.6594265687738382,0.6602543769389666,0.6610086881174714,0.6768530911285269,0.6528543908647114,0.6512993493582553,0.661441933512305,0.6731705052724417,0.6585059223098169
796,0.6540738426537854,0.6524036112245961,0.6490391162593224,0.6529203015228345,0.6636466319002187,0.6505731657494412,0.6552994801054208,0.6497801062219125,0.6593288633614509,0.6528642266067466
797,0.6440534610013964,0.6320247356872133,0.6211490125673249,0.6643526830241372,0.657674047476561,0.6511390384999003,0.653277478555755,0.6422900458807101,0.662230201476162,0.6406064232994215
798,0.6536962513315635,0.6521195109991377,0.6505639065961009,0.6545966419235386,0.6706768570027561,0.6606584264723289,0.6614446830456029,0.6535990260563738,0.6757832975431596,0.6514727515598316
799,0.6578743116717594,0.6512197911730584,0.6526046177225118,0.657755845683753,0.674259383323257,0.6607869409630877,0.663033709701139,0.6572166211866207,0.6774865602379124,0.6611341688589683
800,0.6587738650827323,0.6544887568943573,0.6552991090369114,0.6631310988544761,0.67977089520577,0.6619346627068308,0.6624777259227832,0.6572677131947391,0.682766228256258,0.6510267288926601
801,0.6345958756383042,0.6315141130235373,0.6324348055889448,0.6380314228962601,0.6578348379836833,0.6371192552620137,0.6391737636718583,0.6345447260513372,0.6607418395096459,0.6346129255006265
802,0.6758086910527447,0.6715524223540885,0.675135126200433,0.6745152812443181,0.6873254103373609,0.6806972016066382,0.6821930941007289,0.6755318269723467,0.691218036661763,0.6740235375791336
803,0.648177756526157,0.6471840772230772,0.6507254606039777,0.6503220118643814,0.6604157016272433,0.6510168402492417,0.6496122409336103,0.6487381019978183,0.6630904173453073,0.6440162574899512
804,0.682859017212833,0.6796062291087439,0.6678368373371654,0.6892708756364999,0.6715191652869326,0.6859829433632189,0.6842101152728749,0.6788838211864672,0.6755334103901783,0.6803754959232764
805,0.6618252367162334,0.6631959131877786,0.6620082647317216,0.6591367585331728,0.6838740116487164,0.6640256401913253,0.6661894380633195,0.6623173787134351,0.6841261835811668,0.66524989425048
806,0.673859568206277,0.6666666666666666,0.6608244932024335,0.6739144758516176,0.6842371131756386,0.6741707115298734,0.6760668555489666,0.673116484739335,0.6838857042454591,0.6766195925120614
807,0.6623646960865945,0.6619964132453724,0.6653629987830654,0.6635415999487606,0.6694181131108692,0.6700906296035355,0.6710833920450906,0.6612598475629283,0.6742538269390892,0.6640459873182605
808,0.6771562571493938,0.6698924731182796,0.6661480973080149,0.6781285746968657,0.7011744070769466,0.6822771295660794,0.6856478303973157,0.6671089758255166,0.7048577747273698,0.6801532830016015
809,0.6606842400448683,0.6569939931884871,0.6542913344225252,0.6631389857510953,0.6795500174758387,0.6559942126525071,0.6580019020215074,0.6601477724401961,0.6737464133889309,0.657676770139888
810,0.6571004635268919,0.6552242832500837,0.650114859838297,0.6530497126460273,0.6748935196160983,0.6617888704495475,0.6653859045314454,0.6572026519951276,0.6781390253672653,0.6528984737130384
811,0.6470414468231761,0.6494457072053961,0.6513945530783559,0.6481163891783666,0.6614177751154947,0.6464424331443295,0.6479933041758639,0.644875150779128,0.6627142704751902,0.6425775640657438
812,0.6729940507970407,0.6642847608878041,0.6568291892304172,0.6728224391732134,0.6945694455037754,0.6779326519716269,0.6800587293112653,0.6740237205400046,0.6983830371443825,0.6598371596369461
813,0.6917046048495223,0.6814139516562763,0.6859021460007727,0.6841598933438373,0.7052260004696507,0.6913637293296873,0.6913031292372721,0.6908107534863991,0.7050442001924053,0.6903411027701817
814,0.6674113102061969,0.6583303233506603,0.660065643796033,0.6753223298836315,0.6863153100805628,0.6694960503792579,0.6724798592898534,0.6678706597358544,0.6873831995854076,0.6692408561961147
815,0.643347045390559,0.6378139956830482,0.6442268589482905,0.643812369005537,0.6527825570119186,0.6485281696749773,0.6497794600681953,0.644054806519223,0.6578893859292395,0.6567671348578221
816,0.6638111395987554,0.6612434476304958,0.657542167208101,0.6666336987697903,0.6805106473626951,0.6666945625794083,0.6667554263890263,0.662860142573474,0.6819561628411226,0.6667097785318128
817,0.6336940220283498,0.6183419070810018,0.6218977278224831,0.6469739239812291,0.6551821451032881,0.638531873377304,0.6391527309670865,0.6340729870506846,0.6590685523536147,0.6357984873651449
818,0.6519760780214857,0.6485025187234277,0.6523336503021683,0.6550881356731396,0.6653202040126682,0.6565891533788616,0.6570056661453708,0.6505693650930867,0.6693281570488891,0.65753220115209
819,0.6383624021952442,0.623690626884945,0.625181591891869,0.6421768938653799,0.6533655030626375,0.640520266079909,0.64215990281117,0.6386342590626035,0.6564748659830599,0.6344629552540587
820,0.6623058778066708,0.6618429632969174,0.6594519092204519,0.6699459798893835,0.6678125478009548,0.6683116904027758,0.6701633484417895,0.6612673391673979,0.672779821757787,0.6620321544443818
821,0.6470184182361304,0.6414474209677161,0.633396431366911,0.6503729972364659,0.6654286672736858,0.6506924809507836,0.6509800162936694,0.6482723918148272,0.6677848596667785,0.6433683168000511
822,0.6283459215668104,0.6218201195496038,0.6214223931544723,0.6316899124229647,0.6444094342245493,0.6322150657213907,0.6334275520133451,0.6270870982191125,0.6494447276153407,0.6275195774060516
823,0.6593852925668086,0.6575665410862073,0.6629196310532711,0.6601609365805944,0.6682230492362008,0.661635806478729,0.6625298985931423,0.655415370742555,0.6698049045155473,0.6604780718177581
824,0.6694492959961592,0.6544835235785413,0.6580883874545771,0.6671771142878428,0.682929251959705,0.6711172180880564,0.6720194687481893,0.6704384607107087,0.6862568186145072,0.6766755788062148
825,0.6626859904905339,0.6532317202986887,0.6539058988653299,0.667342159421547,0.6807547645894607,0.6610892517800679,0.6645902492489414,0.6625243453371287,0.6779161179930768,0.664799205178953
826,0.6334673749873607,0.6344668538582996,0.6321412181975157,0.6496612661102771,0.6559537050720636,0.6344862989725202,0.6351318767646441,0.6328684654693661,0.6567548437779523,0.6357307862826386
827,0.6620371522678813,0.6647252574026599,0.6638001841849814,0.6578141722876273,0.6803312011017912,0.6684006604110146,0.6702756967087306,0.6550596941865579,0.6854999958516896,0.6612904563971095
828,0.6734525046767824,0.6721180627728123,0.6773352733319477,0.6754687175223446,0.6952650176678445,0.6735647474537518,0.6761588027437123,0.6738890043649969,0.6962211598420287,0.6707004780710871
829,0.6529388923943115,0.6441901664806097,0.6384871135271563,0.6496222233008138,0.676244559853743,0.6604782475044088,0.6612871911857496,0.652890355773431,0.6832338332605284,0.6459091718034591
830,0.6639250453969756,0.6612126714784917,0.658652892435872,0.6533578502433889,0.6741870507988341,0.6677933255001297,0.6659621869897608,0.6610028535241786,0.6761478949536874,0.6539300810278791
831,0.648227567409415,0.6294291565931105,0.6313886878455166,0.6644235359337224,0.6652242874081831,0.6496481313232418,0.6518424983446003,0.6493401499869108,0.6664331141532823,0.6514074747070328
832,0.647371238481245,0.6430466868045731,0.6410469162237602,0.6562535846747983,0.6688486980461132,0.6533093717737927,0.6527205291935916,0.6451649906320499,0.6728482392077391,0.6488548158911024
833,0.6569414929188153,0.6424484700777221,0.6382205644142604,0.6585130255160423,0.676204841657874,0.6578071361697702,0.6599322346227579,0.6570566643384702,0.6762717153854155,0.6515247209879479
834,0.6770568767798045,0.6508846643919375,0.6426580124340456,0.6704635829549245,0.7044562456707458,0.6844796770910833,0.6873102610807529,0.6769884638737098,0.7082360587324799,0.6696682829215732
835,0.6426162703753552,0.6321481979961119,0.6206520113653358,0.6440406759383879,0.6572229699416778,0.6449379392851802,0.6462165395543592,0.6429564827276806,0.6597652160909226,0.6437378495588455
836,0.661031801669747,0.6587295264801478,0.6558815563061627,0.6405184500669173,0.6711172009432158,0.6585542667771334,0.658809189981518,0.6603068638072781,0.6721209610604806,0.6619957300363265
837,0.6693628098238201,0.6670275776210057,0.6656128569811748,0.6687742860376504,0.6831101218546044,0.6647904327158863,0.6597728901799524,0.6685554759120232,0.6794808918398914,0.6640434602180556
838,0.6541035162170354,0.639871930888148,0.6437140042437102,0.6561988481357988,0.6729084571082146,0.6554107305244014,0.6575325856320097,0.6542209760533495,0.6747802364352834,0.6558464686268566
839,0.6780970321504624,0.6653984185367743,0.667929951007401,0.677021130850446,0.6976307834348429,0.6817119116048427,0.6810045716498146,0.6769392283293375,0.700996232484029,0.6821251470522538
840,0.6473666053357866,0.632620656712193,0.633598117613757,0.6457699384332319,0.6598701436557922,0.6514400962423041,0.6505112872408181,0.6467518222348029,0.6635942254617507,0.6408030217252848
841,0.6631289760649524,0.6617169694039644,0.6579759191472707,0.6645026129797178,0.6818994559169985,0.6618013828456538,0.6563759007297926,0.6601591577073309,0.6799656207073846,0.6607423778499129
842,0.6613635475678844,0.6601523735104513,0.661629224457902,0.6618870873217425,0.6788982223090447,0.6659269388552451,0.6662238718499707,0.6615354561437781,0.6825942566907599,0.6573549521390897
843,0.6275181592315361,0.6132874934721717,0.6120610529980535,0.6421009320947604,0.6491509866911427,0.6322735832634394,0.6335791489294361,0.6269880204459496,0.6516671677928819,0.6205314047886566
844,0.6590488029835184,0.6364799294221438,0.6365761719533224,0.6493002365962225,0.6596302682760556,0.6610177647672134,0.662974696234511,0.6603360468380318,0.6626538877972491,0.6586959137025303
845,0.6533333851583514,0.6460804738879646,0.6494348481786097,0.6527309193239945,0.6596884279917288,0.6571464108583778,0.6582269624838695,0.652824204356411,0.6626424540182527,0.6540563441595796
846,0.6676183678325006,0.6613256540894435,0.6627573079983919,0.6678316801627737,0.6846095153707943,0.6694561356010075,0.6710887953596364,0.6689392634161149,0.68533969988596,0.661424105934185
847,0.6397836159011596,0.6405174105581105,0.6373561207860136,0.6393655235966177,0.6611489859128491,0.6372494645858753,0.6349115606788454,0.6398518758692481,0.6544936390242238,0.6342289609979608
848,0.6633057901683872,0.6420876345685794,0.6450059893031809,0.6648355421273089,0.6775542279902645,0.6712978858141256,0.6734113087199677,0.6640344251413399,0.6848939855188567,0.6632371229981613
849,0.6532281423889016,0.6372093909596768,0.6381926976141474,0.6569708057016541,0.6727646924308255,0.656543943898163,0.6593185456208552,0.6537159844500343,0.6752953731229514,0.6556521076301547
850,0.6698323853778495,0.6585889292880528,0.6627038607184346,0.6803931626510569,0.6848211456934659,0.6701869257577358,0.672050148605223,0.6570764751142827,0.6858244195344206,0.6665962614848453
851,0.6372059457845317,0.6256760343740668,0.6281520621122134,0.6489598195029695,0.6592372009688443,0.6460151298981386,0.6481800988752116,0.635439132021633,0.665176349580278,0.6468363250273732
852,0.6475450778729467,0.6465419826075564,0.6427875403285239,0.6540999983622935,0.6513158972175366,0.6446504315356775,0.64406904570839,0.6474017785493196,0.6509310361769378,0.6415019406822685
853,0.6393164966690504,0.6305280590161466,0.6397982611313937,0.6414919643193195,0.6563288042455493,0.6487033761150213,0.650720764801084,0.6364560201738869,0.6638413188302157,0.6378937859911927
854,0.6895295504132758,0.6838679110063545,0.6862129923078149,0.6884107595037505,0.6919940755840805,0.6895494577248332,0.6939370291920817,0.6895414948002102,0.694422767594082,0.6850942013982896
855,0.6309305271867001,0.616391309219088,0.6165895321077988,0.6368815230412562,0.6527307357516525,0.6326929872189329,0.630633192853634,0.6295214209995604,0.6542217166102162,0.635817152312744
856,0.6796452331833736,0.6698274219339017,0.6596782077730553,0.6787628729318387,0.694570791804406,0.6844381477891284,0.6865756965674944,0.6756891109288395,0.700892302338876,0.6750553028608356
857,0.6491898701185874,0.6488206420225012,0.6480821858303288,0.644385561009513,0.6701533382563746,0.6529255896789887,0.6533339125146606,0.6416228660787976,0.6731245384648799,0.6445071890882238
858,0.6727673580436091,0.6713952888381584,0.6731817151255971,0.6731895331837479,0.6848853481772197,0.6705470295288056,0.6738384320102573,0.6683892454792079,0.6839628173154352,0.669241413817636
859,0.6688153450217147,0.653755830786553,0.6558348077851054,0.6697522921023001,0.672543027183529,0.6728727682161815,0.6773202509248833,0.6576644683931157,0.6763631976837703,0.6659763551552196
860,0.6357483088831186,0.6360832244513174,0.6394861320146205,0.6421613218001092,0.6593288457403701,0.6376792418503878,0.6400277855878802,0.63571936556241,0.6602467624828408,0.6379149231761573
861,0.6424363461965197,0.6373039563066836,0.6397484627883837,0.6482344435616065,0.6590289260635214,0.6490934209490269,0.6486710904002119,0.6439252403347149,0.663502766623002,0.6377692357248695
862,0.6690329095877391,0.6709635261969823,0.6654389925151479,0.6680697228398309,0.6824114462227804,0.6678745396221932,0.6689692628863355,0.6699112340671091,0.681138512194708,0.6691602029905463
863,0.626072504008447,0.6179500215087403,0.6174807399006688,0.6264674826952407,0.6451761761370303,0.6340229165851942,0.6356341167729068,0.6063040162684291,0.65039302334676,0.6324625552383559
864,0.6588926599086024,0.6577241399842213,0.6597709105524048,0.6638681730898048,0.6718691853108858,0.6626177823426964,0.6634439333720359,0.6549963530269876,0.6752482174489052,0.6535412852230608
865,0.6366077892557158,0.6327388505281841,0.6315711627834562,0.6298118465813995,0.6522781587899641,0.6391533485392227,0.6407958959668065,0.6367790501249426,0.6551039631322056,0.6362029908375435
866,0.6602014098690836,0.6529466263846928,0.6581067472306144,0.6591258811681773,0.6689224572004028,0.6627432024169184,0.663766364551863,0.6599718026183283,0.671226586102719,0.6614018126888217
867,0.6555371428152428,0.6477793501932115,0.6532200705387193,0.6542649528153162,0.6684680192698289,0.6601529561002794,0.6642738251490332,0.6569853129880701,0.6709904017480697,0.6581548478871381
868,0.654257725984552,0.6527494423319653,0.6568495923664971,0.6459264433877638,0.6658675409419629,0.6576672408728993,0.6578815759182669,0.650554492700701,0.6683998698113057,0.6514872470648007
869,0.6769451145958987,0.675159513681671,0.679563995936766,0.6771157386832583,0.6965272046219287,0.6771157386832583,0.6796473239794298,0.6774411148498508,0.6968922608088375,0.6773736588153133
870,0.6581499166745819,0.652865444560534,0.6572389496679936,0.6517342912158604,0.6756784761378453,0.6613188729913393,0.662510469644507,0.6592378962274741,0.6789942233466596,0.6584953070088334
871,0.6507649613320644,0.62804405025632,0.6300154351842225,0.6606978622669727,0.6698789977527012,0.6599141067986788,0.6628092035284991,0.6474619918585401,0.6765169267188638,0.6442230024232439
872,0.6424312955258966,0.642516354525912,0.6432625539351386,0.6441518071171185,0.6487759236634139,0.6458607197537929,0.6474304449358964,0.642048530025827,0.6500518086636458,0.6401965636163994
873,0.6565854377365514,0.654231556741329,0.6533978097660855,0.6666408140472793,0.6724654091952597,0.6548520196066265,0.6584739715828007,0.6547744617484643,0.6723956071229137,0.6469294843953589
874,0.6465686045969509,0.6332851570391782,0.6340000310814801,0.6530685191228807,0.6534259561440315,0.6506286229350242,0.6511492377267005,0.6461917416507375,0.6569537041353909,0.6445716195005207
875,0.6589593298569797,0.6584881854552134,0.6588874603719646,0.6639382880688669,0.662964057271994,0.6604805672898018,0.6613430011099842,0.6520718375430219,0.6644254034673034,0.6589353733619746
876,0.6608104480866983,0.6541545739737288,0.6542678119075979,0.6609404620107702,0.6740341223640726,0.6659732590716168,0.6650086396349545,0.6604791222801926,0.6776912882282877,0.6597451727088192
877,0.6377429409607628,0.6333299996666333,0.6344717805113844,0.6388638863886389,0.6594576124279095,0.6418058472513918,0.6411391139113911,0.6298129812981298,0.6619078574524119,0.6417850118345167
878,0.6371795347456684,0.6353838162727711,0.6377991318220606,0.641212480985419,0.6504582050235596,0.6393351389455719,0.6408859867176195,0.6370793603680481,0.6522242421993841,0.6395317775386784
879,0.646265939583368,0.6419184026334602,0.6459666827378676,0.6473756837187651,0.6653061563783271,0.6503183760328517,0.6536018886432027,0.6485311476500025,0.6676503350014131,0.6393414686860962
880,0.6412875258274926,0.64016529595268,0.6410282380585828,0.6407567961755054,0.65864765223028,0.6425961187862091,0.6424664749017542,0.6413807073694445,0.6598063444475956,0.6451201231616902
881,0.649122604479335,0.6413799738320635,0.637566381897945,0.647233125529131,0.6708920187793427,0.6511660124682521,0.6545293619641346,0.6470945893942892,0.672931578542292,0.6585045793889017
882,0.6319863417119025,0.6282454352982378,0.6274295993250449,0.6245164679475955,0.6542845317499483,0.6362087903341346,0.6364555309699295,0.6318948088953978,0.657492160015282,0.6298134322418376
883,0.6471093578785887,0.6473328950252027,0.6469997808459347,0.6486522024983563,0.6545518299364453,0.6509051062897216,0.6533508656585579,0.6464781941705019,0.6577427131273285,0.6420863467017314
884,0.6413176463346132,0.6328880646973276,0.6370778476288675,0.6461191606583615,0.6593925776591079,0.6464731184450481,0.6471502550804484,0.6414561515554906,0.6636323763648535,0.6426411406674413
885,0.6461087080152342,0.6388706981232875,0.6428516035638582,0.6444499974149964,0.6632860564909439,0.6498009547279715,0.6509038895686491,0.6457080324676444,0.6671377117548727,0.6485127613007737
886,0.6428903382327458,0.6355333427855758,0.6218472832679554,0.6451864454841911,0.6602627723427383,0.6465255131780014,0.6483765773429746,0.6409723206830821,0.6624604187343447,0.6444342045150212
887,0.6455445992742197,0.6395882215365116,0.6306479965597109,0.6487660980633285,0.6521233977381607,0.6484643183172761,0.6495280919221107,0.6418779753596837,0.6540472436192445,0.6453710759202396
888,0.6428834620359845,0.6433773666261613,0.636956606953863,0.6437928736623417,0.6548234095096233,0.6500097996942495,0.6522833287601427,0.6433303280937634,0.6608678609227392,0.6421857238054173
889,0.6380046215661591,0.6344004897480556,0.628839090172274,0.6409577678525238,0.6503819689941196,0.6407680767042025,0.641820000344893,0.6380520443532394,0.6526237734742796,0.6287269999482661
890,0.6608439819788042,0.6593168299369899,0.6579500088182008,0.6522742941431113,0.6803883214955668,0.6645396097545334,0.6664796139231374,0.6617578682400475,0.683522791040708,0.6618781164323163
891,0.6486028657570012,0.6466757840425201,0.6410616044509371,0.6421067354614117,0.6524647996767475,0.6575233891772604,0.6579119137164703,0.6454635874801853,0.6596136511982097,0.653778012619277
892,0.6643658291457286,0.6531698492462311,0.6532140703517588,0.6676422110552764,0.6794693467336683,0.6670954773869346,0.6680844221105527,0.6628663316582915,0.6827819095477387,0.6721085427135678
893,0.6599334948535749,0.6502341501487829,0.650766679132994,0.6528317533618433,0.6840436429860648,0.659986341241321,0.6588887624189012,0.6599212995333258,0.6843038098180458,0.6685515211629457
894,0.6678868853361434,0.6673482066324324,0.6672774313282952,0.670784740844428,0.6815583149186477,0.6746144711905192,0.675801923515488,0.6667898681220166,0.6870551968733043,0.6657007148305718
895,0.6582054947064006,0.6549977562451178,0.6564603520202105,0.6604118536739408,0.675494872604584,0.6622400983928067,0.663943690062659,0.6587830538334968,0.6778383499260392,0.6591694782854388
896,0.6353396520657083,0.6303218351796637,0.633222634313464,0.6425552889082814,0.6565906317924353,0.6406968382097463,0.641941192155722,0.6333519178403186,0.6609135497216364,0.6386606226617862
897,0.659074243066193,0.6493660984910211,0.6465143564840465,0.6597382915621028,0.6860883877065476,0.6637062868689503,0.6660202718117524,0.654711077795522,0.6899993481732556,0.6645007007137503
898,0.6557373604948232,0.6578425440365739,0.6577963224418448,0.6460854511227646,0.6713308457711443,0.6609604006992067,0.6626411859620814,0.6538590829635605,0.6757597149388194,0.6613679911254539
899,0.6400897449928861,0.6398513109961069,0.6438499663847153,0.6327960099438703,0.656256351725324,0.6463046639253271,0.6454838255757595,0.6360480933097766,0.6611891993308213,0.639894307290608
900,0.675796488946684,0.6741710013003901,0.6715916090616658,0.6694699199233455,0.6865632058038464,0.6673653411813018,0.6677845458900828,0.6766905071521456,0.6823711587160358,0.6652735952364657
901,0.6519815564161789,0.6485429221444574,0.649836751706292,0.6490335353675691,0.6692311700039943,0.6518295965683125,0.654443305951616,0.6513520084750178,0.6697521751966795,0.6531885517792327
902,0.6599152328732589,0.6534237726098191,0.6572603516732842,0.673898657591227,0.6675568790571627,0.6620422890275415,0.6645474884981408,0.6599309888447722,0.6695578874393395,0.659678893300561
903,0.6671915711165113,0.6558176666169543,0.654049952188369,0.6672135030573125,0.6779513812736316,0.6606163752642799,0.6635728008842958,0.6671345480704278,0.6708366596776882,0.6616734948109028
904,0.6518027200761859,0.6369226534134873,0.6390430629129219,0.6546708529254212,0.6672445092554015,0.6589339920242843,0.6619620855901435,0.6516055591929052,0.6728394143205761,0.6528517647759062
905,0.6572922989602138,0.6475093218134376,0.650087108700622,0.6641703388962027,0.6705005005794108,0.6641388063348915,0.6666377618187982,0.6575012021789,0.6756876069150907,0.6651439067266837
906,0.6476624082631149,0.6422299235903476,0.646896046631029,0.6573495213071184,0.6693998973150916,0.6461674368034792,0.6503880885506327,0.6470508290296276,0.6708269155265622,0.6486288544592431
907,0.6504034281743427,0.6408369686908852,0.6440798363123963,0.652750646643246,0.6665251129212832,0.6531753078793963,0.6541481681658495,0.6477164807165193,0.6694745782341813,0.6441724896730109
908,0.6489044653857681,0.6450792514401785,0.6463154740101895,0.655014818021378,0.671614331857081,0.6541823449102594,0.6553228330724917,0.6490293363524359,0.6741367253837701,0.6481635643168726
909,0.6676827430293896,0.6686661642803315,0.6644348153730218,0.6639487565938207,0.6795629238884703,0.6726375282592314,0.6740316503391107,0.6655990957045969,0.6836171816126602,0.6651281085154483
910,0.6531418082472467,0.6454324255101169,0.6465935285580124,0.6633313412447708,0.6740630069153931,0.6483992145479381,0.6536924784427559,0.6515239477503628,0.6704089473234868,0.6421369418594723
911,0.6347228921378699,0.6190310515786727,0.6255426316746662,0.634204970466604,0.6528817794365328,0.6354384938363368,0.6390441775324788,0.635754781879858,0.6526287490017159,0.6363596827630923
912,0.6713466858837367,0.6598744263870252,0.6608187134502924,0.6716365985785995,0.6845501383297715,0.6774100028162947,0.6769792753839272,0.6695575103954409,0.6889733777313918,0.6728459486771697
913,0.6589198707125283,0.6544374226124431,0.6599249039188255,0.6598163603325454,0.6739350668146076,0.6651470564587454,0.6659028414298809,0.6589158505797031,0.6785903806261759,0.6611068229694309
914,0.6582431173084126,0.6469991377583459,0.6469163973975979,0.6640305878049417,0.673097189440588,0.6607645209333113,0.662001271588702,0.6583606957157913,0.6748390917721243,0.662275621205919
915,0.6479611445624242,0.6464388795526651,0.6395962229741441,0.6513787048689872,0.6619667362487471,0.6517630391041245,0.6540162927571836,0.6473092835557699,0.6662471645930201,0.6484886621400634
916,0.6795851151883018,0.6706873361843013,0.669415609049524,0.6876551938198372,0.6973720513174231,0.6784987584494413,0.679964477859015,0.680412815560767,0.6954235066905781,0.6688336322251345
917,0.6551333333333333,0.6544875,0.6503583333333334,0.6594833333333333,0.656525,0.6489666666666667,0.6492,0.6551083333333333,0.6518666666666667,0.6479583333333333
918,0.6294096045413858,0.6308785163990238,0.6168970767123917,0.631486737715077,0.6450053171549014,0.6307905346992173,0.6279062650620845,0.6272865678721434,0.6452042323022898,0.6236946193452632
919,0.6586898127731228,0.6564406847612556,0.6524395622018202,0.6610672332919055,0.6588942789560197,0.6656857635408732,0.6673295112857315,0.6588060778575151,0.6637293028104078,0.6584813374493846
920,0.6506319576281828,0.6509163570283587,0.6557585338287546,0.6551380260465529,0.6471748428416302,0.6553891839583964,0.65613527069652,0.6490806881726785,0.6506467316229972,0.6481647004941902
921,0.6459086674351403,0.6454270555353787,0.6409978051129814,0.6590661466310853,0.6651297194018538,0.6456757567623048,0.6462836930947907,0.644894124334823,0.6640322758925611,0.6412741398095659
922,0.655680692784265,0.6517576790498784,0.6533199751260969,0.6487866295093546,0.6648855723684716,0.6612082268131463,0.662674558756919,0.656072226444644,0.6697068103825514,0.6525177149788495
923,0.6145673013070415,0.6139501089852264,0.6103016429815858,0.6149423042367519,0.6299346088641318,0.6154735583871749,0.6157782482675646,0.6109735232306502,0.631504933632294,0.6104266439581559
924,0.6796904401579027,0.68065130878314,0.682244749253325,0.6774364025078671,0.6794702410979525,0.6863644734840295,0.6884063193126586,0.6798706030251347,0.6840744032605476,0.6733887434240553
925,0.6868224416956673,0.6865849948429512,0.684600087558527,0.6832162176200405,0.7052913547084969,0.6891078676530604,0.6906512721957155,0.6861175213516663,0.7073319135990265,0.6869485853361728
926,0.6224536441815948,0.6029399160023999,0.6038648895745836,0.6396531527670638,0.6416602382789063,0.6226750664266735,0.6245535841833091,0.6222965058141195,0.642138796034399,0.6151752807062655
927,0.6456203329243726,0.64395040971812,0.6475136698929128,0.6473167628481846,0.6575937959134215,0.6504748489117099,0.65020220838824,0.6447115311794732,0.6630693264264401,0.6409854440253858
928,0.6684704765617716,0.6657541676907561,0.6692798603283301,0.674975209973642,0.6796111567831444,0.6731699875414227,0.6740344602554432,0.6638472425862989,0.6829080184081837,0.670665559237569
929,0.6490100769682544,0.6481561620969986,0.6515215912954777,0.6472674724119811,0.6615096905814349,0.6530014528144416,0.6531405520694878,0.6492380451918024,0.6648171617569781,0.6480557015239096
930,0.6567901234567901,0.6553011597456042,0.6494014216236439,0.6503928170594837,0.6736849981294426,0.6595585484474373,0.6612495323606434,0.6560718294051627,0.6760718294051627,0.6477964833520389
931,0.6581558711026285,0.6427287342303458,0.6433702116875609,0.6548138527452859,0.6707557554782967,0.6613632583887037,0.6607297004062691,0.6583142605982372,0.6719278377458007,0.6578470115861916
932,0.6225651850572036,0.6144935810277867,0.608705613689801,0.6216374576513097,0.6461414803073895,0.6224712855221941,0.6287362624980282,0.6225163572989987,0.6457283223533478,0.6166682942586068
933,0.6587243779046292,0.6587362537309888,0.6627542416493147,0.6544451218063924,0.665956756157616,0.6637082663668681,0.6652917098814792,0.6555060289611819,0.6708891827056299,0.6590648182602706
934,0.6539266590945968,0.6533181891935745,0.6507504462112608,0.6508031802693494,0.6737546649359079,0.6547460652279734,0.6561982800584131,0.6540483530748012,0.6741603115365893,0.6456514684406944
935,0.6391060946034768,0.6206681625529793,0.6219071794988026,0.6453918391091166,0.6654578696463513,0.6428684753292083,0.6457695881779651,0.6399220325921897,0.665812953771069,0.6440697173681467
936,0.6636693599868678,0.665014500155033,0.6648275484706441,0.6675816659674978,0.6667973808524997,0.6662958031626753,0.6673263173254054,0.6623743775876849,0.6704178598135955,0.6547686358910756
937,0.6535464376590331,0.6526301042045317,0.6542204349933357,0.6591921119592875,0.675557373076457,0.6571776929601357,0.6572382769901853,0.6524597116200169,0.6773824669817036,0.6596464921846601
938,0.6438830134482308,0.6366978391434913,0.6306673521347435,0.6510967489228359,0.6594039691865778,0.6467309701005353,0.6480447839143492,0.6436545240893067,0.6613787700744223,0.6407168037602821
939,0.6668061950606948,0.6661701097349781,0.662493126174706,0.6654847790937221,0.6788302596048884,0.6717963870353499,0.6724529912425414,0.6667979875081049,0.6811119592248788,0.6650251561486881
940,0.6664111622984499,0.6658119591608044,0.6655240303803772,0.6724537757579531,0.6697301251322916,0.6711619871754965,0.6709907862790263,0.6639793313826807,0.6732163979331383,0.6704810745190811
941,0.6306718605027908,0.6260032989204872,0.6265408462320142,0.630241086287389,0.6506531568018145,0.6307049969808987,0.6335547340981723,0.6306755423336917,0.6519344339553172,0.6357012415133798
942,0.6422537628631341,0.6399628377622064,0.6429999925377032,0.6376831061063974,0.6606072817091645,0.6462498227704523,0.6474139410627803,0.6422574940115069,0.6629653674808033,0.6408881625586723
943,0.6620772887367307,0.6567490127500965,0.6500619853369786,0.666551726968958,0.6685960115924895,0.6692117599730713,0.6678981634278301,0.6620526588015073,0.6726517409259214,0.6618638292981289
944,0.676767406376315,0.6696870733731295,0.6755672743171739,0.6838432779220316,0.6887330353079744,0.6786233726833882,0.6785609122788232,0.6725290217808354,0.6892684102042456,0.6719044177351857
945,0.629976001686368,0.6294449579218757,0.6252898444974136,0.6427737510337111,0.6488300822104393,0.628245042240275,0.6301097760697897,0.6301989589920708,0.6465761865382432,0.6390807672974331
946,0.6436835658118307,0.6410637373058837,0.6368909787805745,0.63866123997313,0.6628916900462323,0.6506026000711266,0.652341249456672,0.6430868929545185,0.6679811909748291,0.6423400640139092
947,0.6276291401402208,0.6279756628253687,0.6254653880248207,0.627004593440245,0.6410427915222822,0.6310339269884762,0.6312918043355629,0.6257071480377145,0.6451204770730921,0.6199089370618099
948,0.6402387072550831,0.6352277322088724,0.6364371534195934,0.6396791243068392,0.655621823012939,0.63112292051756,0.6307546788354899,0.6397874306839186,0.6519538470425139,0.6426070067005545
949,0.6568038651557219,0.642166936478246,0.6451949773106636,0.663426131740746,0.6768216475561781,0.6616227279208851,0.6631577181489527,0.6561202492891234,0.6793883525277011,0.6672803831604023
950,0.6598649512545949,0.6599089020297267,0.6638884449416653,0.6518299504554899,0.6773853284321559,0.6653428160460284,0.6656065206968196,0.6595812689787438,0.6828831708486495,0.6533362633850088
951,0.6418685121107266,0.6281520682090599,0.6355436446012469,0.6556000331697461,0.6536701570285939,0.6412164250552201,0.643937851957392,0.6362334245501353,0.6540847788557945,0.6359771128751385
952,0.6412966680048173,0.6425772782015254,0.6440586109995986,0.6522521075873143,0.6604897631473304,0.6464311521477318,0.6471778402248093,0.6396065837013247,0.6639100762745885,0.6373705339221196
953,0.6294556072693248,0.6230993845434086,0.620852927653602,0.6456889806651448,0.6514482992264444,0.6388245827720552,0.6407846869882958,0.6299839481177353,0.6583288296645238,0.6141619546191509
954,0.6296766036008781,0.6161519784660973,0.614709144927199,0.6392373150884705,0.6473978574697664,0.6321084762591825,0.6324420345504332,0.6293469238944094,0.650547268312738,0.6314995384484109
955,0.6626209753937631,0.6588572964766904,0.6509385476627237,0.6621781896388134,0.6804747295844139,0.6609051805933329,0.6598298437598836,0.6627791131633879,0.680284964260864,0.665688848124486
956,0.647082611648189,0.6468117412768295,0.6494975545365065,0.6567194927475412,0.6618545845764121,0.6511342219916221,0.6530875407259326,0.6464416789384934,0.6659290853737629,0.6482423946466859
957,0.6449629135434245,0.6467407087633923,0.6496880028256348,0.6408068757113143,0.6596365919704879,0.6496919273183941,0.649754719202543,0.6453357403555591,0.6637494603822456,0.6449472155723873
958,0.6718666264737406,0.660897307073955,0.6567314777599143,0.6762543542336549,0.6747638665594855,0.6726034967845659,0.6730556672025724,0.6714563236870311,0.6757686897106109,0.6665326902465166
959,0.631660794557162,0.6299842060502977,0.6251083302960353,0.6364556756975661,0.6481836957842303,0.6321305633175394,0.6353784473332523,0.6211800915239136,0.648110800631758,0.6368687482282428
960,0.6312082017856536,0.6317004447160267,0.6325194351088027,0.6300794378246257,0.6463149675798622,0.6356129273177853,0.6379977594459721,0.6313100451505584,0.6507791017415215,0.6311148453678243
961,0.6739112662584511,0.6687894964887469,0.6688099345165589,0.6732122857072784,0.6712747606706944,0.6746756484986225,0.6755340456667294,0.6676694925646455,0.6712829358818192,0.6750803214493014
962,0.6685442228826645,0.664318683690581,0.6603463447840742,0.6720184628667253,0.6844045227382158,0.6744425442892958,0.6756960932441183,0.661915356389779,0.6901243586976373,0.654912915705059
963,0.6654494911421033,0.6623869204673954,0.6662936612639779,0.6778018595300918,0.682482095740671,0.672509109184571,0.6750455459228546,0.6676875235582359,0.6886779117979646,0.6635098630481217
964,0.6441550528091994,0.6438972564214737,0.6470728391975501,0.6457643272295481,0.6596150240609961,0.6426317105180926,0.6433269795637773,0.6426551465533404,0.6558886944565965,0.6459752515467784
965,0.6525729186229613,0.6523670562401583,0.655404429291689,0.6516086158824634,0.6722309703702634,0.654794065384782,0.655754756504529,0.6522225914101212,0.6737695208101587,0.6509838054925529
966,0.6702978115364367,0.6694517560351959,0.6710310596375122,0.6733248101075431,0.6811686846657141,0.6750470030834023,0.6774986839136647,0.6700007520493344,0.683567722042566,0.6764721365721591
967,0.633121885974861,0.610399768476875,0.6139547434864567,0.644244382044443,0.6453550673059625,0.6408184655335591,0.638526699465776,0.6306658636360081,0.6503296858012186,0.6423906326995127
968,0.6451416960134212,0.6445306568129063,0.6384274960408999,0.648713925185662,0.6620700127992827,0.6510206885580198,0.6483595947616947,0.6437749929495477,0.6653385301795515,0.6597053995617873
969,0.6531104962847996,0.6506174505702139,0.6556860186997173,0.6561846278426344,0.6767588156345832,0.6561471384333926,0.6546550599455654,0.6523607080999617,0.6786857712696164,0.6498714113263003
970,0.6389300847457627,0.630031779661017,0.6332097457627118,0.6478283898305085,0.6573849878934624,0.6431371065375303,0.6458535108958838,0.6394748789346247,0.6618417070217918,0.6370157384987893
971,0.6457032313416213,0.630948943647448,0.6284658345638885,0.6517377638818997,0.65952532193798,0.6478274857901815,0.6505910789562692,0.6428942657504186,0.6617526955345284,0.643962580123578
972,0.6419626904682026,0.6410771547385914,0.6372775432820217,0.6365870594752323,0.6622246842109369,0.646659540769753,0.649873996457857,0.6419314821605512,0.6673506487426953,0.6498271839963798
973,0.6719844806051856,0.668999300209937,0.6627897706637376,0.6726488382599144,0.6887705840146691,0.6777776793544216,0.6797618942165452,0.6723210884835815,0.693527384822528,0.6710366636844389
974,0.6462225066246626,0.6422066894735546,0.6410212235321142,0.6529989416947651,0.6587416832795977,0.6496025202431641,0.6503983001484909,0.6449180838932507,0.6610551877466302,0.6372966454185228
975,0.6562393958285656,0.6547163408802152,0.6587646682817888,0.6592855057252661,0.6689841302409267,0.65713113266361,0.6577072104420016,0.6534537046536036,0.6700100221750487,0.6560578918709902
976,0.6481996782825472,0.6464157473831869,0.6437779692157566,0.6487180855524468,0.6727096690579473,0.6473763255597655,0.648611354643938,0.6456457601146595,0.6709714799765192,0.6422989837692783
977,0.6865240225637036,0.6815444466057188,0.6757751410231473,0.6833378720093367,0.6978642287492706,0.6906827465473643,0.6926979186928613,0.6855475588406925,0.7011709784088699,0.6778720093367049
978,0.6464698445629448,0.645331215456181,0.6480825647924534,0.6422516491887774,0.6662965784397945,0.6545456018931228,0.6561340097573626,0.6466116666936804,0.6712400927111529,0.6422557012496556
979,0.6407594767640847,0.6292396049852662,0.6324534822568931,0.6483016536859416,0.6599133505296637,0.6426251951282629,0.6452463833446028,0.6398537477148081,0.6623926272820616,0.640367133304951
980,0.6416537452290076,0.6446803435114504,0.6422575739503816,0.6512404580152672,0.6649272423664122,0.6438379651717557,0.6445088859732825,0.6416388358778626,0.6663734494274809,0.6479604007633588
981,0.6474479373227474,0.6435567993893907,0.6478183437221727,0.6601016185637211,0.666836280371454,0.6519152629885436,0.6521696835457246,0.6477173237950568,0.6698144974819847,0.644589447533243
982,0.6462725602177676,0.6463221221663908,0.6467109928402046,0.6447323273528582,0.660554026336457,0.6516938749056417,0.6518768728697893,0.6447170775225126,0.6642673600256197,0.6461886861508666
983,0.6505710654486212,0.6434103567986216,0.6426767999863524,0.644327302813958,0.671997748151181,0.6560556820798894,0.6584013579330757,0.6496242653769715,0.6759640727756595,0.6501275194691096
984,0.6911926070706031,0.6845317697081919,0.6774851695641738,0.6890409079998628,0.7075660940232487,0.695838905462401,0.6969533312759318,0.6912783321331825,0.7116208894832493,0.69315142475054
985,0.6521813822516676,0.65112448929289,0.6491152722899846,0.6591352150758498,0.6740586930379511,0.657148405697512,0.6577235347280834,0.6528610801968884,0.6769418073989977,0.6532494790227288
986,0.6532258695261112,0.6514895547369327,0.6544968206668388,0.6512588282221544,0.6711560571576057,0.6576174945446867,0.6597292287477416,0.6532845288095294,0.674558295595861,0.6548292232728752
987,0.66517614836711,0.6299924012792572,0.6383175931260803,0.6647962123299682,0.6811710380186544,0.6686039229439615,0.6699483119984636,0.6652387751864192,0.6843023789841095,0.6544210359310938
988,0.640685212443974,0.6251137059027835,0.6290375932388402,0.6436084878355358,0.665539255412401,0.6421117046788946,0.6438317648810016,0.6394323801333046,0.6673916279377471,0.6428187486562029
989,0.6597685037519515,0.6519666269368296,0.6550009232990314,0.6640450569927311,0.6697107555943528,0.660872265775823,0.6624166932464872,0.659865030468868,0.6716161090500092,0.657854756668737
990,0.6593427153664687,0.6587448141218579,0.6546652566501261,0.6548604897095909,0.676653379972342,0.6652729195477101,0.6669079964207273,0.6593020418124136,0.6826974701049378,0.6582119905637355
991,0.6620549839255571,0.6569612092731298,0.6510870395032615,0.6654395236196762,0.6828542103164842,0.6656346223990364,0.6660417850690056,0.6624197338174045,0.6864168836787147,0.6620719490368058
992,0.6370152770748988,0.6244899734311741,0.6257591093117408,0.631571039979757,0.6593338815789473,0.6384583755060729,0.641115258097166,0.6356828820850202,0.6610972292510121,0.6368334071356275
993,0.6463343194399696,0.6348415394979643,0.6254686447379983,0.6485823496675551,0.6634911103951261,0.6514088632436074,0.6528880231979145,0.6462537711256261,0.6681702352010779,0.6443352567294456
994,0.6315582575663221,0.6299819404658115,0.6365869037240005,0.6356411134636941,0.6539341761115954,0.6346758624984431,0.6368321086063021,0.6318190310125794,0.6560281479636318,0.6325079399676173
995,0.6396966157440138,0.642009651738235,0.6377101712107706,0.6545891863646144,0.6528448037377432,0.6422478713921249,0.6450450311990902,0.6321965388989641,0.6545584483447576,0.6442919497125995
996,0.6387265194937858,0.6260630578773704,0.6304895943962966,0.64758769974138,0.6547869019919415,0.6441178139719652,0.6478309160336287,0.6376725822273748,0.6584270391659303,0.6552652273666972
997,0.6558020965044663,0.6569033731696374,0.6548884447526206,0.651295019782192,0.6683607292898804,0.6591181629073704,0.6601215483134152,0.6551454093078273,0.6712566790390342,0.6569767916139821
998,0.6612681325577466,0.653045626061001,0.6547190911797125,0.6556121422767172,0.6774959169060204,0.6647920639134948,0.6667149396989371,0.661026767396394,0.6805773454659555,0.6610509039125293
999,0.6492730696798493,0.6399435028248588,0.644286252354049,0.6592617702448211,0.6664256120527307,0.6502598870056497,0.6520828625235405,0.6494613935969868,0.6657777777777778,0.6491299435028248
